The system is: Linux - 4.18.0-553.78.1.el8_10.x86_64 - x86_64
Compiling the C compiler identification source file "CMakeCCompilerId.c" succeeded.
Compiler: /rds/bear-apps/2022a/EL8-ice/software/GCCcore/11.3.0/bin/cc 
Build flags: 
Id flags:  

The output was:
0


Compilation of the C compiler identification source "CMakeCCompilerId.c" produced "a.out"

The C compiler identification is GNU, found in "/rds/projects/b/bishopjw-dli-neutron/John/Geant/AmBe/build/CMakeFiles/3.24.3/CompilerIdC/a.out"

Compiling the CXX compiler identification source file "CMakeCXXCompilerId.cpp" succeeded.
Compiler: /rds/bear-apps/2022a/EL8-ice/software/GCCcore/11.3.0/bin/c++ 
Build flags: 
Id flags:  

The output was:
0


Compilation of the CXX compiler identification source "CMakeCXXCompilerId.cpp" produced "a.out"

The CXX compiler identification is GNU, found in "/rds/projects/b/bishopjw-dli-neutron/John/Geant/AmBe/build/CMakeFiles/3.24.3/CompilerIdCXX/a.out"

Detecting C compiler ABI info compiled with the following output:
Change Dir: /rds/projects/b/bishopjw-dli-neutron/John/Geant/AmBe/build/CMakeFiles/CMakeTmp

Run Build Command(s):/usr/bin/gmake -f Makefile cmTC_b4799/fast && /usr/bin/gmake  -f CMakeFiles/cmTC_b4799.dir/build.make CMakeFiles/cmTC_b4799.dir/build
gmake[1]: Entering directory '/rds/projects/b/bishopjw-dli-neutron/John/Geant/AmBe/build/CMakeFiles/CMakeTmp'
Building C object CMakeFiles/cmTC_b4799.dir/CMakeCCompilerABI.c.o
/rds/bear-apps/2022a/EL8-ice/software/GCCcore/11.3.0/bin/cc   -v -o CMakeFiles/cmTC_b4799.dir/CMakeCCompilerABI.c.o -c /rds/bear-apps/2022a/EL8-ice/software/CMake/3.24.3-GCCcore-11.3.0/share/cmake-3.24/Modules/CMakeCCompilerABI.c
Using built-in specs.
COLLECT_GCC=/rds/bear-apps/2022a/EL8-ice/software/GCCcore/11.3.0/bin/cc
OFFLOAD_TARGET_NAMES=nvptx-none
Target: x86_64-pc-linux-gnu
Configured with: ../configure --enable-languages=c,c++,fortran --without-cuda-driver --enable-offload-targets=nvptx-none --enable-lto --enable-checking=release --disable-multilib --enable-shared=yes --enable-static=yes --enable-threads=posix --enable-plugins --enable-gold --enable-ld=default --prefix=/rds/bear-apps/2022a/EL8-ice/software/GCCcore/11.3.0 --with-local-prefix=/rds/bear-apps/2022a/EL8-ice/software/GCCcore/11.3.0 --enable-bootstrap --with-isl=/dev/shm/branfosj-admin/build-2022a/GCCcore/11.3.0/system-system/gcc-11.3.0/stage2_stuff --build=x86_64-pc-linux-gnu --host=x86_64-pc-linux-gnu
Thread model: posix
Supported LTO compression algorithms: zlib
gcc version 11.3.0 (GCC) 
COLLECT_GCC_OPTIONS='-v' '-o' 'CMakeFiles/cmTC_b4799.dir/CMakeCCompilerABI.c.o' '-c' '-mtune=generic' '-march=x86-64' '-dumpdir' 'CMakeFiles/cmTC_b4799.dir/'
 /rds/bear-apps/2022a/EL8-ice/software/GCCcore/11.3.0/libexec/gcc/x86_64-pc-linux-gnu/11.3.0/cc1 -quiet -v /rds/bear-apps/2022a/EL8-ice/software/CMake/3.24.3-GCCcore-11.3.0/share/cmake-3.24/Modules/CMakeCCompilerABI.c -quiet -dumpdir CMakeFiles/cmTC_b4799.dir/ -dumpbase CMakeCCompilerABI.c.c -dumpbase-ext .c -mtune=generic -march=x86-64 -version -o /tmp/ccWFnxkB.s
GNU C17 (GCC) version 11.3.0 (x86_64-pc-linux-gnu)
	compiled by GNU C version 11.3.0, GMP version 6.2.1, MPFR version 4.1.0, MPC version 1.2.1, isl version isl-0.24-GMP

GGC heuristics: --param ggc-min-expand=100 --param ggc-min-heapsize=131072
ignoring nonexistent directory "/rds/bear-apps/2022a/EL8-ice/software/GCCcore/11.3.0/lib/gcc/x86_64-pc-linux-gnu/11.3.0/include-fixed"
ignoring nonexistent directory "/rds/bear-apps/2022a/EL8-ice/software/GCCcore/11.3.0/lib/gcc/x86_64-pc-linux-gnu/11.3.0/../../../../x86_64-pc-linux-gnu/include"
#include "..." search starts here:
#include <...> search starts here:
 /rds/bear-apps/2022a/EL8-ice/software/libarchive/3.6.1-GCCcore-11.3.0/include
 /rds/bear-apps/2022a/EL8-ice/software/Geant4/11.1.2-GCC-11.3.0/include
 /rds/bear-apps/2022a/EL8-ice/software/Qt5/5.15.5-GCCcore-11.3.0/include
 /rds/bear-apps/2022a/EL8-ice/software/nodejs/16.15.1-GCCcore-11.3.0/include
 /rds/bear-apps/2022a/EL8-ice/software/ICU/71.1-GCCcore-11.3.0/include
 /rds/bear-apps/2022a/EL8-ice/software/bzip2/1.0.8-GCCcore-11.3.0/include
 /rds/bear-apps/2022a/EL8-ice/software/JasPer/2.0.33-GCCcore-11.3.0/include
 /rds/bear-apps/2022a/EL8-ice/software/snappy/1.1.9-GCCcore-11.3.0/include
 /rds/bear-apps/2022a/EL8-ice/software/NSS/3.79-GCCcore-11.3.0/include/nss
 /rds/bear-apps/2022a/EL8-ice/software/NSS/3.79-GCCcore-11.3.0/include
 /rds/bear-apps/2022a/EL8-ice/software/NSPR/4.34-GCCcore-11.3.0/include
 /rds/bear-apps/2022a/EL8-ice/software/libjpeg-turbo/2.1.3-GCCcore-11.3.0/include
 /rds/bear-apps/2022a/EL8-ice/software/libGLU/9.0.2-GCCcore-11.3.0/include
 /rds/bear-apps/2022a/EL8-ice/software/Mesa/22.0.3-GCCcore-11.3.0/include
 /rds/bear-apps/2022a/EL8-ice/software/LLVM/12.0.1-GCCcore-11.3.0/include
 /rds/bear-apps/2022a/EL8-ice/software/libunwind/1.6.2-GCCcore-11.3.0/include
 /rds/bear-apps/2022a/EL8-ice/software/libglvnd/1.4.0-GCCcore-11.3.0/include
 /rds/bear-apps/2022a/EL8-ice/software/libdrm/2.4.110-GCCcore-11.3.0/include
 /rds/bear-apps/2022a/EL8-ice/software/zstd/1.5.2-GCCcore-11.3.0/include
 /rds/bear-apps/2022a/EL8-ice/software/lz4/1.9.3-GCCcore-11.3.0/include
 /rds/bear-apps/2022a/EL8-ice/software/libevent/2.1.12-GCCcore-11.3.0/include
 /rds/bear-apps/2022a/EL8-ice/software/DBus/1.14.0-GCCcore-11.3.0/include
 /rds/bear-apps/2022a/EL8-ice/software/fontconfig/2.14.0-GCCcore-11.3.0/include
 /rds/bear-apps/2022a/EL8-ice/software/X11/20220504-GCCcore-11.3.0/include
 /rds/bear-apps/2022a/EL8-ice/software/graphite2/1.3.14-GCCcore-11.3.0/include
 /rds/bear-apps/2022a/EL8-ice/software/HarfBuzz/4.2.1-GCCcore-11.3.0/include
 /rds/bear-apps/2022a/EL8-ice/software/freetype/2.12.1-GCCcore-11.3.0/include/freetype2
 /rds/bear-apps/2022a/EL8-ice/software/cairo/1.17.4-GCCcore-11.3.0/include
 /rds/bear-apps/2022a/EL8-ice/software/libpciaccess/0.16-GCCcore-11.3.0/include
 /rds/bear-apps/2022a/EL8-ice/software/pixman/0.40.0-GCCcore-11.3.0/include
 /rds/bear-apps/2022a/EL8-ice/software/Brotli/1.0.9-GCCcore-11.3.0/include
 /rds/bear-apps/2022a/EL8-ice/software/libpng/1.6.37-GCCcore-11.3.0/include
 /rds/bear-apps/2022a/EL8-ice/software/PCRE2/10.40-GCCcore-11.3.0/include
 /rds/bear-apps/2022a/EL8-ice/software/GLib/2.72.1-GCCcore-11.3.0/include
 /rds/bear-apps/2022a/EL8-ice/software/util-linux/2.38-GCCcore-11.3.0/include
 /rds/bear-apps/2022a/EL8-ice/software/PCRE/8.45-GCCcore-11.3.0/include
 /rds/bear-apps/2022a/EL8-ice/software/libxml2/2.9.13-GCCcore-11.3.0/include/libxml2
 /rds/bear-apps/2022a/EL8-ice/software/libxml2/2.9.13-GCCcore-11.3.0/include
 /rds/bear-apps/2022a/EL8-ice/software/gettext/0.21-GCCcore-11.3.0/include
 /rds/bear-apps/2022a/EL8-ice/software/ncurses/6.3-GCCcore-11.3.0/include
 /rds/bear-apps/2022a/EL8-ice/software/XZ/5.2.5-GCCcore-11.3.0/include
 /rds/bear-apps/2022a/EL8-ice/software/libffi/3.4.2-GCCcore-11.3.0/include
 /rds/bear-apps/2022a/EL8-ice/software/double-conversion/3.2.0-GCCcore-11.3.0/include
 /rds/bear-apps/2022a/EL8-ice/software/Xerces-C++/3.2.4-GCCcore-11.3.0/include
 /rds/bear-apps/2022a/EL8-ice/software/cURL/7.83.0-GCCcore-11.3.0/include
 /rds/bear-apps/2022a/EL8-ice/software/OpenSSL/1.1/include
 /rds/bear-apps/2022a/EL8-ice/software/CLHEP/2.4.6.2-GCC-11.3.0/include
 /rds/bear-apps/2022a/EL8-ice/software/expat/2.4.8-GCCcore-11.3.0/include
 /rds/bear-apps/2022a/EL8-ice/software/binutils/2.38-GCCcore-11.3.0/include
 /rds/bear-apps/2022a/EL8-ice/software/zlib/1.2.12-GCCcore-11.3.0/include
 /rds/bear-apps/2022a/EL8-ice/software/GCCcore/11.3.0/lib/gcc/x86_64-pc-linux-gnu/11.3.0/include
 /rds/bear-apps/2022a/EL8-ice/software/GCCcore/11.3.0/include
 /usr/include
End of search list.
GNU C17 (GCC) version 11.3.0 (x86_64-pc-linux-gnu)
	compiled by GNU C version 11.3.0, GMP version 6.2.1, MPFR version 4.1.0, MPC version 1.2.1, isl version isl-0.24-GMP

GGC heuristics: --param ggc-min-expand=100 --param ggc-min-heapsize=131072
Compiler executable checksum: 12c9efe274d61c8bab5caa69b8d8b7a8
COLLECT_GCC_OPTIONS='-v' '-o' 'CMakeFiles/cmTC_b4799.dir/CMakeCCompilerABI.c.o' '-c' '-mtune=generic' '-march=x86-64' '-dumpdir' 'CMakeFiles/cmTC_b4799.dir/'
 as -v --64 -o CMakeFiles/cmTC_b4799.dir/CMakeCCompilerABI.c.o /tmp/ccWFnxkB.s
GNU assembler version 2.38 (x86_64-pc-linux-gnu) using BFD version (GNU Binutils) 2.38
COMPILER_PATH=/rds/bear-apps/2022a/EL8-ice/software/GCCcore/11.3.0/libexec/gcc/x86_64-pc-linux-gnu/11.3.0/:/rds/bear-apps/2022a/EL8-ice/software/GCCcore/11.3.0/libexec/gcc/x86_64-pc-linux-gnu/11.3.0/:/rds/bear-apps/2022a/EL8-ice/software/GCCcore/11.3.0/libexec/gcc/x86_64-pc-linux-gnu/:/rds/bear-apps/2022a/EL8-ice/software/GCCcore/11.3.0/lib/gcc/x86_64-pc-linux-gnu/11.3.0/:/rds/bear-apps/2022a/EL8-ice/software/GCCcore/11.3.0/lib/gcc/x86_64-pc-linux-gnu/
LIBRARY_PATH=/rds/bear-apps/2022a/EL8-ice/software/libarchive/3.6.1-GCCcore-11.3.0/lib/../lib64/:/rds/bear-apps/2022a/EL8-ice/software/Geant4/11.1.2-GCC-11.3.0/lib/../lib64/:/rds/bear-apps/2022a/EL8-ice/software/Qt5/5.15.5-GCCcore-11.3.0/lib/../lib64/:/rds/bear-apps/2022a/EL8-ice/software/nodejs/16.15.1-GCCcore-11.3.0/lib/../lib64/:/rds/bear-apps/2022a/EL8-ice/software/ICU/71.1-GCCcore-11.3.0/lib/../lib64/:/rds/bear-apps/2022a/EL8-ice/software/bzip2/1.0.8-GCCcore-11.3.0/lib/../lib64/:/rds/bear-apps/2022a/EL8-ice/software/JasPer/2.0.33-GCCcore-11.3.0/lib/../lib64/:/rds/bear-apps/2022a/EL8-ice/software/snappy/1.1.9-GCCcore-11.3.0/lib/../lib64/:/rds/bear-apps/2022a/EL8-ice/software/NSS/3.79-GCCcore-11.3.0/lib/../lib64/:/rds/bear-apps/2022a/EL8-ice/software/NSPR/4.34-GCCcore-11.3.0/lib/../lib64/:/rds/bear-apps/2022a/EL8-ice/software/libjpeg-turbo/2.1.3-GCCcore-11.3.0/lib/../lib64/:/rds/bear-apps/2022a/EL8-ice/software/libGLU/9.0.2-GCCcore-11.3.0/lib/../lib64/:/rds/bear-apps/2022a/EL8-ice/software/Mesa/22.0.3-GCCcore-11.3.0/lib/../lib64/:/rds/bear-apps/2022a/EL8-ice/software/LLVM/12.0.1-GCCcore-11.3.0/lib/../lib64/:/rds/bear-apps/2022a/EL8-ice/software/libunwind/1.6.2-GCCcore-11.3.0/lib/../lib64/:/rds/bear-apps/2022a/EL8-ice/software/libglvnd/1.4.0-GCCcore-11.3.0/lib/../lib64/:/rds/bear-apps/2022a/EL8-ice/software/libdrm/2.4.110-GCCcore-11.3.0/lib/../lib64/:/rds/bear-apps/2022a/EL8-ice/software/zstd/1.5.2-GCCcore-11.3.0/lib/../lib64/:/rds/bear-apps/2022a/EL8-ice/software/lz4/1.9.3-GCCcore-11.3.0/lib/../lib64/:/rds/bear-apps/2022a/EL8-ice/software/libevent/2.1.12-GCCcore-11.3.0/lib/../lib64/:/rds/bear-apps/2022a/EL8-ice/software/DBus/1.14.0-GCCcore-11.3.0/lib/../lib64/:/rds/bear-apps/2022a/EL8-ice/software/fontconfig/2.14.0-GCCcore-11.3.0/lib/../lib64/:/rds/bear-apps/2022a/EL8-ice/software/X11/20220504-GCCcore-11.3.0/lib/../lib64/:/rds/bear-apps/2022a/EL8-ice/software/graphite2/1.3.14-GCCcore-11.3.0/lib/../lib64/:/rds/bear-apps/2022a/EL8-ice/software/HarfBuzz/4.2.1-GCCcore-11.3.0/lib/../lib64/:/rds/bear-apps/2022a/EL8-ice/software/freetype/2.12.1-GCCcore-11.3.0/lib/../lib64/:/rds/bear-apps/2022a/EL8-ice/software/cairo/1.17.4-GCCcore-11.3.0/lib/../lib64/:/rds/bear-apps/2022a/EL8-ice/software/libpciaccess/0.16-GCCcore-11.3.0/lib/../lib64/:/rds/bear-apps/2022a/EL8-ice/software/pixman/0.40.0-GCCcore-11.3.0/lib/../lib64/:/rds/bear-apps/2022a/EL8-ice/software/Brotli/1.0.9-GCCcore-11.3.0/lib/../lib64/:/rds/bear-apps/2022a/EL8-ice/software/libpng/1.6.37-GCCcore-11.3.0/lib/../lib64/:/rds/bear-apps/2022a/EL8-ice/software/PCRE2/10.40-GCCcore-11.3.0/lib/../lib64/:/rds/bear-apps/2022a/EL8-ice/software/GLib/2.72.1-GCCcore-11.3.0/lib/../lib64/:/rds/bear-apps/2022a/EL8-ice/software/util-linux/2.38-GCCcore-11.3.0/lib/../lib64/:/rds/bear-apps/2022a/EL8-ice/software/PCRE/8.45-GCCcore-11.3.0/lib/../lib64/:/rds/bear-apps/2022a/EL8-ice/software/libxml2/2.9.13-GCCcore-11.3.0/lib/../lib64/:/rds/bear-apps/2022a/EL8-ice/software/gettext/0.21-GCCcore-11.3.0/lib/../lib64/:/rds/bear-apps/2022a/EL8-ice/software/ncurses/6.3-GCCcore-11.3.0/lib/../lib64/:/rds/bear-apps/2022a/EL8-ice/software/XZ/5.2.5-GCCcore-11.3.0/lib/../lib64/:/rds/bear-apps/2022a/EL8-ice/software/libffi/3.4.2-GCCcore-11.3.0/lib64/../lib64/:/rds/bear-apps/2022a/EL8-ice/software/libffi/3.4.2-GCCcore-11.3.0/lib/../lib64/:/rds/bear-apps/2022a/EL8-ice/software/double-conversion/3.2.0-GCCcore-11.3.0/lib/../lib64/:/rds/bear-apps/2022a/EL8-ice/software/Xerces-C++/3.2.4-GCCcore-11.3.0/lib/../lib64/:/rds/bear-apps/2022a/EL8-ice/software/cURL/7.83.0-GCCcore-11.3.0/lib/../lib64/:/rds/bear-apps/2022a/EL8-ice/software/OpenSSL/1.1/lib/../lib64/:/rds/bear-apps/2022a/EL8-ice/software/CLHEP/2.4.6.2-GCC-11.3.0/lib/../lib64/:/rds/bear-apps/2022a/EL8-ice/software/expat/2.4.8-GCCcore-11.3.0/lib/../lib64/:/rds/bear-apps/2022a/EL8-ice/software/binutils/2.38-GCCcore-11.3.0/lib/../lib64/:/rds/bear-apps/2022a/EL8-ice/software/zlib/1.2.12-GCCcore-11.3.0/lib/../lib64/:/rds/bear-apps/2022a/EL8-ice/software/GCCcore/11.3.0/lib/gcc/x86_64-pc-linux-gnu/11.3.0/:/rds/bear-apps/2022a/EL8-ice/software/GCCcore/11.3.0/lib/gcc/x86_64-pc-linux-gnu/11.3.0/../../../../lib64/:/lib/../lib64/:/usr/lib/../lib64/:/rds/bear-apps/2022a/EL8-ice/software/libarchive/3.6.1-GCCcore-11.3.0/lib/:/rds/bear-apps/2022a/EL8-ice/software/Geant4/11.1.2-GCC-11.3.0/lib/:/rds/bear-apps/2022a/EL8-ice/software/Qt5/5.15.5-GCCcore-11.3.0/lib/:/rds/bear-apps/2022a/EL8-ice/software/nodejs/16.15.1-GCCcore-11.3.0/lib/:/rds/bear-apps/2022a/EL8-ice/software/ICU/71.1-GCCcore-11.3.0/lib/:/rds/bear-apps/2022a/EL8-ice/software/bzip2/1.0.8-GCCcore-11.3.0/lib/:/rds/bear-apps/2022a/EL8-ice/software/JasPer/2.0.33-GCCcore-11.3.0/lib/:/rds/bear-apps/2022a/EL8-ice/software/snappy/1.1.9-GCCcore-11.3.0/lib/:/rds/bear-apps/2022a/EL8-ice/software/NSS/3.79-GCCcore-11.3.0/lib/:/rds/bear-apps/2022a/EL8-ice/software/NSPR/4.34-GCCcore-11.3.0/lib/:/rds/bear-apps/2022a/EL8-ice/software/libjpeg-turbo/2.1.3-GCCcore-11.3.0/lib/:/rds/bear-apps/2022a/EL8-ice/software/libGLU/9.0.2-GCCcore-11.3.0/lib/:/rds/bear-apps/2022a/EL8-ice/software/Mesa/22.0.3-GCCcore-11.3.0/lib/:/rds/bear-apps/2022a/EL8-ice/software/LLVM/12.0.1-GCCcore-11.3.0/lib/:/rds/bear-apps/2022a/EL8-ice/software/libunwind/1.6.2-GCCcore-11.3.0/lib/:/rds/bear-apps/2022a/EL8-ice/software/libglvnd/1.4.0-GCCcore-11.3.0/lib/:/rds/bear-apps/2022a/EL8-ice/software/libdrm/2.4.110-GCCcore-11.3.0/lib/:/rds/bear-apps/2022a/EL8-ice/software/zstd/1.5.2-GCCcore-11.3.0/lib/:/rds/bear-apps/2022a/EL8-ice/software/lz4/1.9.3-GCCcore-11.3.0/lib/:/rds/bear-apps/2022a/EL8-ice/software/libevent/2.1.12-GCCcore-11.3.0/lib/:/rds/bear-apps/2022a/EL8-ice/software/DBus/1.14.0-GCCcore-11.3.0/lib/:/rds/bear-apps/2022a/EL8-ice/software/fontconfig/2.14.0-GCCcore-11.3.0/lib/:/rds/bear-apps/2022a/EL8-ice/software/X11/20220504-GCCcore-11.3.0/lib/:/rds/bear-apps/2022a/EL8-ice/software/graphite2/1.3.14-GCCcore-11.3.0/lib/:/rds/bear-apps/2022a/EL8-ice/software/HarfBuzz/4.2.1-GCCcore-11.3.0/lib/:/rds/bear-apps/2022a/EL8-ice/software/freetype/2.12.1-GCCcore-11.3.0/lib/:/rds/bear-apps/2022a/EL8-ice/software/cairo/1.17.4-GCCcore-11.3.0/lib/:/rds/bear-apps/2022a/EL8-ice/software/libpciaccess/0.16-GCCcore-11.3.0/lib/:/rds/bear-apps/2022a/EL8-ice/software/pixman/0.40.0-GCCcore-11.3.0/lib/:/rds/bear-apps/2022a/EL8-ice/software/Brotli/1.0.9-GCCcore-11.3.0/lib/:/rds/bear-apps/2022a/EL8-ice/software/libpng/1.6.37-GCCcore-11.3.0/lib/:/rds/bear-apps/2022a/EL8-ice/software/PCRE2/10.40-GCCcore-11.3.0/lib/:/rds/bear-apps/2022a/EL8-ice/software/GLib/2.72.1-GCCcore-11.3.0/lib/:/rds/bear-apps/2022a/EL8-ice/software/util-linux/2.38-GCCcore-11.3.0/lib/:/rds/bear-apps/2022a/EL8-ice/software/PCRE/8.45-GCCcore-11.3.0/lib/:/rds/bear-apps/2022a/EL8-ice/software/libxml2/2.9.13-GCCcore-11.3.0/lib/:/rds/bear-apps/2022a/EL8-ice/software/gettext/0.21-GCCcore-11.3.0/lib/:/rds/bear-apps/2022a/EL8-ice/software/ncurses/6.3-GCCcore-11.3.0/lib/:/rds/bear-apps/2022a/EL8-ice/software/XZ/5.2.5-GCCcore-11.3.0/lib/:/rds/bear-apps/2022a/EL8-ice/software/libffi/3.4.2-GCCcore-11.3.0/lib64/:/rds/bear-apps/2022a/EL8-ice/software/libffi/3.4.2-GCCcore-11.3.0/lib/:/rds/bear-apps/2022a/EL8-ice/software/double-conversion/3.2.0-GCCcore-11.3.0/lib/:/rds/bear-apps/2022a/EL8-ice/software/Xerces-C++/3.2.4-GCCcore-11.3.0/lib/:/rds/bear-apps/2022a/EL8-ice/software/cURL/7.83.0-GCCcore-11.3.0/lib/:/rds/bear-apps/2022a/EL8-ice/software/OpenSSL/1.1/lib/:/rds/bear-apps/2022a/EL8-ice/software/CLHEP/2.4.6.2-GCC-11.3.0/lib/:/rds/bear-apps/2022a/EL8-ice/software/expat/2.4.8-GCCcore-11.3.0/lib/:/rds/bear-apps/2022a/EL8-ice/software/binutils/2.38-GCCcore-11.3.0/lib/:/rds/bear-apps/2022a/EL8-ice/software/zlib/1.2.12-GCCcore-11.3.0/lib/:/rds/bear-apps/2022a/EL8-ice/software/GCCcore/11.3.0/lib/gcc/x86_64-pc-linux-gnu/11.3.0/../../../:/lib/:/usr/lib/
COLLECT_GCC_OPTIONS='-v' '-o' 'CMakeFiles/cmTC_b4799.dir/CMakeCCompilerABI.c.o' '-c' '-mtune=generic' '-march=x86-64' '-dumpdir' 'CMakeFiles/cmTC_b4799.dir/CMakeCCompilerABI.c.'
Linking C executable cmTC_b4799
/rds/bear-apps/2022a/EL8-ice/software/CMake/3.24.3-GCCcore-11.3.0/bin/cmake -E cmake_link_script CMakeFiles/cmTC_b4799.dir/link.txt --verbose=1
/rds/bear-apps/2022a/EL8-ice/software/GCCcore/11.3.0/bin/cc  -v CMakeFiles/cmTC_b4799.dir/CMakeCCompilerABI.c.o -o cmTC_b4799 
Using built-in specs.
COLLECT_GCC=/rds/bear-apps/2022a/EL8-ice/software/GCCcore/11.3.0/bin/cc
COLLECT_LTO_WRAPPER=/rds/bear-apps/2022a/EL8-ice/software/GCCcore/11.3.0/libexec/gcc/x86_64-pc-linux-gnu/11.3.0/lto-wrapper
OFFLOAD_TARGET_NAMES=nvptx-none
Target: x86_64-pc-linux-gnu
Configured with: ../configure --enable-languages=c,c++,fortran --without-cuda-driver --enable-offload-targets=nvptx-none --enable-lto --enable-checking=release --disable-multilib --enable-shared=yes --enable-static=yes --enable-threads=posix --enable-plugins --enable-gold --enable-ld=default --prefix=/rds/bear-apps/2022a/EL8-ice/software/GCCcore/11.3.0 --with-local-prefix=/rds/bear-apps/2022a/EL8-ice/software/GCCcore/11.3.0 --enable-bootstrap --with-isl=/dev/shm/branfosj-admin/build-2022a/GCCcore/11.3.0/system-system/gcc-11.3.0/stage2_stuff --build=x86_64-pc-linux-gnu --host=x86_64-pc-linux-gnu
Thread model: posix
Supported LTO compression algorithms: zlib
gcc version 11.3.0 (GCC) 
COMPILER_PATH=/rds/bear-apps/2022a/EL8-ice/software/GCCcore/11.3.0/libexec/gcc/x86_64-pc-linux-gnu/11.3.0/:/rds/bear-apps/2022a/EL8-ice/software/GCCcore/11.3.0/libexec/gcc/x86_64-pc-linux-gnu/11.3.0/:/rds/bear-apps/2022a/EL8-ice/software/GCCcore/11.3.0/libexec/gcc/x86_64-pc-linux-gnu/:/rds/bear-apps/2022a/EL8-ice/software/GCCcore/11.3.0/lib/gcc/x86_64-pc-linux-gnu/11.3.0/:/rds/bear-apps/2022a/EL8-ice/software/GCCcore/11.3.0/lib/gcc/x86_64-pc-linux-gnu/
LIBRARY_PATH=/rds/bear-apps/2022a/EL8-ice/software/libarchive/3.6.1-GCCcore-11.3.0/lib/../lib64/:/rds/bear-apps/2022a/EL8-ice/software/Geant4/11.1.2-GCC-11.3.0/lib/../lib64/:/rds/bear-apps/2022a/EL8-ice/software/Qt5/5.15.5-GCCcore-11.3.0/lib/../lib64/:/rds/bear-apps/2022a/EL8-ice/software/nodejs/16.15.1-GCCcore-11.3.0/lib/../lib64/:/rds/bear-apps/2022a/EL8-ice/software/ICU/71.1-GCCcore-11.3.0/lib/../lib64/:/rds/bear-apps/2022a/EL8-ice/software/bzip2/1.0.8-GCCcore-11.3.0/lib/../lib64/:/rds/bear-apps/2022a/EL8-ice/software/JasPer/2.0.33-GCCcore-11.3.0/lib/../lib64/:/rds/bear-apps/2022a/EL8-ice/software/snappy/1.1.9-GCCcore-11.3.0/lib/../lib64/:/rds/bear-apps/2022a/EL8-ice/software/NSS/3.79-GCCcore-11.3.0/lib/../lib64/:/rds/bear-apps/2022a/EL8-ice/software/NSPR/4.34-GCCcore-11.3.0/lib/../lib64/:/rds/bear-apps/2022a/EL8-ice/software/libjpeg-turbo/2.1.3-GCCcore-11.3.0/lib/../lib64/:/rds/bear-apps/2022a/EL8-ice/software/libGLU/9.0.2-GCCcore-11.3.0/lib/../lib64/:/rds/bear-apps/2022a/EL8-ice/software/Mesa/22.0.3-GCCcore-11.3.0/lib/../lib64/:/rds/bear-apps/2022a/EL8-ice/software/LLVM/12.0.1-GCCcore-11.3.0/lib/../lib64/:/rds/bear-apps/2022a/EL8-ice/software/libunwind/1.6.2-GCCcore-11.3.0/lib/../lib64/:/rds/bear-apps/2022a/EL8-ice/software/libglvnd/1.4.0-GCCcore-11.3.0/lib/../lib64/:/rds/bear-apps/2022a/EL8-ice/software/libdrm/2.4.110-GCCcore-11.3.0/lib/../lib64/:/rds/bear-apps/2022a/EL8-ice/software/zstd/1.5.2-GCCcore-11.3.0/lib/../lib64/:/rds/bear-apps/2022a/EL8-ice/software/lz4/1.9.3-GCCcore-11.3.0/lib/../lib64/:/rds/bear-apps/2022a/EL8-ice/software/libevent/2.1.12-GCCcore-11.3.0/lib/../lib64/:/rds/bear-apps/2022a/EL8-ice/software/DBus/1.14.0-GCCcore-11.3.0/lib/../lib64/:/rds/bear-apps/2022a/EL8-ice/software/fontconfig/2.14.0-GCCcore-11.3.0/lib/../lib64/:/rds/bear-apps/2022a/EL8-ice/software/X11/20220504-GCCcore-11.3.0/lib/../lib64/:/rds/bear-apps/2022a/EL8-ice/software/graphite2/1.3.14-GCCcore-11.3.0/lib/../lib64/:/rds/bear-apps/2022a/EL8-ice/software/HarfBuzz/4.2.1-GCCcore-11.3.0/lib/../lib64/:/rds/bear-apps/2022a/EL8-ice/software/freetype/2.12.1-GCCcore-11.3.0/lib/../lib64/:/rds/bear-apps/2022a/EL8-ice/software/cairo/1.17.4-GCCcore-11.3.0/lib/../lib64/:/rds/bear-apps/2022a/EL8-ice/software/libpciaccess/0.16-GCCcore-11.3.0/lib/../lib64/:/rds/bear-apps/2022a/EL8-ice/software/pixman/0.40.0-GCCcore-11.3.0/lib/../lib64/:/rds/bear-apps/2022a/EL8-ice/software/Brotli/1.0.9-GCCcore-11.3.0/lib/../lib64/:/rds/bear-apps/2022a/EL8-ice/software/libpng/1.6.37-GCCcore-11.3.0/lib/../lib64/:/rds/bear-apps/2022a/EL8-ice/software/PCRE2/10.40-GCCcore-11.3.0/lib/../lib64/:/rds/bear-apps/2022a/EL8-ice/software/GLib/2.72.1-GCCcore-11.3.0/lib/../lib64/:/rds/bear-apps/2022a/EL8-ice/software/util-linux/2.38-GCCcore-11.3.0/lib/../lib64/:/rds/bear-apps/2022a/EL8-ice/software/PCRE/8.45-GCCcore-11.3.0/lib/../lib64/:/rds/bear-apps/2022a/EL8-ice/software/libxml2/2.9.13-GCCcore-11.3.0/lib/../lib64/:/rds/bear-apps/2022a/EL8-ice/software/gettext/0.21-GCCcore-11.3.0/lib/../lib64/:/rds/bear-apps/2022a/EL8-ice/software/ncurses/6.3-GCCcore-11.3.0/lib/../lib64/:/rds/bear-apps/2022a/EL8-ice/software/XZ/5.2.5-GCCcore-11.3.0/lib/../lib64/:/rds/bear-apps/2022a/EL8-ice/software/libffi/3.4.2-GCCcore-11.3.0/lib64/../lib64/:/rds/bear-apps/2022a/EL8-ice/software/libffi/3.4.2-GCCcore-11.3.0/lib/../lib64/:/rds/bear-apps/2022a/EL8-ice/software/double-conversion/3.2.0-GCCcore-11.3.0/lib/../lib64/:/rds/bear-apps/2022a/EL8-ice/software/Xerces-C++/3.2.4-GCCcore-11.3.0/lib/../lib64/:/rds/bear-apps/2022a/EL8-ice/software/cURL/7.83.0-GCCcore-11.3.0/lib/../lib64/:/rds/bear-apps/2022a/EL8-ice/software/OpenSSL/1.1/lib/../lib64/:/rds/bear-apps/2022a/EL8-ice/software/CLHEP/2.4.6.2-GCC-11.3.0/lib/../lib64/:/rds/bear-apps/2022a/EL8-ice/software/expat/2.4.8-GCCcore-11.3.0/lib/../lib64/:/rds/bear-apps/2022a/EL8-ice/software/binutils/2.38-GCCcore-11.3.0/lib/../lib64/:/rds/bear-apps/2022a/EL8-ice/software/zlib/1.2.12-GCCcore-11.3.0/lib/../lib64/:/rds/bear-apps/2022a/EL8-ice/software/GCCcore/11.3.0/lib/gcc/x86_64-pc-linux-gnu/11.3.0/:/rds/bear-apps/2022a/EL8-ice/software/GCCcore/11.3.0/lib/gcc/x86_64-pc-linux-gnu/11.3.0/../../../../lib64/:/lib/../lib64/:/usr/lib/../lib64/:/rds/bear-apps/2022a/EL8-ice/software/libarchive/3.6.1-GCCcore-11.3.0/lib/:/rds/bear-apps/2022a/EL8-ice/software/Geant4/11.1.2-GCC-11.3.0/lib/:/rds/bear-apps/2022a/EL8-ice/software/Qt5/5.15.5-GCCcore-11.3.0/lib/:/rds/bear-apps/2022a/EL8-ice/software/nodejs/16.15.1-GCCcore-11.3.0/lib/:/rds/bear-apps/2022a/EL8-ice/software/ICU/71.1-GCCcore-11.3.0/lib/:/rds/bear-apps/2022a/EL8-ice/software/bzip2/1.0.8-GCCcore-11.3.0/lib/:/rds/bear-apps/2022a/EL8-ice/software/JasPer/2.0.33-GCCcore-11.3.0/lib/:/rds/bear-apps/2022a/EL8-ice/software/snappy/1.1.9-GCCcore-11.3.0/lib/:/rds/bear-apps/2022a/EL8-ice/software/NSS/3.79-GCCcore-11.3.0/lib/:/rds/bear-apps/2022a/EL8-ice/software/NSPR/4.34-GCCcore-11.3.0/lib/:/rds/bear-apps/2022a/EL8-ice/software/libjpeg-turbo/2.1.3-GCCcore-11.3.0/lib/:/rds/bear-apps/2022a/EL8-ice/software/libGLU/9.0.2-GCCcore-11.3.0/lib/:/rds/bear-apps/2022a/EL8-ice/software/Mesa/22.0.3-GCCcore-11.3.0/lib/:/rds/bear-apps/2022a/EL8-ice/software/LLVM/12.0.1-GCCcore-11.3.0/lib/:/rds/bear-apps/2022a/EL8-ice/software/libunwind/1.6.2-GCCcore-11.3.0/lib/:/rds/bear-apps/2022a/EL8-ice/software/libglvnd/1.4.0-GCCcore-11.3.0/lib/:/rds/bear-apps/2022a/EL8-ice/software/libdrm/2.4.110-GCCcore-11.3.0/lib/:/rds/bear-apps/2022a/EL8-ice/software/zstd/1.5.2-GCCcore-11.3.0/lib/:/rds/bear-apps/2022a/EL8-ice/software/lz4/1.9.3-GCCcore-11.3.0/lib/:/rds/bear-apps/2022a/EL8-ice/software/libevent/2.1.12-GCCcore-11.3.0/lib/:/rds/bear-apps/2022a/EL8-ice/software/DBus/1.14.0-GCCcore-11.3.0/lib/:/rds/bear-apps/2022a/EL8-ice/software/fontconfig/2.14.0-GCCcore-11.3.0/lib/:/rds/bear-apps/2022a/EL8-ice/software/X11/20220504-GCCcore-11.3.0/lib/:/rds/bear-apps/2022a/EL8-ice/software/graphite2/1.3.14-GCCcore-11.3.0/lib/:/rds/bear-apps/2022a/EL8-ice/software/HarfBuzz/4.2.1-GCCcore-11.3.0/lib/:/rds/bear-apps/2022a/EL8-ice/software/freetype/2.12.1-GCCcore-11.3.0/lib/:/rds/bear-apps/2022a/EL8-ice/software/cairo/1.17.4-GCCcore-11.3.0/lib/:/rds/bear-apps/2022a/EL8-ice/software/libpciaccess/0.16-GCCcore-11.3.0/lib/:/rds/bear-apps/2022a/EL8-ice/software/pixman/0.40.0-GCCcore-11.3.0/lib/:/rds/bear-apps/2022a/EL8-ice/software/Brotli/1.0.9-GCCcore-11.3.0/lib/:/rds/bear-apps/2022a/EL8-ice/software/libpng/1.6.37-GCCcore-11.3.0/lib/:/rds/bear-apps/2022a/EL8-ice/software/PCRE2/10.40-GCCcore-11.3.0/lib/:/rds/bear-apps/2022a/EL8-ice/software/GLib/2.72.1-GCCcore-11.3.0/lib/:/rds/bear-apps/2022a/EL8-ice/software/util-linux/2.38-GCCcore-11.3.0/lib/:/rds/bear-apps/2022a/EL8-ice/software/PCRE/8.45-GCCcore-11.3.0/lib/:/rds/bear-apps/2022a/EL8-ice/software/libxml2/2.9.13-GCCcore-11.3.0/lib/:/rds/bear-apps/2022a/EL8-ice/software/gettext/0.21-GCCcore-11.3.0/lib/:/rds/bear-apps/2022a/EL8-ice/software/ncurses/6.3-GCCcore-11.3.0/lib/:/rds/bear-apps/2022a/EL8-ice/software/XZ/5.2.5-GCCcore-11.3.0/lib/:/rds/bear-apps/2022a/EL8-ice/software/libffi/3.4.2-GCCcore-11.3.0/lib64/:/rds/bear-apps/2022a/EL8-ice/software/libffi/3.4.2-GCCcore-11.3.0/lib/:/rds/bear-apps/2022a/EL8-ice/software/double-conversion/3.2.0-GCCcore-11.3.0/lib/:/rds/bear-apps/2022a/EL8-ice/software/Xerces-C++/3.2.4-GCCcore-11.3.0/lib/:/rds/bear-apps/2022a/EL8-ice/software/cURL/7.83.0-GCCcore-11.3.0/lib/:/rds/bear-apps/2022a/EL8-ice/software/OpenSSL/1.1/lib/:/rds/bear-apps/2022a/EL8-ice/software/CLHEP/2.4.6.2-GCC-11.3.0/lib/:/rds/bear-apps/2022a/EL8-ice/software/expat/2.4.8-GCCcore-11.3.0/lib/:/rds/bear-apps/2022a/EL8-ice/software/binutils/2.38-GCCcore-11.3.0/lib/:/rds/bear-apps/2022a/EL8-ice/software/zlib/1.2.12-GCCcore-11.3.0/lib/:/rds/bear-apps/2022a/EL8-ice/software/GCCcore/11.3.0/lib/gcc/x86_64-pc-linux-gnu/11.3.0/../../../:/lib/:/usr/lib/
COLLECT_GCC_OPTIONS='-v' '-o' 'cmTC_b4799' '-mtune=generic' '-march=x86-64' '-dumpdir' 'cmTC_b4799.'
 /rds/bear-apps/2022a/EL8-ice/software/GCCcore/11.3.0/libexec/gcc/x86_64-pc-linux-gnu/11.3.0/collect2 -plugin /rds/bear-apps/2022a/EL8-ice/software/GCCcore/11.3.0/libexec/gcc/x86_64-pc-linux-gnu/11.3.0/liblto_plugin.so -plugin-opt=/rds/bear-apps/2022a/EL8-ice/software/GCCcore/11.3.0/libexec/gcc/x86_64-pc-linux-gnu/11.3.0/lto-wrapper -plugin-opt=-fresolution=/tmp/ccA8XOa7.res -plugin-opt=-pass-through=-lgcc -plugin-opt=-pass-through=-lgcc_s -plugin-opt=-pass-through=-lc -plugin-opt=-pass-through=-lgcc -plugin-opt=-pass-through=-lgcc_s --eh-frame-hdr -m elf_x86_64 -dynamic-linker /lib64/ld-linux-x86-64.so.2 -o cmTC_b4799 /lib/../lib64/crt1.o /lib/../lib64/crti.o /rds/bear-apps/2022a/EL8-ice/software/GCCcore/11.3.0/lib/gcc/x86_64-pc-linux-gnu/11.3.0/crtbegin.o -L/rds/bear-apps/2022a/EL8-ice/software/libarchive/3.6.1-GCCcore-11.3.0/lib/../lib64 -L/rds/bear-apps/2022a/EL8-ice/software/Geant4/11.1.2-GCC-11.3.0/lib/../lib64 -L/rds/bear-apps/2022a/EL8-ice/software/Qt5/5.15.5-GCCcore-11.3.0/lib/../lib64 -L/rds/bear-apps/2022a/EL8-ice/software/nodejs/16.15.1-GCCcore-11.3.0/lib/../lib64 -L/rds/bear-apps/2022a/EL8-ice/software/ICU/71.1-GCCcore-11.3.0/lib/../lib64 -L/rds/bear-apps/2022a/EL8-ice/software/bzip2/1.0.8-GCCcore-11.3.0/lib/../lib64 -L/rds/bear-apps/2022a/EL8-ice/software/JasPer/2.0.33-GCCcore-11.3.0/lib/../lib64 -L/rds/bear-apps/2022a/EL8-ice/software/snappy/1.1.9-GCCcore-11.3.0/lib/../lib64 -L/rds/bear-apps/2022a/EL8-ice/software/NSS/3.79-GCCcore-11.3.0/lib/../lib64 -L/rds/bear-apps/2022a/EL8-ice/software/NSPR/4.34-GCCcore-11.3.0/lib/../lib64 -L/rds/bear-apps/2022a/EL8-ice/software/libjpeg-turbo/2.1.3-GCCcore-11.3.0/lib/../lib64 -L/rds/bear-apps/2022a/EL8-ice/software/libGLU/9.0.2-GCCcore-11.3.0/lib/../lib64 -L/rds/bear-apps/2022a/EL8-ice/software/Mesa/22.0.3-GCCcore-11.3.0/lib/../lib64 -L/rds/bear-apps/2022a/EL8-ice/software/LLVM/12.0.1-GCCcore-11.3.0/lib/../lib64 -L/rds/bear-apps/2022a/EL8-ice/software/libunwind/1.6.2-GCCcore-11.3.0/lib/../lib64 -L/rds/bear-apps/2022a/EL8-ice/software/libglvnd/1.4.0-GCCcore-11.3.0/lib/../lib64 -L/rds/bear-apps/2022a/EL8-ice/software/libdrm/2.4.110-GCCcore-11.3.0/lib/../lib64 -L/rds/bear-apps/2022a/EL8-ice/software/zstd/1.5.2-GCCcore-11.3.0/lib/../lib64 -L/rds/bear-apps/2022a/EL8-ice/software/lz4/1.9.3-GCCcore-11.3.0/lib/../lib64 -L/rds/bear-apps/2022a/EL8-ice/software/libevent/2.1.12-GCCcore-11.3.0/lib/../lib64 -L/rds/bear-apps/2022a/EL8-ice/software/DBus/1.14.0-GCCcore-11.3.0/lib/../lib64 -L/rds/bear-apps/2022a/EL8-ice/software/fontconfig/2.14.0-GCCcore-11.3.0/lib/../lib64 -L/rds/bear-apps/2022a/EL8-ice/software/X11/20220504-GCCcore-11.3.0/lib/../lib64 -L/rds/bear-apps/2022a/EL8-ice/software/graphite2/1.3.14-GCCcore-11.3.0/lib/../lib64 -L/rds/bear-apps/2022a/EL8-ice/software/HarfBuzz/4.2.1-GCCcore-11.3.0/lib/../lib64 -L/rds/bear-apps/2022a/EL8-ice/software/freetype/2.12.1-GCCcore-11.3.0/lib/../lib64 -L/rds/bear-apps/2022a/EL8-ice/software/cairo/1.17.4-GCCcore-11.3.0/lib/../lib64 -L/rds/bear-apps/2022a/EL8-ice/software/libpciaccess/0.16-GCCcore-11.3.0/lib/../lib64 -L/rds/bear-apps/2022a/EL8-ice/software/pixman/0.40.0-GCCcore-11.3.0/lib/../lib64 -L/rds/bear-apps/2022a/EL8-ice/software/Brotli/1.0.9-GCCcore-11.3.0/lib/../lib64 -L/rds/bear-apps/2022a/EL8-ice/software/libpng/1.6.37-GCCcore-11.3.0/lib/../lib64 -L/rds/bear-apps/2022a/EL8-ice/software/PCRE2/10.40-GCCcore-11.3.0/lib/../lib64 -L/rds/bear-apps/2022a/EL8-ice/software/GLib/2.72.1-GCCcore-11.3.0/lib/../lib64 -L/rds/bear-apps/2022a/EL8-ice/software/util-linux/2.38-GCCcore-11.3.0/lib/../lib64 -L/rds/bear-apps/2022a/EL8-ice/software/PCRE/8.45-GCCcore-11.3.0/lib/../lib64 -L/rds/bear-apps/2022a/EL8-ice/software/libxml2/2.9.13-GCCcore-11.3.0/lib/../lib64 -L/rds/bear-apps/2022a/EL8-ice/software/gettext/0.21-GCCcore-11.3.0/lib/../lib64 -L/rds/bear-apps/2022a/EL8-ice/software/ncurses/6.3-GCCcore-11.3.0/lib/../lib64 -L/rds/bear-apps/2022a/EL8-ice/software/XZ/5.2.5-GCCcore-11.3.0/lib/../lib64 -L/rds/bear-apps/2022a/EL8-ice/software/libffi/3.4.2-GCCcore-11.3.0/lib64/../lib64 -L/rds/bear-apps/2022a/EL8-ice/software/libffi/3.4.2-GCCcore-11.3.0/lib/../lib64 -L/rds/bear-apps/2022a/EL8-ice/software/double-conversion/3.2.0-GCCcore-11.3.0/lib/../lib64 -L/rds/bear-apps/2022a/EL8-ice/software/Xerces-C++/3.2.4-GCCcore-11.3.0/lib/../lib64 -L/rds/bear-apps/2022a/EL8-ice/software/cURL/7.83.0-GCCcore-11.3.0/lib/../lib64 -L/rds/bear-apps/2022a/EL8-ice/software/OpenSSL/1.1/lib/../lib64 -L/rds/bear-apps/2022a/EL8-ice/software/CLHEP/2.4.6.2-GCC-11.3.0/lib/../lib64 -L/rds/bear-apps/2022a/EL8-ice/software/expat/2.4.8-GCCcore-11.3.0/lib/../lib64 -L/rds/bear-apps/2022a/EL8-ice/software/binutils/2.38-GCCcore-11.3.0/lib/../lib64 -L/rds/bear-apps/2022a/EL8-ice/software/zlib/1.2.12-GCCcore-11.3.0/lib/../lib64 -L/rds/bear-apps/2022a/EL8-ice/software/GCCcore/11.3.0/lib/gcc/x86_64-pc-linux-gnu/11.3.0 -L/rds/bear-apps/2022a/EL8-ice/software/GCCcore/11.3.0/lib/gcc/x86_64-pc-linux-gnu/11.3.0/../../../../lib64 -L/lib/../lib64 -L/usr/lib/../lib64 -L/rds/bear-apps/2022a/EL8-ice/software/libarchive/3.6.1-GCCcore-11.3.0/lib -L/rds/bear-apps/2022a/EL8-ice/software/Geant4/11.1.2-GCC-11.3.0/lib -L/rds/bear-apps/2022a/EL8-ice/software/Qt5/5.15.5-GCCcore-11.3.0/lib -L/rds/bear-apps/2022a/EL8-ice/software/nodejs/16.15.1-GCCcore-11.3.0/lib -L/rds/bear-apps/2022a/EL8-ice/software/ICU/71.1-GCCcore-11.3.0/lib -L/rds/bear-apps/2022a/EL8-ice/software/bzip2/1.0.8-GCCcore-11.3.0/lib -L/rds/bear-apps/2022a/EL8-ice/software/JasPer/2.0.33-GCCcore-11.3.0/lib -L/rds/bear-apps/2022a/EL8-ice/software/snappy/1.1.9-GCCcore-11.3.0/lib -L/rds/bear-apps/2022a/EL8-ice/software/NSS/3.79-GCCcore-11.3.0/lib -L/rds/bear-apps/2022a/EL8-ice/software/NSPR/4.34-GCCcore-11.3.0/lib -L/rds/bear-apps/2022a/EL8-ice/software/libjpeg-turbo/2.1.3-GCCcore-11.3.0/lib -L/rds/bear-apps/2022a/EL8-ice/software/libGLU/9.0.2-GCCcore-11.3.0/lib -L/rds/bear-apps/2022a/EL8-ice/software/Mesa/22.0.3-GCCcore-11.3.0/lib -L/rds/bear-apps/2022a/EL8-ice/software/LLVM/12.0.1-GCCcore-11.3.0/lib -L/rds/bear-apps/2022a/EL8-ice/software/libunwind/1.6.2-GCCcore-11.3.0/lib -L/rds/bear-apps/2022a/EL8-ice/software/libglvnd/1.4.0-GCCcore-11.3.0/lib -L/rds/bear-apps/2022a/EL8-ice/software/libdrm/2.4.110-GCCcore-11.3.0/lib -L/rds/bear-apps/2022a/EL8-ice/software/zstd/1.5.2-GCCcore-11.3.0/lib -L/rds/bear-apps/2022a/EL8-ice/software/lz4/1.9.3-GCCcore-11.3.0/lib -L/rds/bear-apps/2022a/EL8-ice/software/libevent/2.1.12-GCCcore-11.3.0/lib -L/rds/bear-apps/2022a/EL8-ice/software/DBus/1.14.0-GCCcore-11.3.0/lib -L/rds/bear-apps/2022a/EL8-ice/software/fontconfig/2.14.0-GCCcore-11.3.0/lib -L/rds/bear-apps/2022a/EL8-ice/software/X11/20220504-GCCcore-11.3.0/lib -L/rds/bear-apps/2022a/EL8-ice/software/graphite2/1.3.14-GCCcore-11.3.0/lib -L/rds/bear-apps/2022a/EL8-ice/software/HarfBuzz/4.2.1-GCCcore-11.3.0/lib -L/rds/bear-apps/2022a/EL8-ice/software/freetype/2.12.1-GCCcore-11.3.0/lib -L/rds/bear-apps/2022a/EL8-ice/software/cairo/1.17.4-GCCcore-11.3.0/lib -L/rds/bear-apps/2022a/EL8-ice/software/libpciaccess/0.16-GCCcore-11.3.0/lib -L/rds/bear-apps/2022a/EL8-ice/software/pixman/0.40.0-GCCcore-11.3.0/lib -L/rds/bear-apps/2022a/EL8-ice/software/Brotli/1.0.9-GCCcore-11.3.0/lib -L/rds/bear-apps/2022a/EL8-ice/software/libpng/1.6.37-GCCcore-11.3.0/lib -L/rds/bear-apps/2022a/EL8-ice/software/PCRE2/10.40-GCCcore-11.3.0/lib -L/rds/bear-apps/2022a/EL8-ice/software/GLib/2.72.1-GCCcore-11.3.0/lib -L/rds/bear-apps/2022a/EL8-ice/software/util-linux/2.38-GCCcore-11.3.0/lib -L/rds/bear-apps/2022a/EL8-ice/software/PCRE/8.45-GCCcore-11.3.0/lib -L/rds/bear-apps/2022a/EL8-ice/software/libxml2/2.9.13-GCCcore-11.3.0/lib -L/rds/bear-apps/2022a/EL8-ice/software/gettext/0.21-GCCcore-11.3.0/lib -L/rds/bear-apps/2022a/EL8-ice/software/ncurses/6.3-GCCcore-11.3.0/lib -L/rds/bear-apps/2022a/EL8-ice/software/XZ/5.2.5-GCCcore-11.3.0/lib -L/rds/bear-apps/2022a/EL8-ice/software/libffi/3.4.2-GCCcore-11.3.0/lib64 -L/rds/bear-apps/2022a/EL8-ice/software/libffi/3.4.2-GCCcore-11.3.0/lib -L/rds/bear-apps/2022a/EL8-ice/software/double-conversion/3.2.0-GCCcore-11.3.0/lib -L/rds/bear-apps/2022a/EL8-ice/software/Xerces-C++/3.2.4-GCCcore-11.3.0/lib -L/rds/bear-apps/2022a/EL8-ice/software/cURL/7.83.0-GCCcore-11.3.0/lib -L/rds/bear-apps/2022a/EL8-ice/software/OpenSSL/1.1/lib -L/rds/bear-apps/2022a/EL8-ice/software/CLHEP/2.4.6.2-GCC-11.3.0/lib -L/rds/bear-apps/2022a/EL8-ice/software/expat/2.4.8-GCCcore-11.3.0/lib -L/rds/bear-apps/2022a/EL8-ice/software/binutils/2.38-GCCcore-11.3.0/lib -L/rds/bear-apps/2022a/EL8-ice/software/zlib/1.2.12-GCCcore-11.3.0/lib -L/rds/bear-apps/2022a/EL8-ice/software/GCCcore/11.3.0/lib/gcc/x86_64-pc-linux-gnu/11.3.0/../../.. CMakeFiles/cmTC_b4799.dir/CMakeCCompilerABI.c.o -lgcc --push-state --as-needed -lgcc_s --pop-state -lc -lgcc --push-state --as-needed -lgcc_s --pop-state /rds/bear-apps/2022a/EL8-ice/software/GCCcore/11.3.0/lib/gcc/x86_64-pc-linux-gnu/11.3.0/crtend.o /lib/../lib64/crtn.o
COLLECT_GCC_OPTIONS='-v' '-o' 'cmTC_b4799' '-mtune=generic' '-march=x86-64' '-dumpdir' 'cmTC_b4799.'
gmake[1]: Leaving directory '/rds/projects/b/bishopjw-dli-neutron/John/Geant/AmBe/build/CMakeFiles/CMakeTmp'



Parsed C implicit include dir info from above output: rv=done
  found start of include info
  found start of implicit include info
    add: [/rds/bear-apps/2022a/EL8-ice/software/libarchive/3.6.1-GCCcore-11.3.0/include]
    add: [/rds/bear-apps/2022a/EL8-ice/software/Geant4/11.1.2-GCC-11.3.0/include]
    add: [/rds/bear-apps/2022a/EL8-ice/software/Qt5/5.15.5-GCCcore-11.3.0/include]
    add: [/rds/bear-apps/2022a/EL8-ice/software/nodejs/16.15.1-GCCcore-11.3.0/include]
    add: [/rds/bear-apps/2022a/EL8-ice/software/ICU/71.1-GCCcore-11.3.0/include]
    add: [/rds/bear-apps/2022a/EL8-ice/software/bzip2/1.0.8-GCCcore-11.3.0/include]
    add: [/rds/bear-apps/2022a/EL8-ice/software/JasPer/2.0.33-GCCcore-11.3.0/include]
    add: [/rds/bear-apps/2022a/EL8-ice/software/snappy/1.1.9-GCCcore-11.3.0/include]
    add: [/rds/bear-apps/2022a/EL8-ice/software/NSS/3.79-GCCcore-11.3.0/include/nss]
    add: [/rds/bear-apps/2022a/EL8-ice/software/NSS/3.79-GCCcore-11.3.0/include]
    add: [/rds/bear-apps/2022a/EL8-ice/software/NSPR/4.34-GCCcore-11.3.0/include]
    add: [/rds/bear-apps/2022a/EL8-ice/software/libjpeg-turbo/2.1.3-GCCcore-11.3.0/include]
    add: [/rds/bear-apps/2022a/EL8-ice/software/libGLU/9.0.2-GCCcore-11.3.0/include]
    add: [/rds/bear-apps/2022a/EL8-ice/software/Mesa/22.0.3-GCCcore-11.3.0/include]
    add: [/rds/bear-apps/2022a/EL8-ice/software/LLVM/12.0.1-GCCcore-11.3.0/include]
    add: [/rds/bear-apps/2022a/EL8-ice/software/libunwind/1.6.2-GCCcore-11.3.0/include]
    add: [/rds/bear-apps/2022a/EL8-ice/software/libglvnd/1.4.0-GCCcore-11.3.0/include]
    add: [/rds/bear-apps/2022a/EL8-ice/software/libdrm/2.4.110-GCCcore-11.3.0/include]
    add: [/rds/bear-apps/2022a/EL8-ice/software/zstd/1.5.2-GCCcore-11.3.0/include]
    add: [/rds/bear-apps/2022a/EL8-ice/software/lz4/1.9.3-GCCcore-11.3.0/include]
    add: [/rds/bear-apps/2022a/EL8-ice/software/libevent/2.1.12-GCCcore-11.3.0/include]
    add: [/rds/bear-apps/2022a/EL8-ice/software/DBus/1.14.0-GCCcore-11.3.0/include]
    add: [/rds/bear-apps/2022a/EL8-ice/software/fontconfig/2.14.0-GCCcore-11.3.0/include]
    add: [/rds/bear-apps/2022a/EL8-ice/software/X11/20220504-GCCcore-11.3.0/include]
    add: [/rds/bear-apps/2022a/EL8-ice/software/graphite2/1.3.14-GCCcore-11.3.0/include]
    add: [/rds/bear-apps/2022a/EL8-ice/software/HarfBuzz/4.2.1-GCCcore-11.3.0/include]
    add: [/rds/bear-apps/2022a/EL8-ice/software/freetype/2.12.1-GCCcore-11.3.0/include/freetype2]
    add: [/rds/bear-apps/2022a/EL8-ice/software/cairo/1.17.4-GCCcore-11.3.0/include]
    add: [/rds/bear-apps/2022a/EL8-ice/software/libpciaccess/0.16-GCCcore-11.3.0/include]
    add: [/rds/bear-apps/2022a/EL8-ice/software/pixman/0.40.0-GCCcore-11.3.0/include]
    add: [/rds/bear-apps/2022a/EL8-ice/software/Brotli/1.0.9-GCCcore-11.3.0/include]
    add: [/rds/bear-apps/2022a/EL8-ice/software/libpng/1.6.37-GCCcore-11.3.0/include]
    add: [/rds/bear-apps/2022a/EL8-ice/software/PCRE2/10.40-GCCcore-11.3.0/include]
    add: [/rds/bear-apps/2022a/EL8-ice/software/GLib/2.72.1-GCCcore-11.3.0/include]
    add: [/rds/bear-apps/2022a/EL8-ice/software/util-linux/2.38-GCCcore-11.3.0/include]
    add: [/rds/bear-apps/2022a/EL8-ice/software/PCRE/8.45-GCCcore-11.3.0/include]
    add: [/rds/bear-apps/2022a/EL8-ice/software/libxml2/2.9.13-GCCcore-11.3.0/include/libxml2]
    add: [/rds/bear-apps/2022a/EL8-ice/software/libxml2/2.9.13-GCCcore-11.3.0/include]
    add: [/rds/bear-apps/2022a/EL8-ice/software/gettext/0.21-GCCcore-11.3.0/include]
    add: [/rds/bear-apps/2022a/EL8-ice/software/ncurses/6.3-GCCcore-11.3.0/include]
    add: [/rds/bear-apps/2022a/EL8-ice/software/XZ/5.2.5-GCCcore-11.3.0/include]
    add: [/rds/bear-apps/2022a/EL8-ice/software/libffi/3.4.2-GCCcore-11.3.0/include]
    add: [/rds/bear-apps/2022a/EL8-ice/software/double-conversion/3.2.0-GCCcore-11.3.0/include]
    add: [/rds/bear-apps/2022a/EL8-ice/software/Xerces-C++/3.2.4-GCCcore-11.3.0/include]
    add: [/rds/bear-apps/2022a/EL8-ice/software/cURL/7.83.0-GCCcore-11.3.0/include]
    add: [/rds/bear-apps/2022a/EL8-ice/software/OpenSSL/1.1/include]
    add: [/rds/bear-apps/2022a/EL8-ice/software/CLHEP/2.4.6.2-GCC-11.3.0/include]
    add: [/rds/bear-apps/2022a/EL8-ice/software/expat/2.4.8-GCCcore-11.3.0/include]
    add: [/rds/bear-apps/2022a/EL8-ice/software/binutils/2.38-GCCcore-11.3.0/include]
    add: [/rds/bear-apps/2022a/EL8-ice/software/zlib/1.2.12-GCCcore-11.3.0/include]
    add: [/rds/bear-apps/2022a/EL8-ice/software/GCCcore/11.3.0/lib/gcc/x86_64-pc-linux-gnu/11.3.0/include]
    add: [/rds/bear-apps/2022a/EL8-ice/software/GCCcore/11.3.0/include]
    add: [/usr/include]
  end of search list found
  collapse include dir [/rds/bear-apps/2022a/EL8-ice/software/libarchive/3.6.1-GCCcore-11.3.0/include] ==> [/rds/bear-apps/2022a/EL8-ice/software/libarchive/3.6.1-GCCcore-11.3.0/include]
  collapse include dir [/rds/bear-apps/2022a/EL8-ice/software/Geant4/11.1.2-GCC-11.3.0/include] ==> [/rds/bear-apps/2022a/EL8-ice/software/Geant4/11.1.2-GCC-11.3.0/include]
  collapse include dir [/rds/bear-apps/2022a/EL8-ice/software/Qt5/5.15.5-GCCcore-11.3.0/include] ==> [/rds/bear-apps/2022a/EL8-ice/software/Qt5/5.15.5-GCCcore-11.3.0/include]
  collapse include dir [/rds/bear-apps/2022a/EL8-ice/software/nodejs/16.15.1-GCCcore-11.3.0/include] ==> [/rds/bear-apps/2022a/EL8-ice/software/nodejs/16.15.1-GCCcore-11.3.0/include]
  collapse include dir [/rds/bear-apps/2022a/EL8-ice/software/ICU/71.1-GCCcore-11.3.0/include] ==> [/rds/bear-apps/2022a/EL8-ice/software/ICU/71.1-GCCcore-11.3.0/include]
  collapse include dir [/rds/bear-apps/2022a/EL8-ice/software/bzip2/1.0.8-GCCcore-11.3.0/include] ==> [/rds/bear-apps/2022a/EL8-ice/software/bzip2/1.0.8-GCCcore-11.3.0/include]
  collapse include dir [/rds/bear-apps/2022a/EL8-ice/software/JasPer/2.0.33-GCCcore-11.3.0/include] ==> [/rds/bear-apps/2022a/EL8-ice/software/JasPer/2.0.33-GCCcore-11.3.0/include]
  collapse include dir [/rds/bear-apps/2022a/EL8-ice/software/snappy/1.1.9-GCCcore-11.3.0/include] ==> [/rds/bear-apps/2022a/EL8-ice/software/snappy/1.1.9-GCCcore-11.3.0/include]
  collapse include dir [/rds/bear-apps/2022a/EL8-ice/software/NSS/3.79-GCCcore-11.3.0/include/nss] ==> [/rds/bear-apps/2022a/EL8-ice/software/NSS/3.79-GCCcore-11.3.0/include/nss]
  collapse include dir [/rds/bear-apps/2022a/EL8-ice/software/NSS/3.79-GCCcore-11.3.0/include] ==> [/rds/bear-apps/2022a/EL8-ice/software/NSS/3.79-GCCcore-11.3.0/include]
  collapse include dir [/rds/bear-apps/2022a/EL8-ice/software/NSPR/4.34-GCCcore-11.3.0/include] ==> [/rds/bear-apps/2022a/EL8-ice/software/NSPR/4.34-GCCcore-11.3.0/include]
  collapse include dir [/rds/bear-apps/2022a/EL8-ice/software/libjpeg-turbo/2.1.3-GCCcore-11.3.0/include] ==> [/rds/bear-apps/2022a/EL8-ice/software/libjpeg-turbo/2.1.3-GCCcore-11.3.0/include]
  collapse include dir [/rds/bear-apps/2022a/EL8-ice/software/libGLU/9.0.2-GCCcore-11.3.0/include] ==> [/rds/bear-apps/2022a/EL8-ice/software/libGLU/9.0.2-GCCcore-11.3.0/include]
  collapse include dir [/rds/bear-apps/2022a/EL8-ice/software/Mesa/22.0.3-GCCcore-11.3.0/include] ==> [/rds/bear-apps/2022a/EL8-ice/software/Mesa/22.0.3-GCCcore-11.3.0/include]
  collapse include dir [/rds/bear-apps/2022a/EL8-ice/software/LLVM/12.0.1-GCCcore-11.3.0/include] ==> [/rds/bear-apps/2022a/EL8-ice/software/LLVM/12.0.1-GCCcore-11.3.0/include]
  collapse include dir [/rds/bear-apps/2022a/EL8-ice/software/libunwind/1.6.2-GCCcore-11.3.0/include] ==> [/rds/bear-apps/2022a/EL8-ice/software/libunwind/1.6.2-GCCcore-11.3.0/include]
  collapse include dir [/rds/bear-apps/2022a/EL8-ice/software/libglvnd/1.4.0-GCCcore-11.3.0/include] ==> [/rds/bear-apps/2022a/EL8-ice/software/libglvnd/1.4.0-GCCcore-11.3.0/include]
  collapse include dir [/rds/bear-apps/2022a/EL8-ice/software/libdrm/2.4.110-GCCcore-11.3.0/include] ==> [/rds/bear-apps/2022a/EL8-ice/software/libdrm/2.4.110-GCCcore-11.3.0/include]
  collapse include dir [/rds/bear-apps/2022a/EL8-ice/software/zstd/1.5.2-GCCcore-11.3.0/include] ==> [/rds/bear-apps/2022a/EL8-ice/software/zstd/1.5.2-GCCcore-11.3.0/include]
  collapse include dir [/rds/bear-apps/2022a/EL8-ice/software/lz4/1.9.3-GCCcore-11.3.0/include] ==> [/rds/bear-apps/2022a/EL8-ice/software/lz4/1.9.3-GCCcore-11.3.0/include]
  collapse include dir [/rds/bear-apps/2022a/EL8-ice/software/libevent/2.1.12-GCCcore-11.3.0/include] ==> [/rds/bear-apps/2022a/EL8-ice/software/libevent/2.1.12-GCCcore-11.3.0/include]
  collapse include dir [/rds/bear-apps/2022a/EL8-ice/software/DBus/1.14.0-GCCcore-11.3.0/include] ==> [/rds/bear-apps/2022a/EL8-ice/software/DBus/1.14.0-GCCcore-11.3.0/include]
  collapse include dir [/rds/bear-apps/2022a/EL8-ice/software/fontconfig/2.14.0-GCCcore-11.3.0/include] ==> [/rds/bear-apps/2022a/EL8-ice/software/fontconfig/2.14.0-GCCcore-11.3.0/include]
  collapse include dir [/rds/bear-apps/2022a/EL8-ice/software/X11/20220504-GCCcore-11.3.0/include] ==> [/rds/bear-apps/2022a/EL8-ice/software/X11/20220504-GCCcore-11.3.0/include]
  collapse include dir [/rds/bear-apps/2022a/EL8-ice/software/graphite2/1.3.14-GCCcore-11.3.0/include] ==> [/rds/bear-apps/2022a/EL8-ice/software/graphite2/1.3.14-GCCcore-11.3.0/include]
  collapse include dir [/rds/bear-apps/2022a/EL8-ice/software/HarfBuzz/4.2.1-GCCcore-11.3.0/include] ==> [/rds/bear-apps/2022a/EL8-ice/software/HarfBuzz/4.2.1-GCCcore-11.3.0/include]
  collapse include dir [/rds/bear-apps/2022a/EL8-ice/software/freetype/2.12.1-GCCcore-11.3.0/include/freetype2] ==> [/rds/bear-apps/2022a/EL8-ice/software/freetype/2.12.1-GCCcore-11.3.0/include/freetype2]
  collapse include dir [/rds/bear-apps/2022a/EL8-ice/software/cairo/1.17.4-GCCcore-11.3.0/include] ==> [/rds/bear-apps/2022a/EL8-ice/software/cairo/1.17.4-GCCcore-11.3.0/include]
  collapse include dir [/rds/bear-apps/2022a/EL8-ice/software/libpciaccess/0.16-GCCcore-11.3.0/include] ==> [/rds/bear-apps/2022a/EL8-ice/software/libpciaccess/0.16-GCCcore-11.3.0/include]
  collapse include dir [/rds/bear-apps/2022a/EL8-ice/software/pixman/0.40.0-GCCcore-11.3.0/include] ==> [/rds/bear-apps/2022a/EL8-ice/software/pixman/0.40.0-GCCcore-11.3.0/include]
  collapse include dir [/rds/bear-apps/2022a/EL8-ice/software/Brotli/1.0.9-GCCcore-11.3.0/include] ==> [/rds/bear-apps/2022a/EL8-ice/software/Brotli/1.0.9-GCCcore-11.3.0/include]
  collapse include dir [/rds/bear-apps/2022a/EL8-ice/software/libpng/1.6.37-GCCcore-11.3.0/include] ==> [/rds/bear-apps/2022a/EL8-ice/software/libpng/1.6.37-GCCcore-11.3.0/include]
  collapse include dir [/rds/bear-apps/2022a/EL8-ice/software/PCRE2/10.40-GCCcore-11.3.0/include] ==> [/rds/bear-apps/2022a/EL8-ice/software/PCRE2/10.40-GCCcore-11.3.0/include]
  collapse include dir [/rds/bear-apps/2022a/EL8-ice/software/GLib/2.72.1-GCCcore-11.3.0/include] ==> [/rds/bear-apps/2022a/EL8-ice/software/GLib/2.72.1-GCCcore-11.3.0/include]
  collapse include dir [/rds/bear-apps/2022a/EL8-ice/software/util-linux/2.38-GCCcore-11.3.0/include] ==> [/rds/bear-apps/2022a/EL8-ice/software/util-linux/2.38-GCCcore-11.3.0/include]
  collapse include dir [/rds/bear-apps/2022a/EL8-ice/software/PCRE/8.45-GCCcore-11.3.0/include] ==> [/rds/bear-apps/2022a/EL8-ice/software/PCRE/8.45-GCCcore-11.3.0/include]
  collapse include dir [/rds/bear-apps/2022a/EL8-ice/software/libxml2/2.9.13-GCCcore-11.3.0/include/libxml2] ==> [/rds/bear-apps/2022a/EL8-ice/software/libxml2/2.9.13-GCCcore-11.3.0/include/libxml2]
  collapse include dir [/rds/bear-apps/2022a/EL8-ice/software/libxml2/2.9.13-GCCcore-11.3.0/include] ==> [/rds/bear-apps/2022a/EL8-ice/software/libxml2/2.9.13-GCCcore-11.3.0/include]
  collapse include dir [/rds/bear-apps/2022a/EL8-ice/software/gettext/0.21-GCCcore-11.3.0/include] ==> [/rds/bear-apps/2022a/EL8-ice/software/gettext/0.21-GCCcore-11.3.0/include]
  collapse include dir [/rds/bear-apps/2022a/EL8-ice/software/ncurses/6.3-GCCcore-11.3.0/include] ==> [/rds/bear-apps/2022a/EL8-ice/software/ncurses/6.3-GCCcore-11.3.0/include]
  collapse include dir [/rds/bear-apps/2022a/EL8-ice/software/XZ/5.2.5-GCCcore-11.3.0/include] ==> [/rds/bear-apps/2022a/EL8-ice/software/XZ/5.2.5-GCCcore-11.3.0/include]
  collapse include dir [/rds/bear-apps/2022a/EL8-ice/software/libffi/3.4.2-GCCcore-11.3.0/include] ==> [/rds/bear-apps/2022a/EL8-ice/software/libffi/3.4.2-GCCcore-11.3.0/include]
  collapse include dir [/rds/bear-apps/2022a/EL8-ice/software/double-conversion/3.2.0-GCCcore-11.3.0/include] ==> [/rds/bear-apps/2022a/EL8-ice/software/double-conversion/3.2.0-GCCcore-11.3.0/include]
  collapse include dir [/rds/bear-apps/2022a/EL8-ice/software/Xerces-C++/3.2.4-GCCcore-11.3.0/include] ==> [/rds/bear-apps/2022a/EL8-ice/software/Xerces-C++/3.2.4-GCCcore-11.3.0/include]
  collapse include dir [/rds/bear-apps/2022a/EL8-ice/software/cURL/7.83.0-GCCcore-11.3.0/include] ==> [/rds/bear-apps/2022a/EL8-ice/software/cURL/7.83.0-GCCcore-11.3.0/include]
  collapse include dir [/rds/bear-apps/2022a/EL8-ice/software/OpenSSL/1.1/include] ==> [/rds/bear-apps/2022a/EL8-ice/software/OpenSSL/1.1/include]
  collapse include dir [/rds/bear-apps/2022a/EL8-ice/software/CLHEP/2.4.6.2-GCC-11.3.0/include] ==> [/rds/bear-apps/2022a/EL8-ice/software/CLHEP/2.4.6.2-GCC-11.3.0/include]
  collapse include dir [/rds/bear-apps/2022a/EL8-ice/software/expat/2.4.8-GCCcore-11.3.0/include] ==> [/rds/bear-apps/2022a/EL8-ice/software/expat/2.4.8-GCCcore-11.3.0/include]
  collapse include dir [/rds/bear-apps/2022a/EL8-ice/software/binutils/2.38-GCCcore-11.3.0/include] ==> [/rds/bear-apps/2022a/EL8-ice/software/binutils/2.38-GCCcore-11.3.0/include]
  collapse include dir [/rds/bear-apps/2022a/EL8-ice/software/zlib/1.2.12-GCCcore-11.3.0/include] ==> [/rds/bear-apps/2022a/EL8-ice/software/zlib/1.2.12-GCCcore-11.3.0/include]
  collapse include dir [/rds/bear-apps/2022a/EL8-ice/software/GCCcore/11.3.0/lib/gcc/x86_64-pc-linux-gnu/11.3.0/include] ==> [/rds/bear-apps/2022a/EL8-ice/software/GCCcore/11.3.0/lib/gcc/x86_64-pc-linux-gnu/11.3.0/include]
  collapse include dir [/rds/bear-apps/2022a/EL8-ice/software/GCCcore/11.3.0/include] ==> [/rds/bear-apps/2022a/EL8-ice/software/GCCcore/11.3.0/include]
  collapse include dir [/usr/include] ==> [/usr/include]
  implicit include dirs: [/rds/bear-apps/2022a/EL8-ice/software/libarchive/3.6.1-GCCcore-11.3.0/include;/rds/bear-apps/2022a/EL8-ice/software/Geant4/11.1.2-GCC-11.3.0/include;/rds/bear-apps/2022a/EL8-ice/software/Qt5/5.15.5-GCCcore-11.3.0/include;/rds/bear-apps/2022a/EL8-ice/software/nodejs/16.15.1-GCCcore-11.3.0/include;/rds/bear-apps/2022a/EL8-ice/software/ICU/71.1-GCCcore-11.3.0/include;/rds/bear-apps/2022a/EL8-ice/software/bzip2/1.0.8-GCCcore-11.3.0/include;/rds/bear-apps/2022a/EL8-ice/software/JasPer/2.0.33-GCCcore-11.3.0/include;/rds/bear-apps/2022a/EL8-ice/software/snappy/1.1.9-GCCcore-11.3.0/include;/rds/bear-apps/2022a/EL8-ice/software/NSS/3.79-GCCcore-11.3.0/include/nss;/rds/bear-apps/2022a/EL8-ice/software/NSS/3.79-GCCcore-11.3.0/include;/rds/bear-apps/2022a/EL8-ice/software/NSPR/4.34-GCCcore-11.3.0/include;/rds/bear-apps/2022a/EL8-ice/software/libjpeg-turbo/2.1.3-GCCcore-11.3.0/include;/rds/bear-apps/2022a/EL8-ice/software/libGLU/9.0.2-GCCcore-11.3.0/include;/rds/bear-apps/2022a/EL8-ice/software/Mesa/22.0.3-GCCcore-11.3.0/include;/rds/bear-apps/2022a/EL8-ice/software/LLVM/12.0.1-GCCcore-11.3.0/include;/rds/bear-apps/2022a/EL8-ice/software/libunwind/1.6.2-GCCcore-11.3.0/include;/rds/bear-apps/2022a/EL8-ice/software/libglvnd/1.4.0-GCCcore-11.3.0/include;/rds/bear-apps/2022a/EL8-ice/software/libdrm/2.4.110-GCCcore-11.3.0/include;/rds/bear-apps/2022a/EL8-ice/software/zstd/1.5.2-GCCcore-11.3.0/include;/rds/bear-apps/2022a/EL8-ice/software/lz4/1.9.3-GCCcore-11.3.0/include;/rds/bear-apps/2022a/EL8-ice/software/libevent/2.1.12-GCCcore-11.3.0/include;/rds/bear-apps/2022a/EL8-ice/software/DBus/1.14.0-GCCcore-11.3.0/include;/rds/bear-apps/2022a/EL8-ice/software/fontconfig/2.14.0-GCCcore-11.3.0/include;/rds/bear-apps/2022a/EL8-ice/software/X11/20220504-GCCcore-11.3.0/include;/rds/bear-apps/2022a/EL8-ice/software/graphite2/1.3.14-GCCcore-11.3.0/include;/rds/bear-apps/2022a/EL8-ice/software/HarfBuzz/4.2.1-GCCcore-11.3.0/include;/rds/bear-apps/2022a/EL8-ice/software/freetype/2.12.1-GCCcore-11.3.0/include/freetype2;/rds/bear-apps/2022a/EL8-ice/software/cairo/1.17.4-GCCcore-11.3.0/include;/rds/bear-apps/2022a/EL8-ice/software/libpciaccess/0.16-GCCcore-11.3.0/include;/rds/bear-apps/2022a/EL8-ice/software/pixman/0.40.0-GCCcore-11.3.0/include;/rds/bear-apps/2022a/EL8-ice/software/Brotli/1.0.9-GCCcore-11.3.0/include;/rds/bear-apps/2022a/EL8-ice/software/libpng/1.6.37-GCCcore-11.3.0/include;/rds/bear-apps/2022a/EL8-ice/software/PCRE2/10.40-GCCcore-11.3.0/include;/rds/bear-apps/2022a/EL8-ice/software/GLib/2.72.1-GCCcore-11.3.0/include;/rds/bear-apps/2022a/EL8-ice/software/util-linux/2.38-GCCcore-11.3.0/include;/rds/bear-apps/2022a/EL8-ice/software/PCRE/8.45-GCCcore-11.3.0/include;/rds/bear-apps/2022a/EL8-ice/software/libxml2/2.9.13-GCCcore-11.3.0/include/libxml2;/rds/bear-apps/2022a/EL8-ice/software/libxml2/2.9.13-GCCcore-11.3.0/include;/rds/bear-apps/2022a/EL8-ice/software/gettext/0.21-GCCcore-11.3.0/include;/rds/bear-apps/2022a/EL8-ice/software/ncurses/6.3-GCCcore-11.3.0/include;/rds/bear-apps/2022a/EL8-ice/software/XZ/5.2.5-GCCcore-11.3.0/include;/rds/bear-apps/2022a/EL8-ice/software/libffi/3.4.2-GCCcore-11.3.0/include;/rds/bear-apps/2022a/EL8-ice/software/double-conversion/3.2.0-GCCcore-11.3.0/include;/rds/bear-apps/2022a/EL8-ice/software/Xerces-C++/3.2.4-GCCcore-11.3.0/include;/rds/bear-apps/2022a/EL8-ice/software/cURL/7.83.0-GCCcore-11.3.0/include;/rds/bear-apps/2022a/EL8-ice/software/OpenSSL/1.1/include;/rds/bear-apps/2022a/EL8-ice/software/CLHEP/2.4.6.2-GCC-11.3.0/include;/rds/bear-apps/2022a/EL8-ice/software/expat/2.4.8-GCCcore-11.3.0/include;/rds/bear-apps/2022a/EL8-ice/software/binutils/2.38-GCCcore-11.3.0/include;/rds/bear-apps/2022a/EL8-ice/software/zlib/1.2.12-GCCcore-11.3.0/include;/rds/bear-apps/2022a/EL8-ice/software/GCCcore/11.3.0/lib/gcc/x86_64-pc-linux-gnu/11.3.0/include;/rds/bear-apps/2022a/EL8-ice/software/GCCcore/11.3.0/include;/usr/include]


Parsed C implicit link information from above output:
  link line regex: [^( *|.*[/\])(ld|CMAKE_LINK_STARTFILE-NOTFOUND|([^/\]+-)?ld|collect2)[^/\]*( |$)]
  ignore line: [Change Dir: /rds/projects/b/bishopjw-dli-neutron/John/Geant/AmBe/build/CMakeFiles/CMakeTmp]
  ignore line: []
  ignore line: [Run Build Command(s):/usr/bin/gmake -f Makefile cmTC_b4799/fast && /usr/bin/gmake  -f CMakeFiles/cmTC_b4799.dir/build.make CMakeFiles/cmTC_b4799.dir/build]
  ignore line: [gmake[1]: Entering directory '/rds/projects/b/bishopjw-dli-neutron/John/Geant/AmBe/build/CMakeFiles/CMakeTmp']
  ignore line: [Building C object CMakeFiles/cmTC_b4799.dir/CMakeCCompilerABI.c.o]
  ignore line: [/rds/bear-apps/2022a/EL8-ice/software/GCCcore/11.3.0/bin/cc   -v -o CMakeFiles/cmTC_b4799.dir/CMakeCCompilerABI.c.o -c /rds/bear-apps/2022a/EL8-ice/software/CMake/3.24.3-GCCcore-11.3.0/share/cmake-3.24/Modules/CMakeCCompilerABI.c]
  ignore line: [Using built-in specs.]
  ignore line: [COLLECT_GCC=/rds/bear-apps/2022a/EL8-ice/software/GCCcore/11.3.0/bin/cc]
  ignore line: [OFFLOAD_TARGET_NAMES=nvptx-none]
  ignore line: [Target: x86_64-pc-linux-gnu]
  ignore line: [Configured with: ../configure --enable-languages=c,c++,fortran --without-cuda-driver --enable-offload-targets=nvptx-none --enable-lto --enable-checking=release --disable-multilib --enable-shared=yes --enable-static=yes --enable-threads=posix --enable-plugins --enable-gold --enable-ld=default --prefix=/rds/bear-apps/2022a/EL8-ice/software/GCCcore/11.3.0 --with-local-prefix=/rds/bear-apps/2022a/EL8-ice/software/GCCcore/11.3.0 --enable-bootstrap --with-isl=/dev/shm/branfosj-admin/build-2022a/GCCcore/11.3.0/system-system/gcc-11.3.0/stage2_stuff --build=x86_64-pc-linux-gnu --host=x86_64-pc-linux-gnu]
  ignore line: [Thread model: posix]
  ignore line: [Supported LTO compression algorithms: zlib]
  ignore line: [gcc version 11.3.0 (GCC) ]
  ignore line: [COLLECT_GCC_OPTIONS='-v' '-o' 'CMakeFiles/cmTC_b4799.dir/CMakeCCompilerABI.c.o' '-c' '-mtune=generic' '-march=x86-64' '-dumpdir' 'CMakeFiles/cmTC_b4799.dir/']
  ignore line: [ /rds/bear-apps/2022a/EL8-ice/software/GCCcore/11.3.0/libexec/gcc/x86_64-pc-linux-gnu/11.3.0/cc1 -quiet -v /rds/bear-apps/2022a/EL8-ice/software/CMake/3.24.3-GCCcore-11.3.0/share/cmake-3.24/Modules/CMakeCCompilerABI.c -quiet -dumpdir CMakeFiles/cmTC_b4799.dir/ -dumpbase CMakeCCompilerABI.c.c -dumpbase-ext .c -mtune=generic -march=x86-64 -version -o /tmp/ccWFnxkB.s]
  ignore line: [GNU C17 (GCC) version 11.3.0 (x86_64-pc-linux-gnu)]
  ignore line: [	compiled by GNU C version 11.3.0  GMP version 6.2.1  MPFR version 4.1.0  MPC version 1.2.1  isl version isl-0.24-GMP]
  ignore line: []
  ignore line: [GGC heuristics: --param ggc-min-expand=100 --param ggc-min-heapsize=131072]
  ignore line: [ignoring nonexistent directory "/rds/bear-apps/2022a/EL8-ice/software/GCCcore/11.3.0/lib/gcc/x86_64-pc-linux-gnu/11.3.0/include-fixed"]
  ignore line: [ignoring nonexistent directory "/rds/bear-apps/2022a/EL8-ice/software/GCCcore/11.3.0/lib/gcc/x86_64-pc-linux-gnu/11.3.0/../../../../x86_64-pc-linux-gnu/include"]
  ignore line: [#include "..." search starts here:]
  ignore line: [#include <...> search starts here:]
  ignore line: [ /rds/bear-apps/2022a/EL8-ice/software/libarchive/3.6.1-GCCcore-11.3.0/include]
  ignore line: [ /rds/bear-apps/2022a/EL8-ice/software/Geant4/11.1.2-GCC-11.3.0/include]
  ignore line: [ /rds/bear-apps/2022a/EL8-ice/software/Qt5/5.15.5-GCCcore-11.3.0/include]
  ignore line: [ /rds/bear-apps/2022a/EL8-ice/software/nodejs/16.15.1-GCCcore-11.3.0/include]
  ignore line: [ /rds/bear-apps/2022a/EL8-ice/software/ICU/71.1-GCCcore-11.3.0/include]
  ignore line: [ /rds/bear-apps/2022a/EL8-ice/software/bzip2/1.0.8-GCCcore-11.3.0/include]
  ignore line: [ /rds/bear-apps/2022a/EL8-ice/software/JasPer/2.0.33-GCCcore-11.3.0/include]
  ignore line: [ /rds/bear-apps/2022a/EL8-ice/software/snappy/1.1.9-GCCcore-11.3.0/include]
  ignore line: [ /rds/bear-apps/2022a/EL8-ice/software/NSS/3.79-GCCcore-11.3.0/include/nss]
  ignore line: [ /rds/bear-apps/2022a/EL8-ice/software/NSS/3.79-GCCcore-11.3.0/include]
  ignore line: [ /rds/bear-apps/2022a/EL8-ice/software/NSPR/4.34-GCCcore-11.3.0/include]
  ignore line: [ /rds/bear-apps/2022a/EL8-ice/software/libjpeg-turbo/2.1.3-GCCcore-11.3.0/include]
  ignore line: [ /rds/bear-apps/2022a/EL8-ice/software/libGLU/9.0.2-GCCcore-11.3.0/include]
  ignore line: [ /rds/bear-apps/2022a/EL8-ice/software/Mesa/22.0.3-GCCcore-11.3.0/include]
  ignore line: [ /rds/bear-apps/2022a/EL8-ice/software/LLVM/12.0.1-GCCcore-11.3.0/include]
  ignore line: [ /rds/bear-apps/2022a/EL8-ice/software/libunwind/1.6.2-GCCcore-11.3.0/include]
  ignore line: [ /rds/bear-apps/2022a/EL8-ice/software/libglvnd/1.4.0-GCCcore-11.3.0/include]
  ignore line: [ /rds/bear-apps/2022a/EL8-ice/software/libdrm/2.4.110-GCCcore-11.3.0/include]
  ignore line: [ /rds/bear-apps/2022a/EL8-ice/software/zstd/1.5.2-GCCcore-11.3.0/include]
  ignore line: [ /rds/bear-apps/2022a/EL8-ice/software/lz4/1.9.3-GCCcore-11.3.0/include]
  ignore line: [ /rds/bear-apps/2022a/EL8-ice/software/libevent/2.1.12-GCCcore-11.3.0/include]
  ignore line: [ /rds/bear-apps/2022a/EL8-ice/software/DBus/1.14.0-GCCcore-11.3.0/include]
  ignore line: [ /rds/bear-apps/2022a/EL8-ice/software/fontconfig/2.14.0-GCCcore-11.3.0/include]
  ignore line: [ /rds/bear-apps/2022a/EL8-ice/software/X11/20220504-GCCcore-11.3.0/include]
  ignore line: [ /rds/bear-apps/2022a/EL8-ice/software/graphite2/1.3.14-GCCcore-11.3.0/include]
  ignore line: [ /rds/bear-apps/2022a/EL8-ice/software/HarfBuzz/4.2.1-GCCcore-11.3.0/include]
  ignore line: [ /rds/bear-apps/2022a/EL8-ice/software/freetype/2.12.1-GCCcore-11.3.0/include/freetype2]
  ignore line: [ /rds/bear-apps/2022a/EL8-ice/software/cairo/1.17.4-GCCcore-11.3.0/include]
  ignore line: [ /rds/bear-apps/2022a/EL8-ice/software/libpciaccess/0.16-GCCcore-11.3.0/include]
  ignore line: [ /rds/bear-apps/2022a/EL8-ice/software/pixman/0.40.0-GCCcore-11.3.0/include]
  ignore line: [ /rds/bear-apps/2022a/EL8-ice/software/Brotli/1.0.9-GCCcore-11.3.0/include]
  ignore line: [ /rds/bear-apps/2022a/EL8-ice/software/libpng/1.6.37-GCCcore-11.3.0/include]
  ignore line: [ /rds/bear-apps/2022a/EL8-ice/software/PCRE2/10.40-GCCcore-11.3.0/include]
  ignore line: [ /rds/bear-apps/2022a/EL8-ice/software/GLib/2.72.1-GCCcore-11.3.0/include]
  ignore line: [ /rds/bear-apps/2022a/EL8-ice/software/util-linux/2.38-GCCcore-11.3.0/include]
  ignore line: [ /rds/bear-apps/2022a/EL8-ice/software/PCRE/8.45-GCCcore-11.3.0/include]
  ignore line: [ /rds/bear-apps/2022a/EL8-ice/software/libxml2/2.9.13-GCCcore-11.3.0/include/libxml2]
  ignore line: [ /rds/bear-apps/2022a/EL8-ice/software/libxml2/2.9.13-GCCcore-11.3.0/include]
  ignore line: [ /rds/bear-apps/2022a/EL8-ice/software/gettext/0.21-GCCcore-11.3.0/include]
  ignore line: [ /rds/bear-apps/2022a/EL8-ice/software/ncurses/6.3-GCCcore-11.3.0/include]
  ignore line: [ /rds/bear-apps/2022a/EL8-ice/software/XZ/5.2.5-GCCcore-11.3.0/include]
  ignore line: [ /rds/bear-apps/2022a/EL8-ice/software/libffi/3.4.2-GCCcore-11.3.0/include]
  ignore line: [ /rds/bear-apps/2022a/EL8-ice/software/double-conversion/3.2.0-GCCcore-11.3.0/include]
  ignore line: [ /rds/bear-apps/2022a/EL8-ice/software/Xerces-C++/3.2.4-GCCcore-11.3.0/include]
  ignore line: [ /rds/bear-apps/2022a/EL8-ice/software/cURL/7.83.0-GCCcore-11.3.0/include]
  ignore line: [ /rds/bear-apps/2022a/EL8-ice/software/OpenSSL/1.1/include]
  ignore line: [ /rds/bear-apps/2022a/EL8-ice/software/CLHEP/2.4.6.2-GCC-11.3.0/include]
  ignore line: [ /rds/bear-apps/2022a/EL8-ice/software/expat/2.4.8-GCCcore-11.3.0/include]
  ignore line: [ /rds/bear-apps/2022a/EL8-ice/software/binutils/2.38-GCCcore-11.3.0/include]
  ignore line: [ /rds/bear-apps/2022a/EL8-ice/software/zlib/1.2.12-GCCcore-11.3.0/include]
  ignore line: [ /rds/bear-apps/2022a/EL8-ice/software/GCCcore/11.3.0/lib/gcc/x86_64-pc-linux-gnu/11.3.0/include]
  ignore line: [ /rds/bear-apps/2022a/EL8-ice/software/GCCcore/11.3.0/include]
  ignore line: [ /usr/include]
  ignore line: [End of search list.]
  ignore line: [GNU C17 (GCC) version 11.3.0 (x86_64-pc-linux-gnu)]
  ignore line: [	compiled by GNU C version 11.3.0  GMP version 6.2.1  MPFR version 4.1.0  MPC version 1.2.1  isl version isl-0.24-GMP]
  ignore line: []
  ignore line: [GGC heuristics: --param ggc-min-expand=100 --param ggc-min-heapsize=131072]
  ignore line: [Compiler executable checksum: 12c9efe274d61c8bab5caa69b8d8b7a8]
  ignore line: [COLLECT_GCC_OPTIONS='-v' '-o' 'CMakeFiles/cmTC_b4799.dir/CMakeCCompilerABI.c.o' '-c' '-mtune=generic' '-march=x86-64' '-dumpdir' 'CMakeFiles/cmTC_b4799.dir/']
  ignore line: [ as -v --64 -o CMakeFiles/cmTC_b4799.dir/CMakeCCompilerABI.c.o /tmp/ccWFnxkB.s]
  ignore line: [GNU assembler version 2.38 (x86_64-pc-linux-gnu) using BFD version (GNU Binutils) 2.38]
  ignore line: [COMPILER_PATH=/rds/bear-apps/2022a/EL8-ice/software/GCCcore/11.3.0/libexec/gcc/x86_64-pc-linux-gnu/11.3.0/:/rds/bear-apps/2022a/EL8-ice/software/GCCcore/11.3.0/libexec/gcc/x86_64-pc-linux-gnu/11.3.0/:/rds/bear-apps/2022a/EL8-ice/software/GCCcore/11.3.0/libexec/gcc/x86_64-pc-linux-gnu/:/rds/bear-apps/2022a/EL8-ice/software/GCCcore/11.3.0/lib/gcc/x86_64-pc-linux-gnu/11.3.0/:/rds/bear-apps/2022a/EL8-ice/software/GCCcore/11.3.0/lib/gcc/x86_64-pc-linux-gnu/]
  ignore line: [LIBRARY_PATH=/rds/bear-apps/2022a/EL8-ice/software/libarchive/3.6.1-GCCcore-11.3.0/lib/../lib64/:/rds/bear-apps/2022a/EL8-ice/software/Geant4/11.1.2-GCC-11.3.0/lib/../lib64/:/rds/bear-apps/2022a/EL8-ice/software/Qt5/5.15.5-GCCcore-11.3.0/lib/../lib64/:/rds/bear-apps/2022a/EL8-ice/software/nodejs/16.15.1-GCCcore-11.3.0/lib/../lib64/:/rds/bear-apps/2022a/EL8-ice/software/ICU/71.1-GCCcore-11.3.0/lib/../lib64/:/rds/bear-apps/2022a/EL8-ice/software/bzip2/1.0.8-GCCcore-11.3.0/lib/../lib64/:/rds/bear-apps/2022a/EL8-ice/software/JasPer/2.0.33-GCCcore-11.3.0/lib/../lib64/:/rds/bear-apps/2022a/EL8-ice/software/snappy/1.1.9-GCCcore-11.3.0/lib/../lib64/:/rds/bear-apps/2022a/EL8-ice/software/NSS/3.79-GCCcore-11.3.0/lib/../lib64/:/rds/bear-apps/2022a/EL8-ice/software/NSPR/4.34-GCCcore-11.3.0/lib/../lib64/:/rds/bear-apps/2022a/EL8-ice/software/libjpeg-turbo/2.1.3-GCCcore-11.3.0/lib/../lib64/:/rds/bear-apps/2022a/EL8-ice/software/libGLU/9.0.2-GCCcore-11.3.0/lib/../lib64/:/rds/bear-apps/2022a/EL8-ice/software/Mesa/22.0.3-GCCcore-11.3.0/lib/../lib64/:/rds/bear-apps/2022a/EL8-ice/software/LLVM/12.0.1-GCCcore-11.3.0/lib/../lib64/:/rds/bear-apps/2022a/EL8-ice/software/libunwind/1.6.2-GCCcore-11.3.0/lib/../lib64/:/rds/bear-apps/2022a/EL8-ice/software/libglvnd/1.4.0-GCCcore-11.3.0/lib/../lib64/:/rds/bear-apps/2022a/EL8-ice/software/libdrm/2.4.110-GCCcore-11.3.0/lib/../lib64/:/rds/bear-apps/2022a/EL8-ice/software/zstd/1.5.2-GCCcore-11.3.0/lib/../lib64/:/rds/bear-apps/2022a/EL8-ice/software/lz4/1.9.3-GCCcore-11.3.0/lib/../lib64/:/rds/bear-apps/2022a/EL8-ice/software/libevent/2.1.12-GCCcore-11.3.0/lib/../lib64/:/rds/bear-apps/2022a/EL8-ice/software/DBus/1.14.0-GCCcore-11.3.0/lib/../lib64/:/rds/bear-apps/2022a/EL8-ice/software/fontconfig/2.14.0-GCCcore-11.3.0/lib/../lib64/:/rds/bear-apps/2022a/EL8-ice/software/X11/20220504-GCCcore-11.3.0/lib/../lib64/:/rds/bear-apps/2022a/EL8-ice/software/graphite2/1.3.14-GCCcore-11.3.0/lib/../lib64/:/rds/bear-apps/2022a/EL8-ice/software/HarfBuzz/4.2.1-GCCcore-11.3.0/lib/../lib64/:/rds/bear-apps/2022a/EL8-ice/software/freetype/2.12.1-GCCcore-11.3.0/lib/../lib64/:/rds/bear-apps/2022a/EL8-ice/software/cairo/1.17.4-GCCcore-11.3.0/lib/../lib64/:/rds/bear-apps/2022a/EL8-ice/software/libpciaccess/0.16-GCCcore-11.3.0/lib/../lib64/:/rds/bear-apps/2022a/EL8-ice/software/pixman/0.40.0-GCCcore-11.3.0/lib/../lib64/:/rds/bear-apps/2022a/EL8-ice/software/Brotli/1.0.9-GCCcore-11.3.0/lib/../lib64/:/rds/bear-apps/2022a/EL8-ice/software/libpng/1.6.37-GCCcore-11.3.0/lib/../lib64/:/rds/bear-apps/2022a/EL8-ice/software/PCRE2/10.40-GCCcore-11.3.0/lib/../lib64/:/rds/bear-apps/2022a/EL8-ice/software/GLib/2.72.1-GCCcore-11.3.0/lib/../lib64/:/rds/bear-apps/2022a/EL8-ice/software/util-linux/2.38-GCCcore-11.3.0/lib/../lib64/:/rds/bear-apps/2022a/EL8-ice/software/PCRE/8.45-GCCcore-11.3.0/lib/../lib64/:/rds/bear-apps/2022a/EL8-ice/software/libxml2/2.9.13-GCCcore-11.3.0/lib/../lib64/:/rds/bear-apps/2022a/EL8-ice/software/gettext/0.21-GCCcore-11.3.0/lib/../lib64/:/rds/bear-apps/2022a/EL8-ice/software/ncurses/6.3-GCCcore-11.3.0/lib/../lib64/:/rds/bear-apps/2022a/EL8-ice/software/XZ/5.2.5-GCCcore-11.3.0/lib/../lib64/:/rds/bear-apps/2022a/EL8-ice/software/libffi/3.4.2-GCCcore-11.3.0/lib64/../lib64/:/rds/bear-apps/2022a/EL8-ice/software/libffi/3.4.2-GCCcore-11.3.0/lib/../lib64/:/rds/bear-apps/2022a/EL8-ice/software/double-conversion/3.2.0-GCCcore-11.3.0/lib/../lib64/:/rds/bear-apps/2022a/EL8-ice/software/Xerces-C++/3.2.4-GCCcore-11.3.0/lib/../lib64/:/rds/bear-apps/2022a/EL8-ice/software/cURL/7.83.0-GCCcore-11.3.0/lib/../lib64/:/rds/bear-apps/2022a/EL8-ice/software/OpenSSL/1.1/lib/../lib64/:/rds/bear-apps/2022a/EL8-ice/software/CLHEP/2.4.6.2-GCC-11.3.0/lib/../lib64/:/rds/bear-apps/2022a/EL8-ice/software/expat/2.4.8-GCCcore-11.3.0/lib/../lib64/:/rds/bear-apps/2022a/EL8-ice/software/binutils/2.38-GCCcore-11.3.0/lib/../lib64/:/rds/bear-apps/2022a/EL8-ice/software/zlib/1.2.12-GCCcore-11.3.0/lib/../lib64/:/rds/bear-apps/2022a/EL8-ice/software/GCCcore/11.3.0/lib/gcc/x86_64-pc-linux-gnu/11.3.0/:/rds/bear-apps/2022a/EL8-ice/software/GCCcore/11.3.0/lib/gcc/x86_64-pc-linux-gnu/11.3.0/../../../../lib64/:/lib/../lib64/:/usr/lib/../lib64/:/rds/bear-apps/2022a/EL8-ice/software/libarchive/3.6.1-GCCcore-11.3.0/lib/:/rds/bear-apps/2022a/EL8-ice/software/Geant4/11.1.2-GCC-11.3.0/lib/:/rds/bear-apps/2022a/EL8-ice/software/Qt5/5.15.5-GCCcore-11.3.0/lib/:/rds/bear-apps/2022a/EL8-ice/software/nodejs/16.15.1-GCCcore-11.3.0/lib/:/rds/bear-apps/2022a/EL8-ice/software/ICU/71.1-GCCcore-11.3.0/lib/:/rds/bear-apps/2022a/EL8-ice/software/bzip2/1.0.8-GCCcore-11.3.0/lib/:/rds/bear-apps/2022a/EL8-ice/software/JasPer/2.0.33-GCCcore-11.3.0/lib/:/rds/bear-apps/2022a/EL8-ice/software/snappy/1.1.9-GCCcore-11.3.0/lib/:/rds/bear-apps/2022a/EL8-ice/software/NSS/3.79-GCCcore-11.3.0/lib/:/rds/bear-apps/2022a/EL8-ice/software/NSPR/4.34-GCCcore-11.3.0/lib/:/rds/bear-apps/2022a/EL8-ice/software/libjpeg-turbo/2.1.3-GCCcore-11.3.0/lib/:/rds/bear-apps/2022a/EL8-ice/software/libGLU/9.0.2-GCCcore-11.3.0/lib/:/rds/bear-apps/2022a/EL8-ice/software/Mesa/22.0.3-GCCcore-11.3.0/lib/:/rds/bear-apps/2022a/EL8-ice/software/LLVM/12.0.1-GCCcore-11.3.0/lib/:/rds/bear-apps/2022a/EL8-ice/software/libunwind/1.6.2-GCCcore-11.3.0/lib/:/rds/bear-apps/2022a/EL8-ice/software/libglvnd/1.4.0-GCCcore-11.3.0/lib/:/rds/bear-apps/2022a/EL8-ice/software/libdrm/2.4.110-GCCcore-11.3.0/lib/:/rds/bear-apps/2022a/EL8-ice/software/zstd/1.5.2-GCCcore-11.3.0/lib/:/rds/bear-apps/2022a/EL8-ice/software/lz4/1.9.3-GCCcore-11.3.0/lib/:/rds/bear-apps/2022a/EL8-ice/software/libevent/2.1.12-GCCcore-11.3.0/lib/:/rds/bear-apps/2022a/EL8-ice/software/DBus/1.14.0-GCCcore-11.3.0/lib/:/rds/bear-apps/2022a/EL8-ice/software/fontconfig/2.14.0-GCCcore-11.3.0/lib/:/rds/bear-apps/2022a/EL8-ice/software/X11/20220504-GCCcore-11.3.0/lib/:/rds/bear-apps/2022a/EL8-ice/software/graphite2/1.3.14-GCCcore-11.3.0/lib/:/rds/bear-apps/2022a/EL8-ice/software/HarfBuzz/4.2.1-GCCcore-11.3.0/lib/:/rds/bear-apps/2022a/EL8-ice/software/freetype/2.12.1-GCCcore-11.3.0/lib/:/rds/bear-apps/2022a/EL8-ice/software/cairo/1.17.4-GCCcore-11.3.0/lib/:/rds/bear-apps/2022a/EL8-ice/software/libpciaccess/0.16-GCCcore-11.3.0/lib/:/rds/bear-apps/2022a/EL8-ice/software/pixman/0.40.0-GCCcore-11.3.0/lib/:/rds/bear-apps/2022a/EL8-ice/software/Brotli/1.0.9-GCCcore-11.3.0/lib/:/rds/bear-apps/2022a/EL8-ice/software/libpng/1.6.37-GCCcore-11.3.0/lib/:/rds/bear-apps/2022a/EL8-ice/software/PCRE2/10.40-GCCcore-11.3.0/lib/:/rds/bear-apps/2022a/EL8-ice/software/GLib/2.72.1-GCCcore-11.3.0/lib/:/rds/bear-apps/2022a/EL8-ice/software/util-linux/2.38-GCCcore-11.3.0/lib/:/rds/bear-apps/2022a/EL8-ice/software/PCRE/8.45-GCCcore-11.3.0/lib/:/rds/bear-apps/2022a/EL8-ice/software/libxml2/2.9.13-GCCcore-11.3.0/lib/:/rds/bear-apps/2022a/EL8-ice/software/gettext/0.21-GCCcore-11.3.0/lib/:/rds/bear-apps/2022a/EL8-ice/software/ncurses/6.3-GCCcore-11.3.0/lib/:/rds/bear-apps/2022a/EL8-ice/software/XZ/5.2.5-GCCcore-11.3.0/lib/:/rds/bear-apps/2022a/EL8-ice/software/libffi/3.4.2-GCCcore-11.3.0/lib64/:/rds/bear-apps/2022a/EL8-ice/software/libffi/3.4.2-GCCcore-11.3.0/lib/:/rds/bear-apps/2022a/EL8-ice/software/double-conversion/3.2.0-GCCcore-11.3.0/lib/:/rds/bear-apps/2022a/EL8-ice/software/Xerces-C++/3.2.4-GCCcore-11.3.0/lib/:/rds/bear-apps/2022a/EL8-ice/software/cURL/7.83.0-GCCcore-11.3.0/lib/:/rds/bear-apps/2022a/EL8-ice/software/OpenSSL/1.1/lib/:/rds/bear-apps/2022a/EL8-ice/software/CLHEP/2.4.6.2-GCC-11.3.0/lib/:/rds/bear-apps/2022a/EL8-ice/software/expat/2.4.8-GCCcore-11.3.0/lib/:/rds/bear-apps/2022a/EL8-ice/software/binutils/2.38-GCCcore-11.3.0/lib/:/rds/bear-apps/2022a/EL8-ice/software/zlib/1.2.12-GCCcore-11.3.0/lib/:/rds/bear-apps/2022a/EL8-ice/software/GCCcore/11.3.0/lib/gcc/x86_64-pc-linux-gnu/11.3.0/../../../:/lib/:/usr/lib/]
  ignore line: [COLLECT_GCC_OPTIONS='-v' '-o' 'CMakeFiles/cmTC_b4799.dir/CMakeCCompilerABI.c.o' '-c' '-mtune=generic' '-march=x86-64' '-dumpdir' 'CMakeFiles/cmTC_b4799.dir/CMakeCCompilerABI.c.']
  ignore line: [Linking C executable cmTC_b4799]
  ignore line: [/rds/bear-apps/2022a/EL8-ice/software/CMake/3.24.3-GCCcore-11.3.0/bin/cmake -E cmake_link_script CMakeFiles/cmTC_b4799.dir/link.txt --verbose=1]
  ignore line: [/rds/bear-apps/2022a/EL8-ice/software/GCCcore/11.3.0/bin/cc  -v CMakeFiles/cmTC_b4799.dir/CMakeCCompilerABI.c.o -o cmTC_b4799 ]
  ignore line: [Using built-in specs.]
  ignore line: [COLLECT_GCC=/rds/bear-apps/2022a/EL8-ice/software/GCCcore/11.3.0/bin/cc]
  ignore line: [COLLECT_LTO_WRAPPER=/rds/bear-apps/2022a/EL8-ice/software/GCCcore/11.3.0/libexec/gcc/x86_64-pc-linux-gnu/11.3.0/lto-wrapper]
  ignore line: [OFFLOAD_TARGET_NAMES=nvptx-none]
  ignore line: [Target: x86_64-pc-linux-gnu]
  ignore line: [Configured with: ../configure --enable-languages=c,c++,fortran --without-cuda-driver --enable-offload-targets=nvptx-none --enable-lto --enable-checking=release --disable-multilib --enable-shared=yes --enable-static=yes --enable-threads=posix --enable-plugins --enable-gold --enable-ld=default --prefix=/rds/bear-apps/2022a/EL8-ice/software/GCCcore/11.3.0 --with-local-prefix=/rds/bear-apps/2022a/EL8-ice/software/GCCcore/11.3.0 --enable-bootstrap --with-isl=/dev/shm/branfosj-admin/build-2022a/GCCcore/11.3.0/system-system/gcc-11.3.0/stage2_stuff --build=x86_64-pc-linux-gnu --host=x86_64-pc-linux-gnu]
  ignore line: [Thread model: posix]
  ignore line: [Supported LTO compression algorithms: zlib]
  ignore line: [gcc version 11.3.0 (GCC) ]
  ignore line: [COMPILER_PATH=/rds/bear-apps/2022a/EL8-ice/software/GCCcore/11.3.0/libexec/gcc/x86_64-pc-linux-gnu/11.3.0/:/rds/bear-apps/2022a/EL8-ice/software/GCCcore/11.3.0/libexec/gcc/x86_64-pc-linux-gnu/11.3.0/:/rds/bear-apps/2022a/EL8-ice/software/GCCcore/11.3.0/libexec/gcc/x86_64-pc-linux-gnu/:/rds/bear-apps/2022a/EL8-ice/software/GCCcore/11.3.0/lib/gcc/x86_64-pc-linux-gnu/11.3.0/:/rds/bear-apps/2022a/EL8-ice/software/GCCcore/11.3.0/lib/gcc/x86_64-pc-linux-gnu/]
  ignore line: [LIBRARY_PATH=/rds/bear-apps/2022a/EL8-ice/software/libarchive/3.6.1-GCCcore-11.3.0/lib/../lib64/:/rds/bear-apps/2022a/EL8-ice/software/Geant4/11.1.2-GCC-11.3.0/lib/../lib64/:/rds/bear-apps/2022a/EL8-ice/software/Qt5/5.15.5-GCCcore-11.3.0/lib/../lib64/:/rds/bear-apps/2022a/EL8-ice/software/nodejs/16.15.1-GCCcore-11.3.0/lib/../lib64/:/rds/bear-apps/2022a/EL8-ice/software/ICU/71.1-GCCcore-11.3.0/lib/../lib64/:/rds/bear-apps/2022a/EL8-ice/software/bzip2/1.0.8-GCCcore-11.3.0/lib/../lib64/:/rds/bear-apps/2022a/EL8-ice/software/JasPer/2.0.33-GCCcore-11.3.0/lib/../lib64/:/rds/bear-apps/2022a/EL8-ice/software/snappy/1.1.9-GCCcore-11.3.0/lib/../lib64/:/rds/bear-apps/2022a/EL8-ice/software/NSS/3.79-GCCcore-11.3.0/lib/../lib64/:/rds/bear-apps/2022a/EL8-ice/software/NSPR/4.34-GCCcore-11.3.0/lib/../lib64/:/rds/bear-apps/2022a/EL8-ice/software/libjpeg-turbo/2.1.3-GCCcore-11.3.0/lib/../lib64/:/rds/bear-apps/2022a/EL8-ice/software/libGLU/9.0.2-GCCcore-11.3.0/lib/../lib64/:/rds/bear-apps/2022a/EL8-ice/software/Mesa/22.0.3-GCCcore-11.3.0/lib/../lib64/:/rds/bear-apps/2022a/EL8-ice/software/LLVM/12.0.1-GCCcore-11.3.0/lib/../lib64/:/rds/bear-apps/2022a/EL8-ice/software/libunwind/1.6.2-GCCcore-11.3.0/lib/../lib64/:/rds/bear-apps/2022a/EL8-ice/software/libglvnd/1.4.0-GCCcore-11.3.0/lib/../lib64/:/rds/bear-apps/2022a/EL8-ice/software/libdrm/2.4.110-GCCcore-11.3.0/lib/../lib64/:/rds/bear-apps/2022a/EL8-ice/software/zstd/1.5.2-GCCcore-11.3.0/lib/../lib64/:/rds/bear-apps/2022a/EL8-ice/software/lz4/1.9.3-GCCcore-11.3.0/lib/../lib64/:/rds/bear-apps/2022a/EL8-ice/software/libevent/2.1.12-GCCcore-11.3.0/lib/../lib64/:/rds/bear-apps/2022a/EL8-ice/software/DBus/1.14.0-GCCcore-11.3.0/lib/../lib64/:/rds/bear-apps/2022a/EL8-ice/software/fontconfig/2.14.0-GCCcore-11.3.0/lib/../lib64/:/rds/bear-apps/2022a/EL8-ice/software/X11/20220504-GCCcore-11.3.0/lib/../lib64/:/rds/bear-apps/2022a/EL8-ice/software/graphite2/1.3.14-GCCcore-11.3.0/lib/../lib64/:/rds/bear-apps/2022a/EL8-ice/software/HarfBuzz/4.2.1-GCCcore-11.3.0/lib/../lib64/:/rds/bear-apps/2022a/EL8-ice/software/freetype/2.12.1-GCCcore-11.3.0/lib/../lib64/:/rds/bear-apps/2022a/EL8-ice/software/cairo/1.17.4-GCCcore-11.3.0/lib/../lib64/:/rds/bear-apps/2022a/EL8-ice/software/libpciaccess/0.16-GCCcore-11.3.0/lib/../lib64/:/rds/bear-apps/2022a/EL8-ice/software/pixman/0.40.0-GCCcore-11.3.0/lib/../lib64/:/rds/bear-apps/2022a/EL8-ice/software/Brotli/1.0.9-GCCcore-11.3.0/lib/../lib64/:/rds/bear-apps/2022a/EL8-ice/software/libpng/1.6.37-GCCcore-11.3.0/lib/../lib64/:/rds/bear-apps/2022a/EL8-ice/software/PCRE2/10.40-GCCcore-11.3.0/lib/../lib64/:/rds/bear-apps/2022a/EL8-ice/software/GLib/2.72.1-GCCcore-11.3.0/lib/../lib64/:/rds/bear-apps/2022a/EL8-ice/software/util-linux/2.38-GCCcore-11.3.0/lib/../lib64/:/rds/bear-apps/2022a/EL8-ice/software/PCRE/8.45-GCCcore-11.3.0/lib/../lib64/:/rds/bear-apps/2022a/EL8-ice/software/libxml2/2.9.13-GCCcore-11.3.0/lib/../lib64/:/rds/bear-apps/2022a/EL8-ice/software/gettext/0.21-GCCcore-11.3.0/lib/../lib64/:/rds/bear-apps/2022a/EL8-ice/software/ncurses/6.3-GCCcore-11.3.0/lib/../lib64/:/rds/bear-apps/2022a/EL8-ice/software/XZ/5.2.5-GCCcore-11.3.0/lib/../lib64/:/rds/bear-apps/2022a/EL8-ice/software/libffi/3.4.2-GCCcore-11.3.0/lib64/../lib64/:/rds/bear-apps/2022a/EL8-ice/software/libffi/3.4.2-GCCcore-11.3.0/lib/../lib64/:/rds/bear-apps/2022a/EL8-ice/software/double-conversion/3.2.0-GCCcore-11.3.0/lib/../lib64/:/rds/bear-apps/2022a/EL8-ice/software/Xerces-C++/3.2.4-GCCcore-11.3.0/lib/../lib64/:/rds/bear-apps/2022a/EL8-ice/software/cURL/7.83.0-GCCcore-11.3.0/lib/../lib64/:/rds/bear-apps/2022a/EL8-ice/software/OpenSSL/1.1/lib/../lib64/:/rds/bear-apps/2022a/EL8-ice/software/CLHEP/2.4.6.2-GCC-11.3.0/lib/../lib64/:/rds/bear-apps/2022a/EL8-ice/software/expat/2.4.8-GCCcore-11.3.0/lib/../lib64/:/rds/bear-apps/2022a/EL8-ice/software/binutils/2.38-GCCcore-11.3.0/lib/../lib64/:/rds/bear-apps/2022a/EL8-ice/software/zlib/1.2.12-GCCcore-11.3.0/lib/../lib64/:/rds/bear-apps/2022a/EL8-ice/software/GCCcore/11.3.0/lib/gcc/x86_64-pc-linux-gnu/11.3.0/:/rds/bear-apps/2022a/EL8-ice/software/GCCcore/11.3.0/lib/gcc/x86_64-pc-linux-gnu/11.3.0/../../../../lib64/:/lib/../lib64/:/usr/lib/../lib64/:/rds/bear-apps/2022a/EL8-ice/software/libarchive/3.6.1-GCCcore-11.3.0/lib/:/rds/bear-apps/2022a/EL8-ice/software/Geant4/11.1.2-GCC-11.3.0/lib/:/rds/bear-apps/2022a/EL8-ice/software/Qt5/5.15.5-GCCcore-11.3.0/lib/:/rds/bear-apps/2022a/EL8-ice/software/nodejs/16.15.1-GCCcore-11.3.0/lib/:/rds/bear-apps/2022a/EL8-ice/software/ICU/71.1-GCCcore-11.3.0/lib/:/rds/bear-apps/2022a/EL8-ice/software/bzip2/1.0.8-GCCcore-11.3.0/lib/:/rds/bear-apps/2022a/EL8-ice/software/JasPer/2.0.33-GCCcore-11.3.0/lib/:/rds/bear-apps/2022a/EL8-ice/software/snappy/1.1.9-GCCcore-11.3.0/lib/:/rds/bear-apps/2022a/EL8-ice/software/NSS/3.79-GCCcore-11.3.0/lib/:/rds/bear-apps/2022a/EL8-ice/software/NSPR/4.34-GCCcore-11.3.0/lib/:/rds/bear-apps/2022a/EL8-ice/software/libjpeg-turbo/2.1.3-GCCcore-11.3.0/lib/:/rds/bear-apps/2022a/EL8-ice/software/libGLU/9.0.2-GCCcore-11.3.0/lib/:/rds/bear-apps/2022a/EL8-ice/software/Mesa/22.0.3-GCCcore-11.3.0/lib/:/rds/bear-apps/2022a/EL8-ice/software/LLVM/12.0.1-GCCcore-11.3.0/lib/:/rds/bear-apps/2022a/EL8-ice/software/libunwind/1.6.2-GCCcore-11.3.0/lib/:/rds/bear-apps/2022a/EL8-ice/software/libglvnd/1.4.0-GCCcore-11.3.0/lib/:/rds/bear-apps/2022a/EL8-ice/software/libdrm/2.4.110-GCCcore-11.3.0/lib/:/rds/bear-apps/2022a/EL8-ice/software/zstd/1.5.2-GCCcore-11.3.0/lib/:/rds/bear-apps/2022a/EL8-ice/software/lz4/1.9.3-GCCcore-11.3.0/lib/:/rds/bear-apps/2022a/EL8-ice/software/libevent/2.1.12-GCCcore-11.3.0/lib/:/rds/bear-apps/2022a/EL8-ice/software/DBus/1.14.0-GCCcore-11.3.0/lib/:/rds/bear-apps/2022a/EL8-ice/software/fontconfig/2.14.0-GCCcore-11.3.0/lib/:/rds/bear-apps/2022a/EL8-ice/software/X11/20220504-GCCcore-11.3.0/lib/:/rds/bear-apps/2022a/EL8-ice/software/graphite2/1.3.14-GCCcore-11.3.0/lib/:/rds/bear-apps/2022a/EL8-ice/software/HarfBuzz/4.2.1-GCCcore-11.3.0/lib/:/rds/bear-apps/2022a/EL8-ice/software/freetype/2.12.1-GCCcore-11.3.0/lib/:/rds/bear-apps/2022a/EL8-ice/software/cairo/1.17.4-GCCcore-11.3.0/lib/:/rds/bear-apps/2022a/EL8-ice/software/libpciaccess/0.16-GCCcore-11.3.0/lib/:/rds/bear-apps/2022a/EL8-ice/software/pixman/0.40.0-GCCcore-11.3.0/lib/:/rds/bear-apps/2022a/EL8-ice/software/Brotli/1.0.9-GCCcore-11.3.0/lib/:/rds/bear-apps/2022a/EL8-ice/software/libpng/1.6.37-GCCcore-11.3.0/lib/:/rds/bear-apps/2022a/EL8-ice/software/PCRE2/10.40-GCCcore-11.3.0/lib/:/rds/bear-apps/2022a/EL8-ice/software/GLib/2.72.1-GCCcore-11.3.0/lib/:/rds/bear-apps/2022a/EL8-ice/software/util-linux/2.38-GCCcore-11.3.0/lib/:/rds/bear-apps/2022a/EL8-ice/software/PCRE/8.45-GCCcore-11.3.0/lib/:/rds/bear-apps/2022a/EL8-ice/software/libxml2/2.9.13-GCCcore-11.3.0/lib/:/rds/bear-apps/2022a/EL8-ice/software/gettext/0.21-GCCcore-11.3.0/lib/:/rds/bear-apps/2022a/EL8-ice/software/ncurses/6.3-GCCcore-11.3.0/lib/:/rds/bear-apps/2022a/EL8-ice/software/XZ/5.2.5-GCCcore-11.3.0/lib/:/rds/bear-apps/2022a/EL8-ice/software/libffi/3.4.2-GCCcore-11.3.0/lib64/:/rds/bear-apps/2022a/EL8-ice/software/libffi/3.4.2-GCCcore-11.3.0/lib/:/rds/bear-apps/2022a/EL8-ice/software/double-conversion/3.2.0-GCCcore-11.3.0/lib/:/rds/bear-apps/2022a/EL8-ice/software/Xerces-C++/3.2.4-GCCcore-11.3.0/lib/:/rds/bear-apps/2022a/EL8-ice/software/cURL/7.83.0-GCCcore-11.3.0/lib/:/rds/bear-apps/2022a/EL8-ice/software/OpenSSL/1.1/lib/:/rds/bear-apps/2022a/EL8-ice/software/CLHEP/2.4.6.2-GCC-11.3.0/lib/:/rds/bear-apps/2022a/EL8-ice/software/expat/2.4.8-GCCcore-11.3.0/lib/:/rds/bear-apps/2022a/EL8-ice/software/binutils/2.38-GCCcore-11.3.0/lib/:/rds/bear-apps/2022a/EL8-ice/software/zlib/1.2.12-GCCcore-11.3.0/lib/:/rds/bear-apps/2022a/EL8-ice/software/GCCcore/11.3.0/lib/gcc/x86_64-pc-linux-gnu/11.3.0/../../../:/lib/:/usr/lib/]
  ignore line: [COLLECT_GCC_OPTIONS='-v' '-o' 'cmTC_b4799' '-mtune=generic' '-march=x86-64' '-dumpdir' 'cmTC_b4799.']
  link line: [ /rds/bear-apps/2022a/EL8-ice/software/GCCcore/11.3.0/libexec/gcc/x86_64-pc-linux-gnu/11.3.0/collect2 -plugin /rds/bear-apps/2022a/EL8-ice/software/GCCcore/11.3.0/libexec/gcc/x86_64-pc-linux-gnu/11.3.0/liblto_plugin.so -plugin-opt=/rds/bear-apps/2022a/EL8-ice/software/GCCcore/11.3.0/libexec/gcc/x86_64-pc-linux-gnu/11.3.0/lto-wrapper -plugin-opt=-fresolution=/tmp/ccA8XOa7.res -plugin-opt=-pass-through=-lgcc -plugin-opt=-pass-through=-lgcc_s -plugin-opt=-pass-through=-lc -plugin-opt=-pass-through=-lgcc -plugin-opt=-pass-through=-lgcc_s --eh-frame-hdr -m elf_x86_64 -dynamic-linker /lib64/ld-linux-x86-64.so.2 -o cmTC_b4799 /lib/../lib64/crt1.o /lib/../lib64/crti.o /rds/bear-apps/2022a/EL8-ice/software/GCCcore/11.3.0/lib/gcc/x86_64-pc-linux-gnu/11.3.0/crtbegin.o -L/rds/bear-apps/2022a/EL8-ice/software/libarchive/3.6.1-GCCcore-11.3.0/lib/../lib64 -L/rds/bear-apps/2022a/EL8-ice/software/Geant4/11.1.2-GCC-11.3.0/lib/../lib64 -L/rds/bear-apps/2022a/EL8-ice/software/Qt5/5.15.5-GCCcore-11.3.0/lib/../lib64 -L/rds/bear-apps/2022a/EL8-ice/software/nodejs/16.15.1-GCCcore-11.3.0/lib/../lib64 -L/rds/bear-apps/2022a/EL8-ice/software/ICU/71.1-GCCcore-11.3.0/lib/../lib64 -L/rds/bear-apps/2022a/EL8-ice/software/bzip2/1.0.8-GCCcore-11.3.0/lib/../lib64 -L/rds/bear-apps/2022a/EL8-ice/software/JasPer/2.0.33-GCCcore-11.3.0/lib/../lib64 -L/rds/bear-apps/2022a/EL8-ice/software/snappy/1.1.9-GCCcore-11.3.0/lib/../lib64 -L/rds/bear-apps/2022a/EL8-ice/software/NSS/3.79-GCCcore-11.3.0/lib/../lib64 -L/rds/bear-apps/2022a/EL8-ice/software/NSPR/4.34-GCCcore-11.3.0/lib/../lib64 -L/rds/bear-apps/2022a/EL8-ice/software/libjpeg-turbo/2.1.3-GCCcore-11.3.0/lib/../lib64 -L/rds/bear-apps/2022a/EL8-ice/software/libGLU/9.0.2-GCCcore-11.3.0/lib/../lib64 -L/rds/bear-apps/2022a/EL8-ice/software/Mesa/22.0.3-GCCcore-11.3.0/lib/../lib64 -L/rds/bear-apps/2022a/EL8-ice/software/LLVM/12.0.1-GCCcore-11.3.0/lib/../lib64 -L/rds/bear-apps/2022a/EL8-ice/software/libunwind/1.6.2-GCCcore-11.3.0/lib/../lib64 -L/rds/bear-apps/2022a/EL8-ice/software/libglvnd/1.4.0-GCCcore-11.3.0/lib/../lib64 -L/rds/bear-apps/2022a/EL8-ice/software/libdrm/2.4.110-GCCcore-11.3.0/lib/../lib64 -L/rds/bear-apps/2022a/EL8-ice/software/zstd/1.5.2-GCCcore-11.3.0/lib/../lib64 -L/rds/bear-apps/2022a/EL8-ice/software/lz4/1.9.3-GCCcore-11.3.0/lib/../lib64 -L/rds/bear-apps/2022a/EL8-ice/software/libevent/2.1.12-GCCcore-11.3.0/lib/../lib64 -L/rds/bear-apps/2022a/EL8-ice/software/DBus/1.14.0-GCCcore-11.3.0/lib/../lib64 -L/rds/bear-apps/2022a/EL8-ice/software/fontconfig/2.14.0-GCCcore-11.3.0/lib/../lib64 -L/rds/bear-apps/2022a/EL8-ice/software/X11/20220504-GCCcore-11.3.0/lib/../lib64 -L/rds/bear-apps/2022a/EL8-ice/software/graphite2/1.3.14-GCCcore-11.3.0/lib/../lib64 -L/rds/bear-apps/2022a/EL8-ice/software/HarfBuzz/4.2.1-GCCcore-11.3.0/lib/../lib64 -L/rds/bear-apps/2022a/EL8-ice/software/freetype/2.12.1-GCCcore-11.3.0/lib/../lib64 -L/rds/bear-apps/2022a/EL8-ice/software/cairo/1.17.4-GCCcore-11.3.0/lib/../lib64 -L/rds/bear-apps/2022a/EL8-ice/software/libpciaccess/0.16-GCCcore-11.3.0/lib/../lib64 -L/rds/bear-apps/2022a/EL8-ice/software/pixman/0.40.0-GCCcore-11.3.0/lib/../lib64 -L/rds/bear-apps/2022a/EL8-ice/software/Brotli/1.0.9-GCCcore-11.3.0/lib/../lib64 -L/rds/bear-apps/2022a/EL8-ice/software/libpng/1.6.37-GCCcore-11.3.0/lib/../lib64 -L/rds/bear-apps/2022a/EL8-ice/software/PCRE2/10.40-GCCcore-11.3.0/lib/../lib64 -L/rds/bear-apps/2022a/EL8-ice/software/GLib/2.72.1-GCCcore-11.3.0/lib/../lib64 -L/rds/bear-apps/2022a/EL8-ice/software/util-linux/2.38-GCCcore-11.3.0/lib/../lib64 -L/rds/bear-apps/2022a/EL8-ice/software/PCRE/8.45-GCCcore-11.3.0/lib/../lib64 -L/rds/bear-apps/2022a/EL8-ice/software/libxml2/2.9.13-GCCcore-11.3.0/lib/../lib64 -L/rds/bear-apps/2022a/EL8-ice/software/gettext/0.21-GCCcore-11.3.0/lib/../lib64 -L/rds/bear-apps/2022a/EL8-ice/software/ncurses/6.3-GCCcore-11.3.0/lib/../lib64 -L/rds/bear-apps/2022a/EL8-ice/software/XZ/5.2.5-GCCcore-11.3.0/lib/../lib64 -L/rds/bear-apps/2022a/EL8-ice/software/libffi/3.4.2-GCCcore-11.3.0/lib64/../lib64 -L/rds/bear-apps/2022a/EL8-ice/software/libffi/3.4.2-GCCcore-11.3.0/lib/../lib64 -L/rds/bear-apps/2022a/EL8-ice/software/double-conversion/3.2.0-GCCcore-11.3.0/lib/../lib64 -L/rds/bear-apps/2022a/EL8-ice/software/Xerces-C++/3.2.4-GCCcore-11.3.0/lib/../lib64 -L/rds/bear-apps/2022a/EL8-ice/software/cURL/7.83.0-GCCcore-11.3.0/lib/../lib64 -L/rds/bear-apps/2022a/EL8-ice/software/OpenSSL/1.1/lib/../lib64 -L/rds/bear-apps/2022a/EL8-ice/software/CLHEP/2.4.6.2-GCC-11.3.0/lib/../lib64 -L/rds/bear-apps/2022a/EL8-ice/software/expat/2.4.8-GCCcore-11.3.0/lib/../lib64 -L/rds/bear-apps/2022a/EL8-ice/software/binutils/2.38-GCCcore-11.3.0/lib/../lib64 -L/rds/bear-apps/2022a/EL8-ice/software/zlib/1.2.12-GCCcore-11.3.0/lib/../lib64 -L/rds/bear-apps/2022a/EL8-ice/software/GCCcore/11.3.0/lib/gcc/x86_64-pc-linux-gnu/11.3.0 -L/rds/bear-apps/2022a/EL8-ice/software/GCCcore/11.3.0/lib/gcc/x86_64-pc-linux-gnu/11.3.0/../../../../lib64 -L/lib/../lib64 -L/usr/lib/../lib64 -L/rds/bear-apps/2022a/EL8-ice/software/libarchive/3.6.1-GCCcore-11.3.0/lib -L/rds/bear-apps/2022a/EL8-ice/software/Geant4/11.1.2-GCC-11.3.0/lib -L/rds/bear-apps/2022a/EL8-ice/software/Qt5/5.15.5-GCCcore-11.3.0/lib -L/rds/bear-apps/2022a/EL8-ice/software/nodejs/16.15.1-GCCcore-11.3.0/lib -L/rds/bear-apps/2022a/EL8-ice/software/ICU/71.1-GCCcore-11.3.0/lib -L/rds/bear-apps/2022a/EL8-ice/software/bzip2/1.0.8-GCCcore-11.3.0/lib -L/rds/bear-apps/2022a/EL8-ice/software/JasPer/2.0.33-GCCcore-11.3.0/lib -L/rds/bear-apps/2022a/EL8-ice/software/snappy/1.1.9-GCCcore-11.3.0/lib -L/rds/bear-apps/2022a/EL8-ice/software/NSS/3.79-GCCcore-11.3.0/lib -L/rds/bear-apps/2022a/EL8-ice/software/NSPR/4.34-GCCcore-11.3.0/lib -L/rds/bear-apps/2022a/EL8-ice/software/libjpeg-turbo/2.1.3-GCCcore-11.3.0/lib -L/rds/bear-apps/2022a/EL8-ice/software/libGLU/9.0.2-GCCcore-11.3.0/lib -L/rds/bear-apps/2022a/EL8-ice/software/Mesa/22.0.3-GCCcore-11.3.0/lib -L/rds/bear-apps/2022a/EL8-ice/software/LLVM/12.0.1-GCCcore-11.3.0/lib -L/rds/bear-apps/2022a/EL8-ice/software/libunwind/1.6.2-GCCcore-11.3.0/lib -L/rds/bear-apps/2022a/EL8-ice/software/libglvnd/1.4.0-GCCcore-11.3.0/lib -L/rds/bear-apps/2022a/EL8-ice/software/libdrm/2.4.110-GCCcore-11.3.0/lib -L/rds/bear-apps/2022a/EL8-ice/software/zstd/1.5.2-GCCcore-11.3.0/lib -L/rds/bear-apps/2022a/EL8-ice/software/lz4/1.9.3-GCCcore-11.3.0/lib -L/rds/bear-apps/2022a/EL8-ice/software/libevent/2.1.12-GCCcore-11.3.0/lib -L/rds/bear-apps/2022a/EL8-ice/software/DBus/1.14.0-GCCcore-11.3.0/lib -L/rds/bear-apps/2022a/EL8-ice/software/fontconfig/2.14.0-GCCcore-11.3.0/lib -L/rds/bear-apps/2022a/EL8-ice/software/X11/20220504-GCCcore-11.3.0/lib -L/rds/bear-apps/2022a/EL8-ice/software/graphite2/1.3.14-GCCcore-11.3.0/lib -L/rds/bear-apps/2022a/EL8-ice/software/HarfBuzz/4.2.1-GCCcore-11.3.0/lib -L/rds/bear-apps/2022a/EL8-ice/software/freetype/2.12.1-GCCcore-11.3.0/lib -L/rds/bear-apps/2022a/EL8-ice/software/cairo/1.17.4-GCCcore-11.3.0/lib -L/rds/bear-apps/2022a/EL8-ice/software/libpciaccess/0.16-GCCcore-11.3.0/lib -L/rds/bear-apps/2022a/EL8-ice/software/pixman/0.40.0-GCCcore-11.3.0/lib -L/rds/bear-apps/2022a/EL8-ice/software/Brotli/1.0.9-GCCcore-11.3.0/lib -L/rds/bear-apps/2022a/EL8-ice/software/libpng/1.6.37-GCCcore-11.3.0/lib -L/rds/bear-apps/2022a/EL8-ice/software/PCRE2/10.40-GCCcore-11.3.0/lib -L/rds/bear-apps/2022a/EL8-ice/software/GLib/2.72.1-GCCcore-11.3.0/lib -L/rds/bear-apps/2022a/EL8-ice/software/util-linux/2.38-GCCcore-11.3.0/lib -L/rds/bear-apps/2022a/EL8-ice/software/PCRE/8.45-GCCcore-11.3.0/lib -L/rds/bear-apps/2022a/EL8-ice/software/libxml2/2.9.13-GCCcore-11.3.0/lib -L/rds/bear-apps/2022a/EL8-ice/software/gettext/0.21-GCCcore-11.3.0/lib -L/rds/bear-apps/2022a/EL8-ice/software/ncurses/6.3-GCCcore-11.3.0/lib -L/rds/bear-apps/2022a/EL8-ice/software/XZ/5.2.5-GCCcore-11.3.0/lib -L/rds/bear-apps/2022a/EL8-ice/software/libffi/3.4.2-GCCcore-11.3.0/lib64 -L/rds/bear-apps/2022a/EL8-ice/software/libffi/3.4.2-GCCcore-11.3.0/lib -L/rds/bear-apps/2022a/EL8-ice/software/double-conversion/3.2.0-GCCcore-11.3.0/lib -L/rds/bear-apps/2022a/EL8-ice/software/Xerces-C++/3.2.4-GCCcore-11.3.0/lib -L/rds/bear-apps/2022a/EL8-ice/software/cURL/7.83.0-GCCcore-11.3.0/lib -L/rds/bear-apps/2022a/EL8-ice/software/OpenSSL/1.1/lib -L/rds/bear-apps/2022a/EL8-ice/software/CLHEP/2.4.6.2-GCC-11.3.0/lib -L/rds/bear-apps/2022a/EL8-ice/software/expat/2.4.8-GCCcore-11.3.0/lib -L/rds/bear-apps/2022a/EL8-ice/software/binutils/2.38-GCCcore-11.3.0/lib -L/rds/bear-apps/2022a/EL8-ice/software/zlib/1.2.12-GCCcore-11.3.0/lib -L/rds/bear-apps/2022a/EL8-ice/software/GCCcore/11.3.0/lib/gcc/x86_64-pc-linux-gnu/11.3.0/../../.. CMakeFiles/cmTC_b4799.dir/CMakeCCompilerABI.c.o -lgcc --push-state --as-needed -lgcc_s --pop-state -lc -lgcc --push-state --as-needed -lgcc_s --pop-state /rds/bear-apps/2022a/EL8-ice/software/GCCcore/11.3.0/lib/gcc/x86_64-pc-linux-gnu/11.3.0/crtend.o /lib/../lib64/crtn.o]
    arg [/rds/bear-apps/2022a/EL8-ice/software/GCCcore/11.3.0/libexec/gcc/x86_64-pc-linux-gnu/11.3.0/collect2] ==> ignore
    arg [-plugin] ==> ignore
    arg [/rds/bear-apps/2022a/EL8-ice/software/GCCcore/11.3.0/libexec/gcc/x86_64-pc-linux-gnu/11.3.0/liblto_plugin.so] ==> ignore
    arg [-plugin-opt=/rds/bear-apps/2022a/EL8-ice/software/GCCcore/11.3.0/libexec/gcc/x86_64-pc-linux-gnu/11.3.0/lto-wrapper] ==> ignore
    arg [-plugin-opt=-fresolution=/tmp/ccA8XOa7.res] ==> ignore
    arg [-plugin-opt=-pass-through=-lgcc] ==> ignore
    arg [-plugin-opt=-pass-through=-lgcc_s] ==> ignore
    arg [-plugin-opt=-pass-through=-lc] ==> ignore
    arg [-plugin-opt=-pass-through=-lgcc] ==> ignore
    arg [-plugin-opt=-pass-through=-lgcc_s] ==> ignore
    arg [--eh-frame-hdr] ==> ignore
    arg [-m] ==> ignore
    arg [elf_x86_64] ==> ignore
    arg [-dynamic-linker] ==> ignore
    arg [/lib64/ld-linux-x86-64.so.2] ==> ignore
    arg [-o] ==> ignore
    arg [cmTC_b4799] ==> ignore
    arg [/lib/../lib64/crt1.o] ==> obj [/lib/../lib64/crt1.o]
    arg [/lib/../lib64/crti.o] ==> obj [/lib/../lib64/crti.o]
    arg [/rds/bear-apps/2022a/EL8-ice/software/GCCcore/11.3.0/lib/gcc/x86_64-pc-linux-gnu/11.3.0/crtbegin.o] ==> obj [/rds/bear-apps/2022a/EL8-ice/software/GCCcore/11.3.0/lib/gcc/x86_64-pc-linux-gnu/11.3.0/crtbegin.o]
    arg [-L/rds/bear-apps/2022a/EL8-ice/software/libarchive/3.6.1-GCCcore-11.3.0/lib/../lib64] ==> dir [/rds/bear-apps/2022a/EL8-ice/software/libarchive/3.6.1-GCCcore-11.3.0/lib/../lib64]
    arg [-L/rds/bear-apps/2022a/EL8-ice/software/Geant4/11.1.2-GCC-11.3.0/lib/../lib64] ==> dir [/rds/bear-apps/2022a/EL8-ice/software/Geant4/11.1.2-GCC-11.3.0/lib/../lib64]
    arg [-L/rds/bear-apps/2022a/EL8-ice/software/Qt5/5.15.5-GCCcore-11.3.0/lib/../lib64] ==> dir [/rds/bear-apps/2022a/EL8-ice/software/Qt5/5.15.5-GCCcore-11.3.0/lib/../lib64]
    arg [-L/rds/bear-apps/2022a/EL8-ice/software/nodejs/16.15.1-GCCcore-11.3.0/lib/../lib64] ==> dir [/rds/bear-apps/2022a/EL8-ice/software/nodejs/16.15.1-GCCcore-11.3.0/lib/../lib64]
    arg [-L/rds/bear-apps/2022a/EL8-ice/software/ICU/71.1-GCCcore-11.3.0/lib/../lib64] ==> dir [/rds/bear-apps/2022a/EL8-ice/software/ICU/71.1-GCCcore-11.3.0/lib/../lib64]
    arg [-L/rds/bear-apps/2022a/EL8-ice/software/bzip2/1.0.8-GCCcore-11.3.0/lib/../lib64] ==> dir [/rds/bear-apps/2022a/EL8-ice/software/bzip2/1.0.8-GCCcore-11.3.0/lib/../lib64]
    arg [-L/rds/bear-apps/2022a/EL8-ice/software/JasPer/2.0.33-GCCcore-11.3.0/lib/../lib64] ==> dir [/rds/bear-apps/2022a/EL8-ice/software/JasPer/2.0.33-GCCcore-11.3.0/lib/../lib64]
    arg [-L/rds/bear-apps/2022a/EL8-ice/software/snappy/1.1.9-GCCcore-11.3.0/lib/../lib64] ==> dir [/rds/bear-apps/2022a/EL8-ice/software/snappy/1.1.9-GCCcore-11.3.0/lib/../lib64]
    arg [-L/rds/bear-apps/2022a/EL8-ice/software/NSS/3.79-GCCcore-11.3.0/lib/../lib64] ==> dir [/rds/bear-apps/2022a/EL8-ice/software/NSS/3.79-GCCcore-11.3.0/lib/../lib64]
    arg [-L/rds/bear-apps/2022a/EL8-ice/software/NSPR/4.34-GCCcore-11.3.0/lib/../lib64] ==> dir [/rds/bear-apps/2022a/EL8-ice/software/NSPR/4.34-GCCcore-11.3.0/lib/../lib64]
    arg [-L/rds/bear-apps/2022a/EL8-ice/software/libjpeg-turbo/2.1.3-GCCcore-11.3.0/lib/../lib64] ==> dir [/rds/bear-apps/2022a/EL8-ice/software/libjpeg-turbo/2.1.3-GCCcore-11.3.0/lib/../lib64]
    arg [-L/rds/bear-apps/2022a/EL8-ice/software/libGLU/9.0.2-GCCcore-11.3.0/lib/../lib64] ==> dir [/rds/bear-apps/2022a/EL8-ice/software/libGLU/9.0.2-GCCcore-11.3.0/lib/../lib64]
    arg [-L/rds/bear-apps/2022a/EL8-ice/software/Mesa/22.0.3-GCCcore-11.3.0/lib/../lib64] ==> dir [/rds/bear-apps/2022a/EL8-ice/software/Mesa/22.0.3-GCCcore-11.3.0/lib/../lib64]
    arg [-L/rds/bear-apps/2022a/EL8-ice/software/LLVM/12.0.1-GCCcore-11.3.0/lib/../lib64] ==> dir [/rds/bear-apps/2022a/EL8-ice/software/LLVM/12.0.1-GCCcore-11.3.0/lib/../lib64]
    arg [-L/rds/bear-apps/2022a/EL8-ice/software/libunwind/1.6.2-GCCcore-11.3.0/lib/../lib64] ==> dir [/rds/bear-apps/2022a/EL8-ice/software/libunwind/1.6.2-GCCcore-11.3.0/lib/../lib64]
    arg [-L/rds/bear-apps/2022a/EL8-ice/software/libglvnd/1.4.0-GCCcore-11.3.0/lib/../lib64] ==> dir [/rds/bear-apps/2022a/EL8-ice/software/libglvnd/1.4.0-GCCcore-11.3.0/lib/../lib64]
    arg [-L/rds/bear-apps/2022a/EL8-ice/software/libdrm/2.4.110-GCCcore-11.3.0/lib/../lib64] ==> dir [/rds/bear-apps/2022a/EL8-ice/software/libdrm/2.4.110-GCCcore-11.3.0/lib/../lib64]
    arg [-L/rds/bear-apps/2022a/EL8-ice/software/zstd/1.5.2-GCCcore-11.3.0/lib/../lib64] ==> dir [/rds/bear-apps/2022a/EL8-ice/software/zstd/1.5.2-GCCcore-11.3.0/lib/../lib64]
    arg [-L/rds/bear-apps/2022a/EL8-ice/software/lz4/1.9.3-GCCcore-11.3.0/lib/../lib64] ==> dir [/rds/bear-apps/2022a/EL8-ice/software/lz4/1.9.3-GCCcore-11.3.0/lib/../lib64]
    arg [-L/rds/bear-apps/2022a/EL8-ice/software/libevent/2.1.12-GCCcore-11.3.0/lib/../lib64] ==> dir [/rds/bear-apps/2022a/EL8-ice/software/libevent/2.1.12-GCCcore-11.3.0/lib/../lib64]
    arg [-L/rds/bear-apps/2022a/EL8-ice/software/DBus/1.14.0-GCCcore-11.3.0/lib/../lib64] ==> dir [/rds/bear-apps/2022a/EL8-ice/software/DBus/1.14.0-GCCcore-11.3.0/lib/../lib64]
    arg [-L/rds/bear-apps/2022a/EL8-ice/software/fontconfig/2.14.0-GCCcore-11.3.0/lib/../lib64] ==> dir [/rds/bear-apps/2022a/EL8-ice/software/fontconfig/2.14.0-GCCcore-11.3.0/lib/../lib64]
    arg [-L/rds/bear-apps/2022a/EL8-ice/software/X11/20220504-GCCcore-11.3.0/lib/../lib64] ==> dir [/rds/bear-apps/2022a/EL8-ice/software/X11/20220504-GCCcore-11.3.0/lib/../lib64]
    arg [-L/rds/bear-apps/2022a/EL8-ice/software/graphite2/1.3.14-GCCcore-11.3.0/lib/../lib64] ==> dir [/rds/bear-apps/2022a/EL8-ice/software/graphite2/1.3.14-GCCcore-11.3.0/lib/../lib64]
    arg [-L/rds/bear-apps/2022a/EL8-ice/software/HarfBuzz/4.2.1-GCCcore-11.3.0/lib/../lib64] ==> dir [/rds/bear-apps/2022a/EL8-ice/software/HarfBuzz/4.2.1-GCCcore-11.3.0/lib/../lib64]
    arg [-L/rds/bear-apps/2022a/EL8-ice/software/freetype/2.12.1-GCCcore-11.3.0/lib/../lib64] ==> dir [/rds/bear-apps/2022a/EL8-ice/software/freetype/2.12.1-GCCcore-11.3.0/lib/../lib64]
    arg [-L/rds/bear-apps/2022a/EL8-ice/software/cairo/1.17.4-GCCcore-11.3.0/lib/../lib64] ==> dir [/rds/bear-apps/2022a/EL8-ice/software/cairo/1.17.4-GCCcore-11.3.0/lib/../lib64]
    arg [-L/rds/bear-apps/2022a/EL8-ice/software/libpciaccess/0.16-GCCcore-11.3.0/lib/../lib64] ==> dir [/rds/bear-apps/2022a/EL8-ice/software/libpciaccess/0.16-GCCcore-11.3.0/lib/../lib64]
    arg [-L/rds/bear-apps/2022a/EL8-ice/software/pixman/0.40.0-GCCcore-11.3.0/lib/../lib64] ==> dir [/rds/bear-apps/2022a/EL8-ice/software/pixman/0.40.0-GCCcore-11.3.0/lib/../lib64]
    arg [-L/rds/bear-apps/2022a/EL8-ice/software/Brotli/1.0.9-GCCcore-11.3.0/lib/../lib64] ==> dir [/rds/bear-apps/2022a/EL8-ice/software/Brotli/1.0.9-GCCcore-11.3.0/lib/../lib64]
    arg [-L/rds/bear-apps/2022a/EL8-ice/software/libpng/1.6.37-GCCcore-11.3.0/lib/../lib64] ==> dir [/rds/bear-apps/2022a/EL8-ice/software/libpng/1.6.37-GCCcore-11.3.0/lib/../lib64]
    arg [-L/rds/bear-apps/2022a/EL8-ice/software/PCRE2/10.40-GCCcore-11.3.0/lib/../lib64] ==> dir [/rds/bear-apps/2022a/EL8-ice/software/PCRE2/10.40-GCCcore-11.3.0/lib/../lib64]
    arg [-L/rds/bear-apps/2022a/EL8-ice/software/GLib/2.72.1-GCCcore-11.3.0/lib/../lib64] ==> dir [/rds/bear-apps/2022a/EL8-ice/software/GLib/2.72.1-GCCcore-11.3.0/lib/../lib64]
    arg [-L/rds/bear-apps/2022a/EL8-ice/software/util-linux/2.38-GCCcore-11.3.0/lib/../lib64] ==> dir [/rds/bear-apps/2022a/EL8-ice/software/util-linux/2.38-GCCcore-11.3.0/lib/../lib64]
    arg [-L/rds/bear-apps/2022a/EL8-ice/software/PCRE/8.45-GCCcore-11.3.0/lib/../lib64] ==> dir [/rds/bear-apps/2022a/EL8-ice/software/PCRE/8.45-GCCcore-11.3.0/lib/../lib64]
    arg [-L/rds/bear-apps/2022a/EL8-ice/software/libxml2/2.9.13-GCCcore-11.3.0/lib/../lib64] ==> dir [/rds/bear-apps/2022a/EL8-ice/software/libxml2/2.9.13-GCCcore-11.3.0/lib/../lib64]
    arg [-L/rds/bear-apps/2022a/EL8-ice/software/gettext/0.21-GCCcore-11.3.0/lib/../lib64] ==> dir [/rds/bear-apps/2022a/EL8-ice/software/gettext/0.21-GCCcore-11.3.0/lib/../lib64]
    arg [-L/rds/bear-apps/2022a/EL8-ice/software/ncurses/6.3-GCCcore-11.3.0/lib/../lib64] ==> dir [/rds/bear-apps/2022a/EL8-ice/software/ncurses/6.3-GCCcore-11.3.0/lib/../lib64]
    arg [-L/rds/bear-apps/2022a/EL8-ice/software/XZ/5.2.5-GCCcore-11.3.0/lib/../lib64] ==> dir [/rds/bear-apps/2022a/EL8-ice/software/XZ/5.2.5-GCCcore-11.3.0/lib/../lib64]
    arg [-L/rds/bear-apps/2022a/EL8-ice/software/libffi/3.4.2-GCCcore-11.3.0/lib64/../lib64] ==> dir [/rds/bear-apps/2022a/EL8-ice/software/libffi/3.4.2-GCCcore-11.3.0/lib64/../lib64]
    arg [-L/rds/bear-apps/2022a/EL8-ice/software/libffi/3.4.2-GCCcore-11.3.0/lib/../lib64] ==> dir [/rds/bear-apps/2022a/EL8-ice/software/libffi/3.4.2-GCCcore-11.3.0/lib/../lib64]
    arg [-L/rds/bear-apps/2022a/EL8-ice/software/double-conversion/3.2.0-GCCcore-11.3.0/lib/../lib64] ==> dir [/rds/bear-apps/2022a/EL8-ice/software/double-conversion/3.2.0-GCCcore-11.3.0/lib/../lib64]
    arg [-L/rds/bear-apps/2022a/EL8-ice/software/Xerces-C++/3.2.4-GCCcore-11.3.0/lib/../lib64] ==> dir [/rds/bear-apps/2022a/EL8-ice/software/Xerces-C++/3.2.4-GCCcore-11.3.0/lib/../lib64]
    arg [-L/rds/bear-apps/2022a/EL8-ice/software/cURL/7.83.0-GCCcore-11.3.0/lib/../lib64] ==> dir [/rds/bear-apps/2022a/EL8-ice/software/cURL/7.83.0-GCCcore-11.3.0/lib/../lib64]
    arg [-L/rds/bear-apps/2022a/EL8-ice/software/OpenSSL/1.1/lib/../lib64] ==> dir [/rds/bear-apps/2022a/EL8-ice/software/OpenSSL/1.1/lib/../lib64]
    arg [-L/rds/bear-apps/2022a/EL8-ice/software/CLHEP/2.4.6.2-GCC-11.3.0/lib/../lib64] ==> dir [/rds/bear-apps/2022a/EL8-ice/software/CLHEP/2.4.6.2-GCC-11.3.0/lib/../lib64]
    arg [-L/rds/bear-apps/2022a/EL8-ice/software/expat/2.4.8-GCCcore-11.3.0/lib/../lib64] ==> dir [/rds/bear-apps/2022a/EL8-ice/software/expat/2.4.8-GCCcore-11.3.0/lib/../lib64]
    arg [-L/rds/bear-apps/2022a/EL8-ice/software/binutils/2.38-GCCcore-11.3.0/lib/../lib64] ==> dir [/rds/bear-apps/2022a/EL8-ice/software/binutils/2.38-GCCcore-11.3.0/lib/../lib64]
    arg [-L/rds/bear-apps/2022a/EL8-ice/software/zlib/1.2.12-GCCcore-11.3.0/lib/../lib64] ==> dir [/rds/bear-apps/2022a/EL8-ice/software/zlib/1.2.12-GCCcore-11.3.0/lib/../lib64]
    arg [-L/rds/bear-apps/2022a/EL8-ice/software/GCCcore/11.3.0/lib/gcc/x86_64-pc-linux-gnu/11.3.0] ==> dir [/rds/bear-apps/2022a/EL8-ice/software/GCCcore/11.3.0/lib/gcc/x86_64-pc-linux-gnu/11.3.0]
    arg [-L/rds/bear-apps/2022a/EL8-ice/software/GCCcore/11.3.0/lib/gcc/x86_64-pc-linux-gnu/11.3.0/../../../../lib64] ==> dir [/rds/bear-apps/2022a/EL8-ice/software/GCCcore/11.3.0/lib/gcc/x86_64-pc-linux-gnu/11.3.0/../../../../lib64]
    arg [-L/lib/../lib64] ==> dir [/lib/../lib64]
    arg [-L/usr/lib/../lib64] ==> dir [/usr/lib/../lib64]
    arg [-L/rds/bear-apps/2022a/EL8-ice/software/libarchive/3.6.1-GCCcore-11.3.0/lib] ==> dir [/rds/bear-apps/2022a/EL8-ice/software/libarchive/3.6.1-GCCcore-11.3.0/lib]
    arg [-L/rds/bear-apps/2022a/EL8-ice/software/Geant4/11.1.2-GCC-11.3.0/lib] ==> dir [/rds/bear-apps/2022a/EL8-ice/software/Geant4/11.1.2-GCC-11.3.0/lib]
    arg [-L/rds/bear-apps/2022a/EL8-ice/software/Qt5/5.15.5-GCCcore-11.3.0/lib] ==> dir [/rds/bear-apps/2022a/EL8-ice/software/Qt5/5.15.5-GCCcore-11.3.0/lib]
    arg [-L/rds/bear-apps/2022a/EL8-ice/software/nodejs/16.15.1-GCCcore-11.3.0/lib] ==> dir [/rds/bear-apps/2022a/EL8-ice/software/nodejs/16.15.1-GCCcore-11.3.0/lib]
    arg [-L/rds/bear-apps/2022a/EL8-ice/software/ICU/71.1-GCCcore-11.3.0/lib] ==> dir [/rds/bear-apps/2022a/EL8-ice/software/ICU/71.1-GCCcore-11.3.0/lib]
    arg [-L/rds/bear-apps/2022a/EL8-ice/software/bzip2/1.0.8-GCCcore-11.3.0/lib] ==> dir [/rds/bear-apps/2022a/EL8-ice/software/bzip2/1.0.8-GCCcore-11.3.0/lib]
    arg [-L/rds/bear-apps/2022a/EL8-ice/software/JasPer/2.0.33-GCCcore-11.3.0/lib] ==> dir [/rds/bear-apps/2022a/EL8-ice/software/JasPer/2.0.33-GCCcore-11.3.0/lib]
    arg [-L/rds/bear-apps/2022a/EL8-ice/software/snappy/1.1.9-GCCcore-11.3.0/lib] ==> dir [/rds/bear-apps/2022a/EL8-ice/software/snappy/1.1.9-GCCcore-11.3.0/lib]
    arg [-L/rds/bear-apps/2022a/EL8-ice/software/NSS/3.79-GCCcore-11.3.0/lib] ==> dir [/rds/bear-apps/2022a/EL8-ice/software/NSS/3.79-GCCcore-11.3.0/lib]
    arg [-L/rds/bear-apps/2022a/EL8-ice/software/NSPR/4.34-GCCcore-11.3.0/lib] ==> dir [/rds/bear-apps/2022a/EL8-ice/software/NSPR/4.34-GCCcore-11.3.0/lib]
    arg [-L/rds/bear-apps/2022a/EL8-ice/software/libjpeg-turbo/2.1.3-GCCcore-11.3.0/lib] ==> dir [/rds/bear-apps/2022a/EL8-ice/software/libjpeg-turbo/2.1.3-GCCcore-11.3.0/lib]
    arg [-L/rds/bear-apps/2022a/EL8-ice/software/libGLU/9.0.2-GCCcore-11.3.0/lib] ==> dir [/rds/bear-apps/2022a/EL8-ice/software/libGLU/9.0.2-GCCcore-11.3.0/lib]
    arg [-L/rds/bear-apps/2022a/EL8-ice/software/Mesa/22.0.3-GCCcore-11.3.0/lib] ==> dir [/rds/bear-apps/2022a/EL8-ice/software/Mesa/22.0.3-GCCcore-11.3.0/lib]
    arg [-L/rds/bear-apps/2022a/EL8-ice/software/LLVM/12.0.1-GCCcore-11.3.0/lib] ==> dir [/rds/bear-apps/2022a/EL8-ice/software/LLVM/12.0.1-GCCcore-11.3.0/lib]
    arg [-L/rds/bear-apps/2022a/EL8-ice/software/libunwind/1.6.2-GCCcore-11.3.0/lib] ==> dir [/rds/bear-apps/2022a/EL8-ice/software/libunwind/1.6.2-GCCcore-11.3.0/lib]
    arg [-L/rds/bear-apps/2022a/EL8-ice/software/libglvnd/1.4.0-GCCcore-11.3.0/lib] ==> dir [/rds/bear-apps/2022a/EL8-ice/software/libglvnd/1.4.0-GCCcore-11.3.0/lib]
    arg [-L/rds/bear-apps/2022a/EL8-ice/software/libdrm/2.4.110-GCCcore-11.3.0/lib] ==> dir [/rds/bear-apps/2022a/EL8-ice/software/libdrm/2.4.110-GCCcore-11.3.0/lib]
    arg [-L/rds/bear-apps/2022a/EL8-ice/software/zstd/1.5.2-GCCcore-11.3.0/lib] ==> dir [/rds/bear-apps/2022a/EL8-ice/software/zstd/1.5.2-GCCcore-11.3.0/lib]
    arg [-L/rds/bear-apps/2022a/EL8-ice/software/lz4/1.9.3-GCCcore-11.3.0/lib] ==> dir [/rds/bear-apps/2022a/EL8-ice/software/lz4/1.9.3-GCCcore-11.3.0/lib]
    arg [-L/rds/bear-apps/2022a/EL8-ice/software/libevent/2.1.12-GCCcore-11.3.0/lib] ==> dir [/rds/bear-apps/2022a/EL8-ice/software/libevent/2.1.12-GCCcore-11.3.0/lib]
    arg [-L/rds/bear-apps/2022a/EL8-ice/software/DBus/1.14.0-GCCcore-11.3.0/lib] ==> dir [/rds/bear-apps/2022a/EL8-ice/software/DBus/1.14.0-GCCcore-11.3.0/lib]
    arg [-L/rds/bear-apps/2022a/EL8-ice/software/fontconfig/2.14.0-GCCcore-11.3.0/lib] ==> dir [/rds/bear-apps/2022a/EL8-ice/software/fontconfig/2.14.0-GCCcore-11.3.0/lib]
    arg [-L/rds/bear-apps/2022a/EL8-ice/software/X11/20220504-GCCcore-11.3.0/lib] ==> dir [/rds/bear-apps/2022a/EL8-ice/software/X11/20220504-GCCcore-11.3.0/lib]
    arg [-L/rds/bear-apps/2022a/EL8-ice/software/graphite2/1.3.14-GCCcore-11.3.0/lib] ==> dir [/rds/bear-apps/2022a/EL8-ice/software/graphite2/1.3.14-GCCcore-11.3.0/lib]
    arg [-L/rds/bear-apps/2022a/EL8-ice/software/HarfBuzz/4.2.1-GCCcore-11.3.0/lib] ==> dir [/rds/bear-apps/2022a/EL8-ice/software/HarfBuzz/4.2.1-GCCcore-11.3.0/lib]
    arg [-L/rds/bear-apps/2022a/EL8-ice/software/freetype/2.12.1-GCCcore-11.3.0/lib] ==> dir [/rds/bear-apps/2022a/EL8-ice/software/freetype/2.12.1-GCCcore-11.3.0/lib]
    arg [-L/rds/bear-apps/2022a/EL8-ice/software/cairo/1.17.4-GCCcore-11.3.0/lib] ==> dir [/rds/bear-apps/2022a/EL8-ice/software/cairo/1.17.4-GCCcore-11.3.0/lib]
    arg [-L/rds/bear-apps/2022a/EL8-ice/software/libpciaccess/0.16-GCCcore-11.3.0/lib] ==> dir [/rds/bear-apps/2022a/EL8-ice/software/libpciaccess/0.16-GCCcore-11.3.0/lib]
    arg [-L/rds/bear-apps/2022a/EL8-ice/software/pixman/0.40.0-GCCcore-11.3.0/lib] ==> dir [/rds/bear-apps/2022a/EL8-ice/software/pixman/0.40.0-GCCcore-11.3.0/lib]
    arg [-L/rds/bear-apps/2022a/EL8-ice/software/Brotli/1.0.9-GCCcore-11.3.0/lib] ==> dir [/rds/bear-apps/2022a/EL8-ice/software/Brotli/1.0.9-GCCcore-11.3.0/lib]
    arg [-L/rds/bear-apps/2022a/EL8-ice/software/libpng/1.6.37-GCCcore-11.3.0/lib] ==> dir [/rds/bear-apps/2022a/EL8-ice/software/libpng/1.6.37-GCCcore-11.3.0/lib]
    arg [-L/rds/bear-apps/2022a/EL8-ice/software/PCRE2/10.40-GCCcore-11.3.0/lib] ==> dir [/rds/bear-apps/2022a/EL8-ice/software/PCRE2/10.40-GCCcore-11.3.0/lib]
    arg [-L/rds/bear-apps/2022a/EL8-ice/software/GLib/2.72.1-GCCcore-11.3.0/lib] ==> dir [/rds/bear-apps/2022a/EL8-ice/software/GLib/2.72.1-GCCcore-11.3.0/lib]
    arg [-L/rds/bear-apps/2022a/EL8-ice/software/util-linux/2.38-GCCcore-11.3.0/lib] ==> dir [/rds/bear-apps/2022a/EL8-ice/software/util-linux/2.38-GCCcore-11.3.0/lib]
    arg [-L/rds/bear-apps/2022a/EL8-ice/software/PCRE/8.45-GCCcore-11.3.0/lib] ==> dir [/rds/bear-apps/2022a/EL8-ice/software/PCRE/8.45-GCCcore-11.3.0/lib]
    arg [-L/rds/bear-apps/2022a/EL8-ice/software/libxml2/2.9.13-GCCcore-11.3.0/lib] ==> dir [/rds/bear-apps/2022a/EL8-ice/software/libxml2/2.9.13-GCCcore-11.3.0/lib]
    arg [-L/rds/bear-apps/2022a/EL8-ice/software/gettext/0.21-GCCcore-11.3.0/lib] ==> dir [/rds/bear-apps/2022a/EL8-ice/software/gettext/0.21-GCCcore-11.3.0/lib]
    arg [-L/rds/bear-apps/2022a/EL8-ice/software/ncurses/6.3-GCCcore-11.3.0/lib] ==> dir [/rds/bear-apps/2022a/EL8-ice/software/ncurses/6.3-GCCcore-11.3.0/lib]
    arg [-L/rds/bear-apps/2022a/EL8-ice/software/XZ/5.2.5-GCCcore-11.3.0/lib] ==> dir [/rds/bear-apps/2022a/EL8-ice/software/XZ/5.2.5-GCCcore-11.3.0/lib]
    arg [-L/rds/bear-apps/2022a/EL8-ice/software/libffi/3.4.2-GCCcore-11.3.0/lib64] ==> dir [/rds/bear-apps/2022a/EL8-ice/software/libffi/3.4.2-GCCcore-11.3.0/lib64]
    arg [-L/rds/bear-apps/2022a/EL8-ice/software/libffi/3.4.2-GCCcore-11.3.0/lib] ==> dir [/rds/bear-apps/2022a/EL8-ice/software/libffi/3.4.2-GCCcore-11.3.0/lib]
    arg [-L/rds/bear-apps/2022a/EL8-ice/software/double-conversion/3.2.0-GCCcore-11.3.0/lib] ==> dir [/rds/bear-apps/2022a/EL8-ice/software/double-conversion/3.2.0-GCCcore-11.3.0/lib]
    arg [-L/rds/bear-apps/2022a/EL8-ice/software/Xerces-C++/3.2.4-GCCcore-11.3.0/lib] ==> dir [/rds/bear-apps/2022a/EL8-ice/software/Xerces-C++/3.2.4-GCCcore-11.3.0/lib]
    arg [-L/rds/bear-apps/2022a/EL8-ice/software/cURL/7.83.0-GCCcore-11.3.0/lib] ==> dir [/rds/bear-apps/2022a/EL8-ice/software/cURL/7.83.0-GCCcore-11.3.0/lib]
    arg [-L/rds/bear-apps/2022a/EL8-ice/software/OpenSSL/1.1/lib] ==> dir [/rds/bear-apps/2022a/EL8-ice/software/OpenSSL/1.1/lib]
    arg [-L/rds/bear-apps/2022a/EL8-ice/software/CLHEP/2.4.6.2-GCC-11.3.0/lib] ==> dir [/rds/bear-apps/2022a/EL8-ice/software/CLHEP/2.4.6.2-GCC-11.3.0/lib]
    arg [-L/rds/bear-apps/2022a/EL8-ice/software/expat/2.4.8-GCCcore-11.3.0/lib] ==> dir [/rds/bear-apps/2022a/EL8-ice/software/expat/2.4.8-GCCcore-11.3.0/lib]
    arg [-L/rds/bear-apps/2022a/EL8-ice/software/binutils/2.38-GCCcore-11.3.0/lib] ==> dir [/rds/bear-apps/2022a/EL8-ice/software/binutils/2.38-GCCcore-11.3.0/lib]
    arg [-L/rds/bear-apps/2022a/EL8-ice/software/zlib/1.2.12-GCCcore-11.3.0/lib] ==> dir [/rds/bear-apps/2022a/EL8-ice/software/zlib/1.2.12-GCCcore-11.3.0/lib]
    arg [-L/rds/bear-apps/2022a/EL8-ice/software/GCCcore/11.3.0/lib/gcc/x86_64-pc-linux-gnu/11.3.0/../../..] ==> dir [/rds/bear-apps/2022a/EL8-ice/software/GCCcore/11.3.0/lib/gcc/x86_64-pc-linux-gnu/11.3.0/../../..]
    arg [CMakeFiles/cmTC_b4799.dir/CMakeCCompilerABI.c.o] ==> ignore
    arg [-lgcc] ==> lib [gcc]
    arg [--push-state] ==> ignore
    arg [--as-needed] ==> ignore
    arg [-lgcc_s] ==> lib [gcc_s]
    arg [--pop-state] ==> ignore
    arg [-lc] ==> lib [c]
    arg [-lgcc] ==> lib [gcc]
    arg [--push-state] ==> ignore
    arg [--as-needed] ==> ignore
    arg [-lgcc_s] ==> lib [gcc_s]
    arg [--pop-state] ==> ignore
    arg [/rds/bear-apps/2022a/EL8-ice/software/GCCcore/11.3.0/lib/gcc/x86_64-pc-linux-gnu/11.3.0/crtend.o] ==> obj [/rds/bear-apps/2022a/EL8-ice/software/GCCcore/11.3.0/lib/gcc/x86_64-pc-linux-gnu/11.3.0/crtend.o]
    arg [/lib/../lib64/crtn.o] ==> obj [/lib/../lib64/crtn.o]
  collapse obj [/lib/../lib64/crt1.o] ==> [/lib64/crt1.o]
  collapse obj [/lib/../lib64/crti.o] ==> [/lib64/crti.o]
  collapse obj [/lib/../lib64/crtn.o] ==> [/lib64/crtn.o]
  collapse library dir [/rds/bear-apps/2022a/EL8-ice/software/libarchive/3.6.1-GCCcore-11.3.0/lib/../lib64] ==> [/rds/bear-apps/2022a/EL8-ice/software/libarchive/3.6.1-GCCcore-11.3.0/lib64]
  collapse library dir [/rds/bear-apps/2022a/EL8-ice/software/Geant4/11.1.2-GCC-11.3.0/lib/../lib64] ==> [/rds/bear-apps/2022a/EL8-ice/software/Geant4/11.1.2-GCC-11.3.0/lib64]
  collapse library dir [/rds/bear-apps/2022a/EL8-ice/software/Qt5/5.15.5-GCCcore-11.3.0/lib/../lib64] ==> [/rds/bear-apps/2022a/EL8-ice/software/Qt5/5.15.5-GCCcore-11.3.0/lib64]
  collapse library dir [/rds/bear-apps/2022a/EL8-ice/software/nodejs/16.15.1-GCCcore-11.3.0/lib/../lib64] ==> [/rds/bear-apps/2022a/EL8-ice/software/nodejs/16.15.1-GCCcore-11.3.0/lib64]
  collapse library dir [/rds/bear-apps/2022a/EL8-ice/software/ICU/71.1-GCCcore-11.3.0/lib/../lib64] ==> [/rds/bear-apps/2022a/EL8-ice/software/ICU/71.1-GCCcore-11.3.0/lib64]
  collapse library dir [/rds/bear-apps/2022a/EL8-ice/software/bzip2/1.0.8-GCCcore-11.3.0/lib/../lib64] ==> [/rds/bear-apps/2022a/EL8-ice/software/bzip2/1.0.8-GCCcore-11.3.0/lib64]
  collapse library dir [/rds/bear-apps/2022a/EL8-ice/software/JasPer/2.0.33-GCCcore-11.3.0/lib/../lib64] ==> [/rds/bear-apps/2022a/EL8-ice/software/JasPer/2.0.33-GCCcore-11.3.0/lib64]
  collapse library dir [/rds/bear-apps/2022a/EL8-ice/software/snappy/1.1.9-GCCcore-11.3.0/lib/../lib64] ==> [/rds/bear-apps/2022a/EL8-ice/software/snappy/1.1.9-GCCcore-11.3.0/lib64]
  collapse library dir [/rds/bear-apps/2022a/EL8-ice/software/NSS/3.79-GCCcore-11.3.0/lib/../lib64] ==> [/rds/bear-apps/2022a/EL8-ice/software/NSS/3.79-GCCcore-11.3.0/lib64]
  collapse library dir [/rds/bear-apps/2022a/EL8-ice/software/NSPR/4.34-GCCcore-11.3.0/lib/../lib64] ==> [/rds/bear-apps/2022a/EL8-ice/software/NSPR/4.34-GCCcore-11.3.0/lib64]
  collapse library dir [/rds/bear-apps/2022a/EL8-ice/software/libjpeg-turbo/2.1.3-GCCcore-11.3.0/lib/../lib64] ==> [/rds/bear-apps/2022a/EL8-ice/software/libjpeg-turbo/2.1.3-GCCcore-11.3.0/lib64]
  collapse library dir [/rds/bear-apps/2022a/EL8-ice/software/libGLU/9.0.2-GCCcore-11.3.0/lib/../lib64] ==> [/rds/bear-apps/2022a/EL8-ice/software/libGLU/9.0.2-GCCcore-11.3.0/lib64]
  collapse library dir [/rds/bear-apps/2022a/EL8-ice/software/Mesa/22.0.3-GCCcore-11.3.0/lib/../lib64] ==> [/rds/bear-apps/2022a/EL8-ice/software/Mesa/22.0.3-GCCcore-11.3.0/lib64]
  collapse library dir [/rds/bear-apps/2022a/EL8-ice/software/LLVM/12.0.1-GCCcore-11.3.0/lib/../lib64] ==> [/rds/bear-apps/2022a/EL8-ice/software/LLVM/12.0.1-GCCcore-11.3.0/lib64]
  collapse library dir [/rds/bear-apps/2022a/EL8-ice/software/libunwind/1.6.2-GCCcore-11.3.0/lib/../lib64] ==> [/rds/bear-apps/2022a/EL8-ice/software/libunwind/1.6.2-GCCcore-11.3.0/lib64]
  collapse library dir [/rds/bear-apps/2022a/EL8-ice/software/libglvnd/1.4.0-GCCcore-11.3.0/lib/../lib64] ==> [/rds/bear-apps/2022a/EL8-ice/software/libglvnd/1.4.0-GCCcore-11.3.0/lib64]
  collapse library dir [/rds/bear-apps/2022a/EL8-ice/software/libdrm/2.4.110-GCCcore-11.3.0/lib/../lib64] ==> [/rds/bear-apps/2022a/EL8-ice/software/libdrm/2.4.110-GCCcore-11.3.0/lib64]
  collapse library dir [/rds/bear-apps/2022a/EL8-ice/software/zstd/1.5.2-GCCcore-11.3.0/lib/../lib64] ==> [/rds/bear-apps/2022a/EL8-ice/software/zstd/1.5.2-GCCcore-11.3.0/lib64]
  collapse library dir [/rds/bear-apps/2022a/EL8-ice/software/lz4/1.9.3-GCCcore-11.3.0/lib/../lib64] ==> [/rds/bear-apps/2022a/EL8-ice/software/lz4/1.9.3-GCCcore-11.3.0/lib64]
  collapse library dir [/rds/bear-apps/2022a/EL8-ice/software/libevent/2.1.12-GCCcore-11.3.0/lib/../lib64] ==> [/rds/bear-apps/2022a/EL8-ice/software/libevent/2.1.12-GCCcore-11.3.0/lib64]
  collapse library dir [/rds/bear-apps/2022a/EL8-ice/software/DBus/1.14.0-GCCcore-11.3.0/lib/../lib64] ==> [/rds/bear-apps/2022a/EL8-ice/software/DBus/1.14.0-GCCcore-11.3.0/lib64]
  collapse library dir [/rds/bear-apps/2022a/EL8-ice/software/fontconfig/2.14.0-GCCcore-11.3.0/lib/../lib64] ==> [/rds/bear-apps/2022a/EL8-ice/software/fontconfig/2.14.0-GCCcore-11.3.0/lib64]
  collapse library dir [/rds/bear-apps/2022a/EL8-ice/software/X11/20220504-GCCcore-11.3.0/lib/../lib64] ==> [/rds/bear-apps/2022a/EL8-ice/software/X11/20220504-GCCcore-11.3.0/lib64]
  collapse library dir [/rds/bear-apps/2022a/EL8-ice/software/graphite2/1.3.14-GCCcore-11.3.0/lib/../lib64] ==> [/rds/bear-apps/2022a/EL8-ice/software/graphite2/1.3.14-GCCcore-11.3.0/lib64]
  collapse library dir [/rds/bear-apps/2022a/EL8-ice/software/HarfBuzz/4.2.1-GCCcore-11.3.0/lib/../lib64] ==> [/rds/bear-apps/2022a/EL8-ice/software/HarfBuzz/4.2.1-GCCcore-11.3.0/lib64]
  collapse library dir [/rds/bear-apps/2022a/EL8-ice/software/freetype/2.12.1-GCCcore-11.3.0/lib/../lib64] ==> [/rds/bear-apps/2022a/EL8-ice/software/freetype/2.12.1-GCCcore-11.3.0/lib64]
  collapse library dir [/rds/bear-apps/2022a/EL8-ice/software/cairo/1.17.4-GCCcore-11.3.0/lib/../lib64] ==> [/rds/bear-apps/2022a/EL8-ice/software/cairo/1.17.4-GCCcore-11.3.0/lib64]
  collapse library dir [/rds/bear-apps/2022a/EL8-ice/software/libpciaccess/0.16-GCCcore-11.3.0/lib/../lib64] ==> [/rds/bear-apps/2022a/EL8-ice/software/libpciaccess/0.16-GCCcore-11.3.0/lib64]
  collapse library dir [/rds/bear-apps/2022a/EL8-ice/software/pixman/0.40.0-GCCcore-11.3.0/lib/../lib64] ==> [/rds/bear-apps/2022a/EL8-ice/software/pixman/0.40.0-GCCcore-11.3.0/lib64]
  collapse library dir [/rds/bear-apps/2022a/EL8-ice/software/Brotli/1.0.9-GCCcore-11.3.0/lib/../lib64] ==> [/rds/bear-apps/2022a/EL8-ice/software/Brotli/1.0.9-GCCcore-11.3.0/lib64]
  collapse library dir [/rds/bear-apps/2022a/EL8-ice/software/libpng/1.6.37-GCCcore-11.3.0/lib/../lib64] ==> [/rds/bear-apps/2022a/EL8-ice/software/libpng/1.6.37-GCCcore-11.3.0/lib64]
  collapse library dir [/rds/bear-apps/2022a/EL8-ice/software/PCRE2/10.40-GCCcore-11.3.0/lib/../lib64] ==> [/rds/bear-apps/2022a/EL8-ice/software/PCRE2/10.40-GCCcore-11.3.0/lib64]
  collapse library dir [/rds/bear-apps/2022a/EL8-ice/software/GLib/2.72.1-GCCcore-11.3.0/lib/../lib64] ==> [/rds/bear-apps/2022a/EL8-ice/software/GLib/2.72.1-GCCcore-11.3.0/lib64]
  collapse library dir [/rds/bear-apps/2022a/EL8-ice/software/util-linux/2.38-GCCcore-11.3.0/lib/../lib64] ==> [/rds/bear-apps/2022a/EL8-ice/software/util-linux/2.38-GCCcore-11.3.0/lib64]
  collapse library dir [/rds/bear-apps/2022a/EL8-ice/software/PCRE/8.45-GCCcore-11.3.0/lib/../lib64] ==> [/rds/bear-apps/2022a/EL8-ice/software/PCRE/8.45-GCCcore-11.3.0/lib64]
  collapse library dir [/rds/bear-apps/2022a/EL8-ice/software/libxml2/2.9.13-GCCcore-11.3.0/lib/../lib64] ==> [/rds/bear-apps/2022a/EL8-ice/software/libxml2/2.9.13-GCCcore-11.3.0/lib64]
  collapse library dir [/rds/bear-apps/2022a/EL8-ice/software/gettext/0.21-GCCcore-11.3.0/lib/../lib64] ==> [/rds/bear-apps/2022a/EL8-ice/software/gettext/0.21-GCCcore-11.3.0/lib64]
  collapse library dir [/rds/bear-apps/2022a/EL8-ice/software/ncurses/6.3-GCCcore-11.3.0/lib/../lib64] ==> [/rds/bear-apps/2022a/EL8-ice/software/ncurses/6.3-GCCcore-11.3.0/lib64]
  collapse library dir [/rds/bear-apps/2022a/EL8-ice/software/XZ/5.2.5-GCCcore-11.3.0/lib/../lib64] ==> [/rds/bear-apps/2022a/EL8-ice/software/XZ/5.2.5-GCCcore-11.3.0/lib64]
  collapse library dir [/rds/bear-apps/2022a/EL8-ice/software/libffi/3.4.2-GCCcore-11.3.0/lib64/../lib64] ==> [/rds/bear-apps/2022a/EL8-ice/software/libffi/3.4.2-GCCcore-11.3.0/lib64]
  collapse library dir [/rds/bear-apps/2022a/EL8-ice/software/libffi/3.4.2-GCCcore-11.3.0/lib/../lib64] ==> [/rds/bear-apps/2022a/EL8-ice/software/libffi/3.4.2-GCCcore-11.3.0/lib64]
  collapse library dir [/rds/bear-apps/2022a/EL8-ice/software/double-conversion/3.2.0-GCCcore-11.3.0/lib/../lib64] ==> [/rds/bear-apps/2022a/EL8-ice/software/double-conversion/3.2.0-GCCcore-11.3.0/lib64]
  collapse library dir [/rds/bear-apps/2022a/EL8-ice/software/Xerces-C++/3.2.4-GCCcore-11.3.0/lib/../lib64] ==> [/rds/bear-apps/2022a/EL8-ice/software/Xerces-C++/3.2.4-GCCcore-11.3.0/lib64]
  collapse library dir [/rds/bear-apps/2022a/EL8-ice/software/cURL/7.83.0-GCCcore-11.3.0/lib/../lib64] ==> [/rds/bear-apps/2022a/EL8-ice/software/cURL/7.83.0-GCCcore-11.3.0/lib64]
  collapse library dir [/rds/bear-apps/2022a/EL8-ice/software/OpenSSL/1.1/lib/../lib64] ==> [/rds/bear-apps/2022a/EL8-ice/software/OpenSSL/1.1/lib64]
  collapse library dir [/rds/bear-apps/2022a/EL8-ice/software/CLHEP/2.4.6.2-GCC-11.3.0/lib/../lib64] ==> [/rds/bear-apps/2022a/EL8-ice/software/CLHEP/2.4.6.2-GCC-11.3.0/lib64]
  collapse library dir [/rds/bear-apps/2022a/EL8-ice/software/expat/2.4.8-GCCcore-11.3.0/lib/../lib64] ==> [/rds/bear-apps/2022a/EL8-ice/software/expat/2.4.8-GCCcore-11.3.0/lib64]
  collapse library dir [/rds/bear-apps/2022a/EL8-ice/software/binutils/2.38-GCCcore-11.3.0/lib/../lib64] ==> [/rds/bear-apps/2022a/EL8-ice/software/binutils/2.38-GCCcore-11.3.0/lib64]
  collapse library dir [/rds/bear-apps/2022a/EL8-ice/software/zlib/1.2.12-GCCcore-11.3.0/lib/../lib64] ==> [/rds/bear-apps/2022a/EL8-ice/software/zlib/1.2.12-GCCcore-11.3.0/lib64]
  collapse library dir [/rds/bear-apps/2022a/EL8-ice/software/GCCcore/11.3.0/lib/gcc/x86_64-pc-linux-gnu/11.3.0] ==> [/rds/bear-apps/2022a/EL8-ice/software/GCCcore/11.3.0/lib/gcc/x86_64-pc-linux-gnu/11.3.0]
  collapse library dir [/rds/bear-apps/2022a/EL8-ice/software/GCCcore/11.3.0/lib/gcc/x86_64-pc-linux-gnu/11.3.0/../../../../lib64] ==> [/rds/bear-apps/2022a/EL8-ice/software/GCCcore/11.3.0/lib64]
  collapse library dir [/lib/../lib64] ==> [/lib64]
  collapse library dir [/usr/lib/../lib64] ==> [/usr/lib64]
  collapse library dir [/rds/bear-apps/2022a/EL8-ice/software/libarchive/3.6.1-GCCcore-11.3.0/lib] ==> [/rds/bear-apps/2022a/EL8-ice/software/libarchive/3.6.1-GCCcore-11.3.0/lib]
  collapse library dir [/rds/bear-apps/2022a/EL8-ice/software/Geant4/11.1.2-GCC-11.3.0/lib] ==> [/rds/bear-apps/2022a/EL8-ice/software/Geant4/11.1.2-GCC-11.3.0/lib]
  collapse library dir [/rds/bear-apps/2022a/EL8-ice/software/Qt5/5.15.5-GCCcore-11.3.0/lib] ==> [/rds/bear-apps/2022a/EL8-ice/software/Qt5/5.15.5-GCCcore-11.3.0/lib]
  collapse library dir [/rds/bear-apps/2022a/EL8-ice/software/nodejs/16.15.1-GCCcore-11.3.0/lib] ==> [/rds/bear-apps/2022a/EL8-ice/software/nodejs/16.15.1-GCCcore-11.3.0/lib]
  collapse library dir [/rds/bear-apps/2022a/EL8-ice/software/ICU/71.1-GCCcore-11.3.0/lib] ==> [/rds/bear-apps/2022a/EL8-ice/software/ICU/71.1-GCCcore-11.3.0/lib]
  collapse library dir [/rds/bear-apps/2022a/EL8-ice/software/bzip2/1.0.8-GCCcore-11.3.0/lib] ==> [/rds/bear-apps/2022a/EL8-ice/software/bzip2/1.0.8-GCCcore-11.3.0/lib]
  collapse library dir [/rds/bear-apps/2022a/EL8-ice/software/JasPer/2.0.33-GCCcore-11.3.0/lib] ==> [/rds/bear-apps/2022a/EL8-ice/software/JasPer/2.0.33-GCCcore-11.3.0/lib]
  collapse library dir [/rds/bear-apps/2022a/EL8-ice/software/snappy/1.1.9-GCCcore-11.3.0/lib] ==> [/rds/bear-apps/2022a/EL8-ice/software/snappy/1.1.9-GCCcore-11.3.0/lib]
  collapse library dir [/rds/bear-apps/2022a/EL8-ice/software/NSS/3.79-GCCcore-11.3.0/lib] ==> [/rds/bear-apps/2022a/EL8-ice/software/NSS/3.79-GCCcore-11.3.0/lib]
  collapse library dir [/rds/bear-apps/2022a/EL8-ice/software/NSPR/4.34-GCCcore-11.3.0/lib] ==> [/rds/bear-apps/2022a/EL8-ice/software/NSPR/4.34-GCCcore-11.3.0/lib]
  collapse library dir [/rds/bear-apps/2022a/EL8-ice/software/libjpeg-turbo/2.1.3-GCCcore-11.3.0/lib] ==> [/rds/bear-apps/2022a/EL8-ice/software/libjpeg-turbo/2.1.3-GCCcore-11.3.0/lib]
  collapse library dir [/rds/bear-apps/2022a/EL8-ice/software/libGLU/9.0.2-GCCcore-11.3.0/lib] ==> [/rds/bear-apps/2022a/EL8-ice/software/libGLU/9.0.2-GCCcore-11.3.0/lib]
  collapse library dir [/rds/bear-apps/2022a/EL8-ice/software/Mesa/22.0.3-GCCcore-11.3.0/lib] ==> [/rds/bear-apps/2022a/EL8-ice/software/Mesa/22.0.3-GCCcore-11.3.0/lib]
  collapse library dir [/rds/bear-apps/2022a/EL8-ice/software/LLVM/12.0.1-GCCcore-11.3.0/lib] ==> [/rds/bear-apps/2022a/EL8-ice/software/LLVM/12.0.1-GCCcore-11.3.0/lib]
  collapse library dir [/rds/bear-apps/2022a/EL8-ice/software/libunwind/1.6.2-GCCcore-11.3.0/lib] ==> [/rds/bear-apps/2022a/EL8-ice/software/libunwind/1.6.2-GCCcore-11.3.0/lib]
  collapse library dir [/rds/bear-apps/2022a/EL8-ice/software/libglvnd/1.4.0-GCCcore-11.3.0/lib] ==> [/rds/bear-apps/2022a/EL8-ice/software/libglvnd/1.4.0-GCCcore-11.3.0/lib]
  collapse library dir [/rds/bear-apps/2022a/EL8-ice/software/libdrm/2.4.110-GCCcore-11.3.0/lib] ==> [/rds/bear-apps/2022a/EL8-ice/software/libdrm/2.4.110-GCCcore-11.3.0/lib]
  collapse library dir [/rds/bear-apps/2022a/EL8-ice/software/zstd/1.5.2-GCCcore-11.3.0/lib] ==> [/rds/bear-apps/2022a/EL8-ice/software/zstd/1.5.2-GCCcore-11.3.0/lib]
  collapse library dir [/rds/bear-apps/2022a/EL8-ice/software/lz4/1.9.3-GCCcore-11.3.0/lib] ==> [/rds/bear-apps/2022a/EL8-ice/software/lz4/1.9.3-GCCcore-11.3.0/lib]
  collapse library dir [/rds/bear-apps/2022a/EL8-ice/software/libevent/2.1.12-GCCcore-11.3.0/lib] ==> [/rds/bear-apps/2022a/EL8-ice/software/libevent/2.1.12-GCCcore-11.3.0/lib]
  collapse library dir [/rds/bear-apps/2022a/EL8-ice/software/DBus/1.14.0-GCCcore-11.3.0/lib] ==> [/rds/bear-apps/2022a/EL8-ice/software/DBus/1.14.0-GCCcore-11.3.0/lib]
  collapse library dir [/rds/bear-apps/2022a/EL8-ice/software/fontconfig/2.14.0-GCCcore-11.3.0/lib] ==> [/rds/bear-apps/2022a/EL8-ice/software/fontconfig/2.14.0-GCCcore-11.3.0/lib]
  collapse library dir [/rds/bear-apps/2022a/EL8-ice/software/X11/20220504-GCCcore-11.3.0/lib] ==> [/rds/bear-apps/2022a/EL8-ice/software/X11/20220504-GCCcore-11.3.0/lib]
  collapse library dir [/rds/bear-apps/2022a/EL8-ice/software/graphite2/1.3.14-GCCcore-11.3.0/lib] ==> [/rds/bear-apps/2022a/EL8-ice/software/graphite2/1.3.14-GCCcore-11.3.0/lib]
  collapse library dir [/rds/bear-apps/2022a/EL8-ice/software/HarfBuzz/4.2.1-GCCcore-11.3.0/lib] ==> [/rds/bear-apps/2022a/EL8-ice/software/HarfBuzz/4.2.1-GCCcore-11.3.0/lib]
  collapse library dir [/rds/bear-apps/2022a/EL8-ice/software/freetype/2.12.1-GCCcore-11.3.0/lib] ==> [/rds/bear-apps/2022a/EL8-ice/software/freetype/2.12.1-GCCcore-11.3.0/lib]
  collapse library dir [/rds/bear-apps/2022a/EL8-ice/software/cairo/1.17.4-GCCcore-11.3.0/lib] ==> [/rds/bear-apps/2022a/EL8-ice/software/cairo/1.17.4-GCCcore-11.3.0/lib]
  collapse library dir [/rds/bear-apps/2022a/EL8-ice/software/libpciaccess/0.16-GCCcore-11.3.0/lib] ==> [/rds/bear-apps/2022a/EL8-ice/software/libpciaccess/0.16-GCCcore-11.3.0/lib]
  collapse library dir [/rds/bear-apps/2022a/EL8-ice/software/pixman/0.40.0-GCCcore-11.3.0/lib] ==> [/rds/bear-apps/2022a/EL8-ice/software/pixman/0.40.0-GCCcore-11.3.0/lib]
  collapse library dir [/rds/bear-apps/2022a/EL8-ice/software/Brotli/1.0.9-GCCcore-11.3.0/lib] ==> [/rds/bear-apps/2022a/EL8-ice/software/Brotli/1.0.9-GCCcore-11.3.0/lib]
  collapse library dir [/rds/bear-apps/2022a/EL8-ice/software/libpng/1.6.37-GCCcore-11.3.0/lib] ==> [/rds/bear-apps/2022a/EL8-ice/software/libpng/1.6.37-GCCcore-11.3.0/lib]
  collapse library dir [/rds/bear-apps/2022a/EL8-ice/software/PCRE2/10.40-GCCcore-11.3.0/lib] ==> [/rds/bear-apps/2022a/EL8-ice/software/PCRE2/10.40-GCCcore-11.3.0/lib]
  collapse library dir [/rds/bear-apps/2022a/EL8-ice/software/GLib/2.72.1-GCCcore-11.3.0/lib] ==> [/rds/bear-apps/2022a/EL8-ice/software/GLib/2.72.1-GCCcore-11.3.0/lib]
  collapse library dir [/rds/bear-apps/2022a/EL8-ice/software/util-linux/2.38-GCCcore-11.3.0/lib] ==> [/rds/bear-apps/2022a/EL8-ice/software/util-linux/2.38-GCCcore-11.3.0/lib]
  collapse library dir [/rds/bear-apps/2022a/EL8-ice/software/PCRE/8.45-GCCcore-11.3.0/lib] ==> [/rds/bear-apps/2022a/EL8-ice/software/PCRE/8.45-GCCcore-11.3.0/lib]
  collapse library dir [/rds/bear-apps/2022a/EL8-ice/software/libxml2/2.9.13-GCCcore-11.3.0/lib] ==> [/rds/bear-apps/2022a/EL8-ice/software/libxml2/2.9.13-GCCcore-11.3.0/lib]
  collapse library dir [/rds/bear-apps/2022a/EL8-ice/software/gettext/0.21-GCCcore-11.3.0/lib] ==> [/rds/bear-apps/2022a/EL8-ice/software/gettext/0.21-GCCcore-11.3.0/lib]
  collapse library dir [/rds/bear-apps/2022a/EL8-ice/software/ncurses/6.3-GCCcore-11.3.0/lib] ==> [/rds/bear-apps/2022a/EL8-ice/software/ncurses/6.3-GCCcore-11.3.0/lib]
  collapse library dir [/rds/bear-apps/2022a/EL8-ice/software/XZ/5.2.5-GCCcore-11.3.0/lib] ==> [/rds/bear-apps/2022a/EL8-ice/software/XZ/5.2.5-GCCcore-11.3.0/lib]
  collapse library dir [/rds/bear-apps/2022a/EL8-ice/software/libffi/3.4.2-GCCcore-11.3.0/lib64] ==> [/rds/bear-apps/2022a/EL8-ice/software/libffi/3.4.2-GCCcore-11.3.0/lib64]
  collapse library dir [/rds/bear-apps/2022a/EL8-ice/software/libffi/3.4.2-GCCcore-11.3.0/lib] ==> [/rds/bear-apps/2022a/EL8-ice/software/libffi/3.4.2-GCCcore-11.3.0/lib]
  collapse library dir [/rds/bear-apps/2022a/EL8-ice/software/double-conversion/3.2.0-GCCcore-11.3.0/lib] ==> [/rds/bear-apps/2022a/EL8-ice/software/double-conversion/3.2.0-GCCcore-11.3.0/lib]
  collapse library dir [/rds/bear-apps/2022a/EL8-ice/software/Xerces-C++/3.2.4-GCCcore-11.3.0/lib] ==> [/rds/bear-apps/2022a/EL8-ice/software/Xerces-C++/3.2.4-GCCcore-11.3.0/lib]
  collapse library dir [/rds/bear-apps/2022a/EL8-ice/software/cURL/7.83.0-GCCcore-11.3.0/lib] ==> [/rds/bear-apps/2022a/EL8-ice/software/cURL/7.83.0-GCCcore-11.3.0/lib]
  collapse library dir [/rds/bear-apps/2022a/EL8-ice/software/OpenSSL/1.1/lib] ==> [/rds/bear-apps/2022a/EL8-ice/software/OpenSSL/1.1/lib]
  collapse library dir [/rds/bear-apps/2022a/EL8-ice/software/CLHEP/2.4.6.2-GCC-11.3.0/lib] ==> [/rds/bear-apps/2022a/EL8-ice/software/CLHEP/2.4.6.2-GCC-11.3.0/lib]
  collapse library dir [/rds/bear-apps/2022a/EL8-ice/software/expat/2.4.8-GCCcore-11.3.0/lib] ==> [/rds/bear-apps/2022a/EL8-ice/software/expat/2.4.8-GCCcore-11.3.0/lib]
  collapse library dir [/rds/bear-apps/2022a/EL8-ice/software/binutils/2.38-GCCcore-11.3.0/lib] ==> [/rds/bear-apps/2022a/EL8-ice/software/binutils/2.38-GCCcore-11.3.0/lib]
  collapse library dir [/rds/bear-apps/2022a/EL8-ice/software/zlib/1.2.12-GCCcore-11.3.0/lib] ==> [/rds/bear-apps/2022a/EL8-ice/software/zlib/1.2.12-GCCcore-11.3.0/lib]
  collapse library dir [/rds/bear-apps/2022a/EL8-ice/software/GCCcore/11.3.0/lib/gcc/x86_64-pc-linux-gnu/11.3.0/../../..] ==> [/rds/bear-apps/2022a/EL8-ice/software/GCCcore/11.3.0/lib]
  implicit libs: [gcc;gcc_s;c;gcc;gcc_s]
  implicit objs: [/lib64/crt1.o;/lib64/crti.o;/rds/bear-apps/2022a/EL8-ice/software/GCCcore/11.3.0/lib/gcc/x86_64-pc-linux-gnu/11.3.0/crtbegin.o;/rds/bear-apps/2022a/EL8-ice/software/GCCcore/11.3.0/lib/gcc/x86_64-pc-linux-gnu/11.3.0/crtend.o;/lib64/crtn.o]
  implicit dirs: [/rds/bear-apps/2022a/EL8-ice/software/libarchive/3.6.1-GCCcore-11.3.0/lib64;/rds/bear-apps/2022a/EL8-ice/software/Geant4/11.1.2-GCC-11.3.0/lib64;/rds/bear-apps/2022a/EL8-ice/software/Qt5/5.15.5-GCCcore-11.3.0/lib64;/rds/bear-apps/2022a/EL8-ice/software/nodejs/16.15.1-GCCcore-11.3.0/lib64;/rds/bear-apps/2022a/EL8-ice/software/ICU/71.1-GCCcore-11.3.0/lib64;/rds/bear-apps/2022a/EL8-ice/software/bzip2/1.0.8-GCCcore-11.3.0/lib64;/rds/bear-apps/2022a/EL8-ice/software/JasPer/2.0.33-GCCcore-11.3.0/lib64;/rds/bear-apps/2022a/EL8-ice/software/snappy/1.1.9-GCCcore-11.3.0/lib64;/rds/bear-apps/2022a/EL8-ice/software/NSS/3.79-GCCcore-11.3.0/lib64;/rds/bear-apps/2022a/EL8-ice/software/NSPR/4.34-GCCcore-11.3.0/lib64;/rds/bear-apps/2022a/EL8-ice/software/libjpeg-turbo/2.1.3-GCCcore-11.3.0/lib64;/rds/bear-apps/2022a/EL8-ice/software/libGLU/9.0.2-GCCcore-11.3.0/lib64;/rds/bear-apps/2022a/EL8-ice/software/Mesa/22.0.3-GCCcore-11.3.0/lib64;/rds/bear-apps/2022a/EL8-ice/software/LLVM/12.0.1-GCCcore-11.3.0/lib64;/rds/bear-apps/2022a/EL8-ice/software/libunwind/1.6.2-GCCcore-11.3.0/lib64;/rds/bear-apps/2022a/EL8-ice/software/libglvnd/1.4.0-GCCcore-11.3.0/lib64;/rds/bear-apps/2022a/EL8-ice/software/libdrm/2.4.110-GCCcore-11.3.0/lib64;/rds/bear-apps/2022a/EL8-ice/software/zstd/1.5.2-GCCcore-11.3.0/lib64;/rds/bear-apps/2022a/EL8-ice/software/lz4/1.9.3-GCCcore-11.3.0/lib64;/rds/bear-apps/2022a/EL8-ice/software/libevent/2.1.12-GCCcore-11.3.0/lib64;/rds/bear-apps/2022a/EL8-ice/software/DBus/1.14.0-GCCcore-11.3.0/lib64;/rds/bear-apps/2022a/EL8-ice/software/fontconfig/2.14.0-GCCcore-11.3.0/lib64;/rds/bear-apps/2022a/EL8-ice/software/X11/20220504-GCCcore-11.3.0/lib64;/rds/bear-apps/2022a/EL8-ice/software/graphite2/1.3.14-GCCcore-11.3.0/lib64;/rds/bear-apps/2022a/EL8-ice/software/HarfBuzz/4.2.1-GCCcore-11.3.0/lib64;/rds/bear-apps/2022a/EL8-ice/software/freetype/2.12.1-GCCcore-11.3.0/lib64;/rds/bear-apps/2022a/EL8-ice/software/cairo/1.17.4-GCCcore-11.3.0/lib64;/rds/bear-apps/2022a/EL8-ice/software/libpciaccess/0.16-GCCcore-11.3.0/lib64;/rds/bear-apps/2022a/EL8-ice/software/pixman/0.40.0-GCCcore-11.3.0/lib64;/rds/bear-apps/2022a/EL8-ice/software/Brotli/1.0.9-GCCcore-11.3.0/lib64;/rds/bear-apps/2022a/EL8-ice/software/libpng/1.6.37-GCCcore-11.3.0/lib64;/rds/bear-apps/2022a/EL8-ice/software/PCRE2/10.40-GCCcore-11.3.0/lib64;/rds/bear-apps/2022a/EL8-ice/software/GLib/2.72.1-GCCcore-11.3.0/lib64;/rds/bear-apps/2022a/EL8-ice/software/util-linux/2.38-GCCcore-11.3.0/lib64;/rds/bear-apps/2022a/EL8-ice/software/PCRE/8.45-GCCcore-11.3.0/lib64;/rds/bear-apps/2022a/EL8-ice/software/libxml2/2.9.13-GCCcore-11.3.0/lib64;/rds/bear-apps/2022a/EL8-ice/software/gettext/0.21-GCCcore-11.3.0/lib64;/rds/bear-apps/2022a/EL8-ice/software/ncurses/6.3-GCCcore-11.3.0/lib64;/rds/bear-apps/2022a/EL8-ice/software/XZ/5.2.5-GCCcore-11.3.0/lib64;/rds/bear-apps/2022a/EL8-ice/software/libffi/3.4.2-GCCcore-11.3.0/lib64;/rds/bear-apps/2022a/EL8-ice/software/double-conversion/3.2.0-GCCcore-11.3.0/lib64;/rds/bear-apps/2022a/EL8-ice/software/Xerces-C++/3.2.4-GCCcore-11.3.0/lib64;/rds/bear-apps/2022a/EL8-ice/software/cURL/7.83.0-GCCcore-11.3.0/lib64;/rds/bear-apps/2022a/EL8-ice/software/OpenSSL/1.1/lib64;/rds/bear-apps/2022a/EL8-ice/software/CLHEP/2.4.6.2-GCC-11.3.0/lib64;/rds/bear-apps/2022a/EL8-ice/software/expat/2.4.8-GCCcore-11.3.0/lib64;/rds/bear-apps/2022a/EL8-ice/software/binutils/2.38-GCCcore-11.3.0/lib64;/rds/bear-apps/2022a/EL8-ice/software/zlib/1.2.12-GCCcore-11.3.0/lib64;/rds/bear-apps/2022a/EL8-ice/software/GCCcore/11.3.0/lib/gcc/x86_64-pc-linux-gnu/11.3.0;/rds/bear-apps/2022a/EL8-ice/software/GCCcore/11.3.0/lib64;/lib64;/usr/lib64;/rds/bear-apps/2022a/EL8-ice/software/libarchive/3.6.1-GCCcore-11.3.0/lib;/rds/bear-apps/2022a/EL8-ice/software/Geant4/11.1.2-GCC-11.3.0/lib;/rds/bear-apps/2022a/EL8-ice/software/Qt5/5.15.5-GCCcore-11.3.0/lib;/rds/bear-apps/2022a/EL8-ice/software/nodejs/16.15.1-GCCcore-11.3.0/lib;/rds/bear-apps/2022a/EL8-ice/software/ICU/71.1-GCCcore-11.3.0/lib;/rds/bear-apps/2022a/EL8-ice/software/bzip2/1.0.8-GCCcore-11.3.0/lib;/rds/bear-apps/2022a/EL8-ice/software/JasPer/2.0.33-GCCcore-11.3.0/lib;/rds/bear-apps/2022a/EL8-ice/software/snappy/1.1.9-GCCcore-11.3.0/lib;/rds/bear-apps/2022a/EL8-ice/software/NSS/3.79-GCCcore-11.3.0/lib;/rds/bear-apps/2022a/EL8-ice/software/NSPR/4.34-GCCcore-11.3.0/lib;/rds/bear-apps/2022a/EL8-ice/software/libjpeg-turbo/2.1.3-GCCcore-11.3.0/lib;/rds/bear-apps/2022a/EL8-ice/software/libGLU/9.0.2-GCCcore-11.3.0/lib;/rds/bear-apps/2022a/EL8-ice/software/Mesa/22.0.3-GCCcore-11.3.0/lib;/rds/bear-apps/2022a/EL8-ice/software/LLVM/12.0.1-GCCcore-11.3.0/lib;/rds/bear-apps/2022a/EL8-ice/software/libunwind/1.6.2-GCCcore-11.3.0/lib;/rds/bear-apps/2022a/EL8-ice/software/libglvnd/1.4.0-GCCcore-11.3.0/lib;/rds/bear-apps/2022a/EL8-ice/software/libdrm/2.4.110-GCCcore-11.3.0/lib;/rds/bear-apps/2022a/EL8-ice/software/zstd/1.5.2-GCCcore-11.3.0/lib;/rds/bear-apps/2022a/EL8-ice/software/lz4/1.9.3-GCCcore-11.3.0/lib;/rds/bear-apps/2022a/EL8-ice/software/libevent/2.1.12-GCCcore-11.3.0/lib;/rds/bear-apps/2022a/EL8-ice/software/DBus/1.14.0-GCCcore-11.3.0/lib;/rds/bear-apps/2022a/EL8-ice/software/fontconfig/2.14.0-GCCcore-11.3.0/lib;/rds/bear-apps/2022a/EL8-ice/software/X11/20220504-GCCcore-11.3.0/lib;/rds/bear-apps/2022a/EL8-ice/software/graphite2/1.3.14-GCCcore-11.3.0/lib;/rds/bear-apps/2022a/EL8-ice/software/HarfBuzz/4.2.1-GCCcore-11.3.0/lib;/rds/bear-apps/2022a/EL8-ice/software/freetype/2.12.1-GCCcore-11.3.0/lib;/rds/bear-apps/2022a/EL8-ice/software/cairo/1.17.4-GCCcore-11.3.0/lib;/rds/bear-apps/2022a/EL8-ice/software/libpciaccess/0.16-GCCcore-11.3.0/lib;/rds/bear-apps/2022a/EL8-ice/software/pixman/0.40.0-GCCcore-11.3.0/lib;/rds/bear-apps/2022a/EL8-ice/software/Brotli/1.0.9-GCCcore-11.3.0/lib;/rds/bear-apps/2022a/EL8-ice/software/libpng/1.6.37-GCCcore-11.3.0/lib;/rds/bear-apps/2022a/EL8-ice/software/PCRE2/10.40-GCCcore-11.3.0/lib;/rds/bear-apps/2022a/EL8-ice/software/GLib/2.72.1-GCCcore-11.3.0/lib;/rds/bear-apps/2022a/EL8-ice/software/util-linux/2.38-GCCcore-11.3.0/lib;/rds/bear-apps/2022a/EL8-ice/software/PCRE/8.45-GCCcore-11.3.0/lib;/rds/bear-apps/2022a/EL8-ice/software/libxml2/2.9.13-GCCcore-11.3.0/lib;/rds/bear-apps/2022a/EL8-ice/software/gettext/0.21-GCCcore-11.3.0/lib;/rds/bear-apps/2022a/EL8-ice/software/ncurses/6.3-GCCcore-11.3.0/lib;/rds/bear-apps/2022a/EL8-ice/software/XZ/5.2.5-GCCcore-11.3.0/lib;/rds/bear-apps/2022a/EL8-ice/software/libffi/3.4.2-GCCcore-11.3.0/lib;/rds/bear-apps/2022a/EL8-ice/software/double-conversion/3.2.0-GCCcore-11.3.0/lib;/rds/bear-apps/2022a/EL8-ice/software/Xerces-C++/3.2.4-GCCcore-11.3.0/lib;/rds/bear-apps/2022a/EL8-ice/software/cURL/7.83.0-GCCcore-11.3.0/lib;/rds/bear-apps/2022a/EL8-ice/software/OpenSSL/1.1/lib;/rds/bear-apps/2022a/EL8-ice/software/CLHEP/2.4.6.2-GCC-11.3.0/lib;/rds/bear-apps/2022a/EL8-ice/software/expat/2.4.8-GCCcore-11.3.0/lib;/rds/bear-apps/2022a/EL8-ice/software/binutils/2.38-GCCcore-11.3.0/lib;/rds/bear-apps/2022a/EL8-ice/software/zlib/1.2.12-GCCcore-11.3.0/lib;/rds/bear-apps/2022a/EL8-ice/software/GCCcore/11.3.0/lib]
  implicit fwks: []


Detecting CXX compiler ABI info compiled with the following output:
Change Dir: /rds/projects/b/bishopjw-dli-neutron/John/Geant/AmBe/build/CMakeFiles/CMakeTmp

Run Build Command(s):/usr/bin/gmake -f Makefile cmTC_ae63b/fast && /usr/bin/gmake  -f CMakeFiles/cmTC_ae63b.dir/build.make CMakeFiles/cmTC_ae63b.dir/build
gmake[1]: Entering directory '/rds/projects/b/bishopjw-dli-neutron/John/Geant/AmBe/build/CMakeFiles/CMakeTmp'
Building CXX object CMakeFiles/cmTC_ae63b.dir/CMakeCXXCompilerABI.cpp.o
/rds/bear-apps/2022a/EL8-ice/software/GCCcore/11.3.0/bin/c++   -v -o CMakeFiles/cmTC_ae63b.dir/CMakeCXXCompilerABI.cpp.o -c /rds/bear-apps/2022a/EL8-ice/software/CMake/3.24.3-GCCcore-11.3.0/share/cmake-3.24/Modules/CMakeCXXCompilerABI.cpp
Using built-in specs.
COLLECT_GCC=/rds/bear-apps/2022a/EL8-ice/software/GCCcore/11.3.0/bin/c++
OFFLOAD_TARGET_NAMES=nvptx-none
Target: x86_64-pc-linux-gnu
Configured with: ../configure --enable-languages=c,c++,fortran --without-cuda-driver --enable-offload-targets=nvptx-none --enable-lto --enable-checking=release --disable-multilib --enable-shared=yes --enable-static=yes --enable-threads=posix --enable-plugins --enable-gold --enable-ld=default --prefix=/rds/bear-apps/2022a/EL8-ice/software/GCCcore/11.3.0 --with-local-prefix=/rds/bear-apps/2022a/EL8-ice/software/GCCcore/11.3.0 --enable-bootstrap --with-isl=/dev/shm/branfosj-admin/build-2022a/GCCcore/11.3.0/system-system/gcc-11.3.0/stage2_stuff --build=x86_64-pc-linux-gnu --host=x86_64-pc-linux-gnu
Thread model: posix
Supported LTO compression algorithms: zlib
gcc version 11.3.0 (GCC) 
COLLECT_GCC_OPTIONS='-v' '-o' 'CMakeFiles/cmTC_ae63b.dir/CMakeCXXCompilerABI.cpp.o' '-c' '-shared-libgcc' '-mtune=generic' '-march=x86-64' '-dumpdir' 'CMakeFiles/cmTC_ae63b.dir/'
 /rds/bear-apps/2022a/EL8-ice/software/GCCcore/11.3.0/libexec/gcc/x86_64-pc-linux-gnu/11.3.0/cc1plus -quiet -v -D_GNU_SOURCE /rds/bear-apps/2022a/EL8-ice/software/CMake/3.24.3-GCCcore-11.3.0/share/cmake-3.24/Modules/CMakeCXXCompilerABI.cpp -quiet -dumpdir CMakeFiles/cmTC_ae63b.dir/ -dumpbase CMakeCXXCompilerABI.cpp.cpp -dumpbase-ext .cpp -mtune=generic -march=x86-64 -version -o /tmp/ccQHdZBO.s
GNU C++17 (GCC) version 11.3.0 (x86_64-pc-linux-gnu)
	compiled by GNU C version 11.3.0, GMP version 6.2.1, MPFR version 4.1.0, MPC version 1.2.1, isl version isl-0.24-GMP

GGC heuristics: --param ggc-min-expand=100 --param ggc-min-heapsize=131072
ignoring nonexistent directory "/rds/bear-apps/2022a/EL8-ice/software/GCCcore/11.3.0/lib/gcc/x86_64-pc-linux-gnu/11.3.0/include-fixed"
ignoring nonexistent directory "/rds/bear-apps/2022a/EL8-ice/software/GCCcore/11.3.0/lib/gcc/x86_64-pc-linux-gnu/11.3.0/../../../../x86_64-pc-linux-gnu/include"
#include "..." search starts here:
#include <...> search starts here:
 /rds/bear-apps/2022a/EL8-ice/software/libarchive/3.6.1-GCCcore-11.3.0/include
 /rds/bear-apps/2022a/EL8-ice/software/Geant4/11.1.2-GCC-11.3.0/include
 /rds/bear-apps/2022a/EL8-ice/software/Qt5/5.15.5-GCCcore-11.3.0/include
 /rds/bear-apps/2022a/EL8-ice/software/nodejs/16.15.1-GCCcore-11.3.0/include
 /rds/bear-apps/2022a/EL8-ice/software/ICU/71.1-GCCcore-11.3.0/include
 /rds/bear-apps/2022a/EL8-ice/software/bzip2/1.0.8-GCCcore-11.3.0/include
 /rds/bear-apps/2022a/EL8-ice/software/JasPer/2.0.33-GCCcore-11.3.0/include
 /rds/bear-apps/2022a/EL8-ice/software/snappy/1.1.9-GCCcore-11.3.0/include
 /rds/bear-apps/2022a/EL8-ice/software/NSS/3.79-GCCcore-11.3.0/include/nss
 /rds/bear-apps/2022a/EL8-ice/software/NSS/3.79-GCCcore-11.3.0/include
 /rds/bear-apps/2022a/EL8-ice/software/NSPR/4.34-GCCcore-11.3.0/include
 /rds/bear-apps/2022a/EL8-ice/software/libjpeg-turbo/2.1.3-GCCcore-11.3.0/include
 /rds/bear-apps/2022a/EL8-ice/software/libGLU/9.0.2-GCCcore-11.3.0/include
 /rds/bear-apps/2022a/EL8-ice/software/Mesa/22.0.3-GCCcore-11.3.0/include
 /rds/bear-apps/2022a/EL8-ice/software/LLVM/12.0.1-GCCcore-11.3.0/include
 /rds/bear-apps/2022a/EL8-ice/software/libunwind/1.6.2-GCCcore-11.3.0/include
 /rds/bear-apps/2022a/EL8-ice/software/libglvnd/1.4.0-GCCcore-11.3.0/include
 /rds/bear-apps/2022a/EL8-ice/software/libdrm/2.4.110-GCCcore-11.3.0/include
 /rds/bear-apps/2022a/EL8-ice/software/zstd/1.5.2-GCCcore-11.3.0/include
 /rds/bear-apps/2022a/EL8-ice/software/lz4/1.9.3-GCCcore-11.3.0/include
 /rds/bear-apps/2022a/EL8-ice/software/libevent/2.1.12-GCCcore-11.3.0/include
 /rds/bear-apps/2022a/EL8-ice/software/DBus/1.14.0-GCCcore-11.3.0/include
 /rds/bear-apps/2022a/EL8-ice/software/fontconfig/2.14.0-GCCcore-11.3.0/include
 /rds/bear-apps/2022a/EL8-ice/software/X11/20220504-GCCcore-11.3.0/include
 /rds/bear-apps/2022a/EL8-ice/software/graphite2/1.3.14-GCCcore-11.3.0/include
 /rds/bear-apps/2022a/EL8-ice/software/HarfBuzz/4.2.1-GCCcore-11.3.0/include
 /rds/bear-apps/2022a/EL8-ice/software/freetype/2.12.1-GCCcore-11.3.0/include/freetype2
 /rds/bear-apps/2022a/EL8-ice/software/cairo/1.17.4-GCCcore-11.3.0/include
 /rds/bear-apps/2022a/EL8-ice/software/libpciaccess/0.16-GCCcore-11.3.0/include
 /rds/bear-apps/2022a/EL8-ice/software/pixman/0.40.0-GCCcore-11.3.0/include
 /rds/bear-apps/2022a/EL8-ice/software/Brotli/1.0.9-GCCcore-11.3.0/include
 /rds/bear-apps/2022a/EL8-ice/software/libpng/1.6.37-GCCcore-11.3.0/include
 /rds/bear-apps/2022a/EL8-ice/software/PCRE2/10.40-GCCcore-11.3.0/include
 /rds/bear-apps/2022a/EL8-ice/software/GLib/2.72.1-GCCcore-11.3.0/include
 /rds/bear-apps/2022a/EL8-ice/software/util-linux/2.38-GCCcore-11.3.0/include
 /rds/bear-apps/2022a/EL8-ice/software/PCRE/8.45-GCCcore-11.3.0/include
 /rds/bear-apps/2022a/EL8-ice/software/libxml2/2.9.13-GCCcore-11.3.0/include/libxml2
 /rds/bear-apps/2022a/EL8-ice/software/libxml2/2.9.13-GCCcore-11.3.0/include
 /rds/bear-apps/2022a/EL8-ice/software/gettext/0.21-GCCcore-11.3.0/include
 /rds/bear-apps/2022a/EL8-ice/software/ncurses/6.3-GCCcore-11.3.0/include
 /rds/bear-apps/2022a/EL8-ice/software/XZ/5.2.5-GCCcore-11.3.0/include
 /rds/bear-apps/2022a/EL8-ice/software/libffi/3.4.2-GCCcore-11.3.0/include
 /rds/bear-apps/2022a/EL8-ice/software/double-conversion/3.2.0-GCCcore-11.3.0/include
 /rds/bear-apps/2022a/EL8-ice/software/Xerces-C++/3.2.4-GCCcore-11.3.0/include
 /rds/bear-apps/2022a/EL8-ice/software/cURL/7.83.0-GCCcore-11.3.0/include
 /rds/bear-apps/2022a/EL8-ice/software/OpenSSL/1.1/include
 /rds/bear-apps/2022a/EL8-ice/software/CLHEP/2.4.6.2-GCC-11.3.0/include
 /rds/bear-apps/2022a/EL8-ice/software/expat/2.4.8-GCCcore-11.3.0/include
 /rds/bear-apps/2022a/EL8-ice/software/binutils/2.38-GCCcore-11.3.0/include
 /rds/bear-apps/2022a/EL8-ice/software/zlib/1.2.12-GCCcore-11.3.0/include
 /rds/bear-apps/2022a/EL8-ice/software/GCCcore/11.3.0/lib/gcc/x86_64-pc-linux-gnu/11.3.0/../../../../include/c++/11.3.0
 /rds/bear-apps/2022a/EL8-ice/software/GCCcore/11.3.0/lib/gcc/x86_64-pc-linux-gnu/11.3.0/../../../../include/c++/11.3.0/x86_64-pc-linux-gnu
 /rds/bear-apps/2022a/EL8-ice/software/GCCcore/11.3.0/lib/gcc/x86_64-pc-linux-gnu/11.3.0/../../../../include/c++/11.3.0/backward
 /rds/bear-apps/2022a/EL8-ice/software/GCCcore/11.3.0/lib/gcc/x86_64-pc-linux-gnu/11.3.0/include
 /rds/bear-apps/2022a/EL8-ice/software/GCCcore/11.3.0/include
 /usr/include
End of search list.
GNU C++17 (GCC) version 11.3.0 (x86_64-pc-linux-gnu)
	compiled by GNU C version 11.3.0, GMP version 6.2.1, MPFR version 4.1.0, MPC version 1.2.1, isl version isl-0.24-GMP

GGC heuristics: --param ggc-min-expand=100 --param ggc-min-heapsize=131072
Compiler executable checksum: 4ba42b22364285927731fa83da9554a6
COLLECT_GCC_OPTIONS='-v' '-o' 'CMakeFiles/cmTC_ae63b.dir/CMakeCXXCompilerABI.cpp.o' '-c' '-shared-libgcc' '-mtune=generic' '-march=x86-64' '-dumpdir' 'CMakeFiles/cmTC_ae63b.dir/'
 as -v --64 -o CMakeFiles/cmTC_ae63b.dir/CMakeCXXCompilerABI.cpp.o /tmp/ccQHdZBO.s
GNU assembler version 2.38 (x86_64-pc-linux-gnu) using BFD version (GNU Binutils) 2.38
COMPILER_PATH=/rds/bear-apps/2022a/EL8-ice/software/GCCcore/11.3.0/libexec/gcc/x86_64-pc-linux-gnu/11.3.0/:/rds/bear-apps/2022a/EL8-ice/software/GCCcore/11.3.0/libexec/gcc/x86_64-pc-linux-gnu/11.3.0/:/rds/bear-apps/2022a/EL8-ice/software/GCCcore/11.3.0/libexec/gcc/x86_64-pc-linux-gnu/:/rds/bear-apps/2022a/EL8-ice/software/GCCcore/11.3.0/lib/gcc/x86_64-pc-linux-gnu/11.3.0/:/rds/bear-apps/2022a/EL8-ice/software/GCCcore/11.3.0/lib/gcc/x86_64-pc-linux-gnu/
LIBRARY_PATH=/rds/bear-apps/2022a/EL8-ice/software/libarchive/3.6.1-GCCcore-11.3.0/lib/../lib64/:/rds/bear-apps/2022a/EL8-ice/software/Geant4/11.1.2-GCC-11.3.0/lib/../lib64/:/rds/bear-apps/2022a/EL8-ice/software/Qt5/5.15.5-GCCcore-11.3.0/lib/../lib64/:/rds/bear-apps/2022a/EL8-ice/software/nodejs/16.15.1-GCCcore-11.3.0/lib/../lib64/:/rds/bear-apps/2022a/EL8-ice/software/ICU/71.1-GCCcore-11.3.0/lib/../lib64/:/rds/bear-apps/2022a/EL8-ice/software/bzip2/1.0.8-GCCcore-11.3.0/lib/../lib64/:/rds/bear-apps/2022a/EL8-ice/software/JasPer/2.0.33-GCCcore-11.3.0/lib/../lib64/:/rds/bear-apps/2022a/EL8-ice/software/snappy/1.1.9-GCCcore-11.3.0/lib/../lib64/:/rds/bear-apps/2022a/EL8-ice/software/NSS/3.79-GCCcore-11.3.0/lib/../lib64/:/rds/bear-apps/2022a/EL8-ice/software/NSPR/4.34-GCCcore-11.3.0/lib/../lib64/:/rds/bear-apps/2022a/EL8-ice/software/libjpeg-turbo/2.1.3-GCCcore-11.3.0/lib/../lib64/:/rds/bear-apps/2022a/EL8-ice/software/libGLU/9.0.2-GCCcore-11.3.0/lib/../lib64/:/rds/bear-apps/2022a/EL8-ice/software/Mesa/22.0.3-GCCcore-11.3.0/lib/../lib64/:/rds/bear-apps/2022a/EL8-ice/software/LLVM/12.0.1-GCCcore-11.3.0/lib/../lib64/:/rds/bear-apps/2022a/EL8-ice/software/libunwind/1.6.2-GCCcore-11.3.0/lib/../lib64/:/rds/bear-apps/2022a/EL8-ice/software/libglvnd/1.4.0-GCCcore-11.3.0/lib/../lib64/:/rds/bear-apps/2022a/EL8-ice/software/libdrm/2.4.110-GCCcore-11.3.0/lib/../lib64/:/rds/bear-apps/2022a/EL8-ice/software/zstd/1.5.2-GCCcore-11.3.0/lib/../lib64/:/rds/bear-apps/2022a/EL8-ice/software/lz4/1.9.3-GCCcore-11.3.0/lib/../lib64/:/rds/bear-apps/2022a/EL8-ice/software/libevent/2.1.12-GCCcore-11.3.0/lib/../lib64/:/rds/bear-apps/2022a/EL8-ice/software/DBus/1.14.0-GCCcore-11.3.0/lib/../lib64/:/rds/bear-apps/2022a/EL8-ice/software/fontconfig/2.14.0-GCCcore-11.3.0/lib/../lib64/:/rds/bear-apps/2022a/EL8-ice/software/X11/20220504-GCCcore-11.3.0/lib/../lib64/:/rds/bear-apps/2022a/EL8-ice/software/graphite2/1.3.14-GCCcore-11.3.0/lib/../lib64/:/rds/bear-apps/2022a/EL8-ice/software/HarfBuzz/4.2.1-GCCcore-11.3.0/lib/../lib64/:/rds/bear-apps/2022a/EL8-ice/software/freetype/2.12.1-GCCcore-11.3.0/lib/../lib64/:/rds/bear-apps/2022a/EL8-ice/software/cairo/1.17.4-GCCcore-11.3.0/lib/../lib64/:/rds/bear-apps/2022a/EL8-ice/software/libpciaccess/0.16-GCCcore-11.3.0/lib/../lib64/:/rds/bear-apps/2022a/EL8-ice/software/pixman/0.40.0-GCCcore-11.3.0/lib/../lib64/:/rds/bear-apps/2022a/EL8-ice/software/Brotli/1.0.9-GCCcore-11.3.0/lib/../lib64/:/rds/bear-apps/2022a/EL8-ice/software/libpng/1.6.37-GCCcore-11.3.0/lib/../lib64/:/rds/bear-apps/2022a/EL8-ice/software/PCRE2/10.40-GCCcore-11.3.0/lib/../lib64/:/rds/bear-apps/2022a/EL8-ice/software/GLib/2.72.1-GCCcore-11.3.0/lib/../lib64/:/rds/bear-apps/2022a/EL8-ice/software/util-linux/2.38-GCCcore-11.3.0/lib/../lib64/:/rds/bear-apps/2022a/EL8-ice/software/PCRE/8.45-GCCcore-11.3.0/lib/../lib64/:/rds/bear-apps/2022a/EL8-ice/software/libxml2/2.9.13-GCCcore-11.3.0/lib/../lib64/:/rds/bear-apps/2022a/EL8-ice/software/gettext/0.21-GCCcore-11.3.0/lib/../lib64/:/rds/bear-apps/2022a/EL8-ice/software/ncurses/6.3-GCCcore-11.3.0/lib/../lib64/:/rds/bear-apps/2022a/EL8-ice/software/XZ/5.2.5-GCCcore-11.3.0/lib/../lib64/:/rds/bear-apps/2022a/EL8-ice/software/libffi/3.4.2-GCCcore-11.3.0/lib64/../lib64/:/rds/bear-apps/2022a/EL8-ice/software/libffi/3.4.2-GCCcore-11.3.0/lib/../lib64/:/rds/bear-apps/2022a/EL8-ice/software/double-conversion/3.2.0-GCCcore-11.3.0/lib/../lib64/:/rds/bear-apps/2022a/EL8-ice/software/Xerces-C++/3.2.4-GCCcore-11.3.0/lib/../lib64/:/rds/bear-apps/2022a/EL8-ice/software/cURL/7.83.0-GCCcore-11.3.0/lib/../lib64/:/rds/bear-apps/2022a/EL8-ice/software/OpenSSL/1.1/lib/../lib64/:/rds/bear-apps/2022a/EL8-ice/software/CLHEP/2.4.6.2-GCC-11.3.0/lib/../lib64/:/rds/bear-apps/2022a/EL8-ice/software/expat/2.4.8-GCCcore-11.3.0/lib/../lib64/:/rds/bear-apps/2022a/EL8-ice/software/binutils/2.38-GCCcore-11.3.0/lib/../lib64/:/rds/bear-apps/2022a/EL8-ice/software/zlib/1.2.12-GCCcore-11.3.0/lib/../lib64/:/rds/bear-apps/2022a/EL8-ice/software/GCCcore/11.3.0/lib/gcc/x86_64-pc-linux-gnu/11.3.0/:/rds/bear-apps/2022a/EL8-ice/software/GCCcore/11.3.0/lib/gcc/x86_64-pc-linux-gnu/11.3.0/../../../../lib64/:/lib/../lib64/:/usr/lib/../lib64/:/rds/bear-apps/2022a/EL8-ice/software/libarchive/3.6.1-GCCcore-11.3.0/lib/:/rds/bear-apps/2022a/EL8-ice/software/Geant4/11.1.2-GCC-11.3.0/lib/:/rds/bear-apps/2022a/EL8-ice/software/Qt5/5.15.5-GCCcore-11.3.0/lib/:/rds/bear-apps/2022a/EL8-ice/software/nodejs/16.15.1-GCCcore-11.3.0/lib/:/rds/bear-apps/2022a/EL8-ice/software/ICU/71.1-GCCcore-11.3.0/lib/:/rds/bear-apps/2022a/EL8-ice/software/bzip2/1.0.8-GCCcore-11.3.0/lib/:/rds/bear-apps/2022a/EL8-ice/software/JasPer/2.0.33-GCCcore-11.3.0/lib/:/rds/bear-apps/2022a/EL8-ice/software/snappy/1.1.9-GCCcore-11.3.0/lib/:/rds/bear-apps/2022a/EL8-ice/software/NSS/3.79-GCCcore-11.3.0/lib/:/rds/bear-apps/2022a/EL8-ice/software/NSPR/4.34-GCCcore-11.3.0/lib/:/rds/bear-apps/2022a/EL8-ice/software/libjpeg-turbo/2.1.3-GCCcore-11.3.0/lib/:/rds/bear-apps/2022a/EL8-ice/software/libGLU/9.0.2-GCCcore-11.3.0/lib/:/rds/bear-apps/2022a/EL8-ice/software/Mesa/22.0.3-GCCcore-11.3.0/lib/:/rds/bear-apps/2022a/EL8-ice/software/LLVM/12.0.1-GCCcore-11.3.0/lib/:/rds/bear-apps/2022a/EL8-ice/software/libunwind/1.6.2-GCCcore-11.3.0/lib/:/rds/bear-apps/2022a/EL8-ice/software/libglvnd/1.4.0-GCCcore-11.3.0/lib/:/rds/bear-apps/2022a/EL8-ice/software/libdrm/2.4.110-GCCcore-11.3.0/lib/:/rds/bear-apps/2022a/EL8-ice/software/zstd/1.5.2-GCCcore-11.3.0/lib/:/rds/bear-apps/2022a/EL8-ice/software/lz4/1.9.3-GCCcore-11.3.0/lib/:/rds/bear-apps/2022a/EL8-ice/software/libevent/2.1.12-GCCcore-11.3.0/lib/:/rds/bear-apps/2022a/EL8-ice/software/DBus/1.14.0-GCCcore-11.3.0/lib/:/rds/bear-apps/2022a/EL8-ice/software/fontconfig/2.14.0-GCCcore-11.3.0/lib/:/rds/bear-apps/2022a/EL8-ice/software/X11/20220504-GCCcore-11.3.0/lib/:/rds/bear-apps/2022a/EL8-ice/software/graphite2/1.3.14-GCCcore-11.3.0/lib/:/rds/bear-apps/2022a/EL8-ice/software/HarfBuzz/4.2.1-GCCcore-11.3.0/lib/:/rds/bear-apps/2022a/EL8-ice/software/freetype/2.12.1-GCCcore-11.3.0/lib/:/rds/bear-apps/2022a/EL8-ice/software/cairo/1.17.4-GCCcore-11.3.0/lib/:/rds/bear-apps/2022a/EL8-ice/software/libpciaccess/0.16-GCCcore-11.3.0/lib/:/rds/bear-apps/2022a/EL8-ice/software/pixman/0.40.0-GCCcore-11.3.0/lib/:/rds/bear-apps/2022a/EL8-ice/software/Brotli/1.0.9-GCCcore-11.3.0/lib/:/rds/bear-apps/2022a/EL8-ice/software/libpng/1.6.37-GCCcore-11.3.0/lib/:/rds/bear-apps/2022a/EL8-ice/software/PCRE2/10.40-GCCcore-11.3.0/lib/:/rds/bear-apps/2022a/EL8-ice/software/GLib/2.72.1-GCCcore-11.3.0/lib/:/rds/bear-apps/2022a/EL8-ice/software/util-linux/2.38-GCCcore-11.3.0/lib/:/rds/bear-apps/2022a/EL8-ice/software/PCRE/8.45-GCCcore-11.3.0/lib/:/rds/bear-apps/2022a/EL8-ice/software/libxml2/2.9.13-GCCcore-11.3.0/lib/:/rds/bear-apps/2022a/EL8-ice/software/gettext/0.21-GCCcore-11.3.0/lib/:/rds/bear-apps/2022a/EL8-ice/software/ncurses/6.3-GCCcore-11.3.0/lib/:/rds/bear-apps/2022a/EL8-ice/software/XZ/5.2.5-GCCcore-11.3.0/lib/:/rds/bear-apps/2022a/EL8-ice/software/libffi/3.4.2-GCCcore-11.3.0/lib64/:/rds/bear-apps/2022a/EL8-ice/software/libffi/3.4.2-GCCcore-11.3.0/lib/:/rds/bear-apps/2022a/EL8-ice/software/double-conversion/3.2.0-GCCcore-11.3.0/lib/:/rds/bear-apps/2022a/EL8-ice/software/Xerces-C++/3.2.4-GCCcore-11.3.0/lib/:/rds/bear-apps/2022a/EL8-ice/software/cURL/7.83.0-GCCcore-11.3.0/lib/:/rds/bear-apps/2022a/EL8-ice/software/OpenSSL/1.1/lib/:/rds/bear-apps/2022a/EL8-ice/software/CLHEP/2.4.6.2-GCC-11.3.0/lib/:/rds/bear-apps/2022a/EL8-ice/software/expat/2.4.8-GCCcore-11.3.0/lib/:/rds/bear-apps/2022a/EL8-ice/software/binutils/2.38-GCCcore-11.3.0/lib/:/rds/bear-apps/2022a/EL8-ice/software/zlib/1.2.12-GCCcore-11.3.0/lib/:/rds/bear-apps/2022a/EL8-ice/software/GCCcore/11.3.0/lib/gcc/x86_64-pc-linux-gnu/11.3.0/../../../:/lib/:/usr/lib/
COLLECT_GCC_OPTIONS='-v' '-o' 'CMakeFiles/cmTC_ae63b.dir/CMakeCXXCompilerABI.cpp.o' '-c' '-shared-libgcc' '-mtune=generic' '-march=x86-64' '-dumpdir' 'CMakeFiles/cmTC_ae63b.dir/CMakeCXXCompilerABI.cpp.'
Linking CXX executable cmTC_ae63b
/rds/bear-apps/2022a/EL8-ice/software/CMake/3.24.3-GCCcore-11.3.0/bin/cmake -E cmake_link_script CMakeFiles/cmTC_ae63b.dir/link.txt --verbose=1
/rds/bear-apps/2022a/EL8-ice/software/GCCcore/11.3.0/bin/c++  -v CMakeFiles/cmTC_ae63b.dir/CMakeCXXCompilerABI.cpp.o -o cmTC_ae63b 
Using built-in specs.
COLLECT_GCC=/rds/bear-apps/2022a/EL8-ice/software/GCCcore/11.3.0/bin/c++
COLLECT_LTO_WRAPPER=/rds/bear-apps/2022a/EL8-ice/software/GCCcore/11.3.0/libexec/gcc/x86_64-pc-linux-gnu/11.3.0/lto-wrapper
OFFLOAD_TARGET_NAMES=nvptx-none
Target: x86_64-pc-linux-gnu
Configured with: ../configure --enable-languages=c,c++,fortran --without-cuda-driver --enable-offload-targets=nvptx-none --enable-lto --enable-checking=release --disable-multilib --enable-shared=yes --enable-static=yes --enable-threads=posix --enable-plugins --enable-gold --enable-ld=default --prefix=/rds/bear-apps/2022a/EL8-ice/software/GCCcore/11.3.0 --with-local-prefix=/rds/bear-apps/2022a/EL8-ice/software/GCCcore/11.3.0 --enable-bootstrap --with-isl=/dev/shm/branfosj-admin/build-2022a/GCCcore/11.3.0/system-system/gcc-11.3.0/stage2_stuff --build=x86_64-pc-linux-gnu --host=x86_64-pc-linux-gnu
Thread model: posix
Supported LTO compression algorithms: zlib
gcc version 11.3.0 (GCC) 
COMPILER_PATH=/rds/bear-apps/2022a/EL8-ice/software/GCCcore/11.3.0/libexec/gcc/x86_64-pc-linux-gnu/11.3.0/:/rds/bear-apps/2022a/EL8-ice/software/GCCcore/11.3.0/libexec/gcc/x86_64-pc-linux-gnu/11.3.0/:/rds/bear-apps/2022a/EL8-ice/software/GCCcore/11.3.0/libexec/gcc/x86_64-pc-linux-gnu/:/rds/bear-apps/2022a/EL8-ice/software/GCCcore/11.3.0/lib/gcc/x86_64-pc-linux-gnu/11.3.0/:/rds/bear-apps/2022a/EL8-ice/software/GCCcore/11.3.0/lib/gcc/x86_64-pc-linux-gnu/
LIBRARY_PATH=/rds/bear-apps/2022a/EL8-ice/software/libarchive/3.6.1-GCCcore-11.3.0/lib/../lib64/:/rds/bear-apps/2022a/EL8-ice/software/Geant4/11.1.2-GCC-11.3.0/lib/../lib64/:/rds/bear-apps/2022a/EL8-ice/software/Qt5/5.15.5-GCCcore-11.3.0/lib/../lib64/:/rds/bear-apps/2022a/EL8-ice/software/nodejs/16.15.1-GCCcore-11.3.0/lib/../lib64/:/rds/bear-apps/2022a/EL8-ice/software/ICU/71.1-GCCcore-11.3.0/lib/../lib64/:/rds/bear-apps/2022a/EL8-ice/software/bzip2/1.0.8-GCCcore-11.3.0/lib/../lib64/:/rds/bear-apps/2022a/EL8-ice/software/JasPer/2.0.33-GCCcore-11.3.0/lib/../lib64/:/rds/bear-apps/2022a/EL8-ice/software/snappy/1.1.9-GCCcore-11.3.0/lib/../lib64/:/rds/bear-apps/2022a/EL8-ice/software/NSS/3.79-GCCcore-11.3.0/lib/../lib64/:/rds/bear-apps/2022a/EL8-ice/software/NSPR/4.34-GCCcore-11.3.0/lib/../lib64/:/rds/bear-apps/2022a/EL8-ice/software/libjpeg-turbo/2.1.3-GCCcore-11.3.0/lib/../lib64/:/rds/bear-apps/2022a/EL8-ice/software/libGLU/9.0.2-GCCcore-11.3.0/lib/../lib64/:/rds/bear-apps/2022a/EL8-ice/software/Mesa/22.0.3-GCCcore-11.3.0/lib/../lib64/:/rds/bear-apps/2022a/EL8-ice/software/LLVM/12.0.1-GCCcore-11.3.0/lib/../lib64/:/rds/bear-apps/2022a/EL8-ice/software/libunwind/1.6.2-GCCcore-11.3.0/lib/../lib64/:/rds/bear-apps/2022a/EL8-ice/software/libglvnd/1.4.0-GCCcore-11.3.0/lib/../lib64/:/rds/bear-apps/2022a/EL8-ice/software/libdrm/2.4.110-GCCcore-11.3.0/lib/../lib64/:/rds/bear-apps/2022a/EL8-ice/software/zstd/1.5.2-GCCcore-11.3.0/lib/../lib64/:/rds/bear-apps/2022a/EL8-ice/software/lz4/1.9.3-GCCcore-11.3.0/lib/../lib64/:/rds/bear-apps/2022a/EL8-ice/software/libevent/2.1.12-GCCcore-11.3.0/lib/../lib64/:/rds/bear-apps/2022a/EL8-ice/software/DBus/1.14.0-GCCcore-11.3.0/lib/../lib64/:/rds/bear-apps/2022a/EL8-ice/software/fontconfig/2.14.0-GCCcore-11.3.0/lib/../lib64/:/rds/bear-apps/2022a/EL8-ice/software/X11/20220504-GCCcore-11.3.0/lib/../lib64/:/rds/bear-apps/2022a/EL8-ice/software/graphite2/1.3.14-GCCcore-11.3.0/lib/../lib64/:/rds/bear-apps/2022a/EL8-ice/software/HarfBuzz/4.2.1-GCCcore-11.3.0/lib/../lib64/:/rds/bear-apps/2022a/EL8-ice/software/freetype/2.12.1-GCCcore-11.3.0/lib/../lib64/:/rds/bear-apps/2022a/EL8-ice/software/cairo/1.17.4-GCCcore-11.3.0/lib/../lib64/:/rds/bear-apps/2022a/EL8-ice/software/libpciaccess/0.16-GCCcore-11.3.0/lib/../lib64/:/rds/bear-apps/2022a/EL8-ice/software/pixman/0.40.0-GCCcore-11.3.0/lib/../lib64/:/rds/bear-apps/2022a/EL8-ice/software/Brotli/1.0.9-GCCcore-11.3.0/lib/../lib64/:/rds/bear-apps/2022a/EL8-ice/software/libpng/1.6.37-GCCcore-11.3.0/lib/../lib64/:/rds/bear-apps/2022a/EL8-ice/software/PCRE2/10.40-GCCcore-11.3.0/lib/../lib64/:/rds/bear-apps/2022a/EL8-ice/software/GLib/2.72.1-GCCcore-11.3.0/lib/../lib64/:/rds/bear-apps/2022a/EL8-ice/software/util-linux/2.38-GCCcore-11.3.0/lib/../lib64/:/rds/bear-apps/2022a/EL8-ice/software/PCRE/8.45-GCCcore-11.3.0/lib/../lib64/:/rds/bear-apps/2022a/EL8-ice/software/libxml2/2.9.13-GCCcore-11.3.0/lib/../lib64/:/rds/bear-apps/2022a/EL8-ice/software/gettext/0.21-GCCcore-11.3.0/lib/../lib64/:/rds/bear-apps/2022a/EL8-ice/software/ncurses/6.3-GCCcore-11.3.0/lib/../lib64/:/rds/bear-apps/2022a/EL8-ice/software/XZ/5.2.5-GCCcore-11.3.0/lib/../lib64/:/rds/bear-apps/2022a/EL8-ice/software/libffi/3.4.2-GCCcore-11.3.0/lib64/../lib64/:/rds/bear-apps/2022a/EL8-ice/software/libffi/3.4.2-GCCcore-11.3.0/lib/../lib64/:/rds/bear-apps/2022a/EL8-ice/software/double-conversion/3.2.0-GCCcore-11.3.0/lib/../lib64/:/rds/bear-apps/2022a/EL8-ice/software/Xerces-C++/3.2.4-GCCcore-11.3.0/lib/../lib64/:/rds/bear-apps/2022a/EL8-ice/software/cURL/7.83.0-GCCcore-11.3.0/lib/../lib64/:/rds/bear-apps/2022a/EL8-ice/software/OpenSSL/1.1/lib/../lib64/:/rds/bear-apps/2022a/EL8-ice/software/CLHEP/2.4.6.2-GCC-11.3.0/lib/../lib64/:/rds/bear-apps/2022a/EL8-ice/software/expat/2.4.8-GCCcore-11.3.0/lib/../lib64/:/rds/bear-apps/2022a/EL8-ice/software/binutils/2.38-GCCcore-11.3.0/lib/../lib64/:/rds/bear-apps/2022a/EL8-ice/software/zlib/1.2.12-GCCcore-11.3.0/lib/../lib64/:/rds/bear-apps/2022a/EL8-ice/software/GCCcore/11.3.0/lib/gcc/x86_64-pc-linux-gnu/11.3.0/:/rds/bear-apps/2022a/EL8-ice/software/GCCcore/11.3.0/lib/gcc/x86_64-pc-linux-gnu/11.3.0/../../../../lib64/:/lib/../lib64/:/usr/lib/../lib64/:/rds/bear-apps/2022a/EL8-ice/software/libarchive/3.6.1-GCCcore-11.3.0/lib/:/rds/bear-apps/2022a/EL8-ice/software/Geant4/11.1.2-GCC-11.3.0/lib/:/rds/bear-apps/2022a/EL8-ice/software/Qt5/5.15.5-GCCcore-11.3.0/lib/:/rds/bear-apps/2022a/EL8-ice/software/nodejs/16.15.1-GCCcore-11.3.0/lib/:/rds/bear-apps/2022a/EL8-ice/software/ICU/71.1-GCCcore-11.3.0/lib/:/rds/bear-apps/2022a/EL8-ice/software/bzip2/1.0.8-GCCcore-11.3.0/lib/:/rds/bear-apps/2022a/EL8-ice/software/JasPer/2.0.33-GCCcore-11.3.0/lib/:/rds/bear-apps/2022a/EL8-ice/software/snappy/1.1.9-GCCcore-11.3.0/lib/:/rds/bear-apps/2022a/EL8-ice/software/NSS/3.79-GCCcore-11.3.0/lib/:/rds/bear-apps/2022a/EL8-ice/software/NSPR/4.34-GCCcore-11.3.0/lib/:/rds/bear-apps/2022a/EL8-ice/software/libjpeg-turbo/2.1.3-GCCcore-11.3.0/lib/:/rds/bear-apps/2022a/EL8-ice/software/libGLU/9.0.2-GCCcore-11.3.0/lib/:/rds/bear-apps/2022a/EL8-ice/software/Mesa/22.0.3-GCCcore-11.3.0/lib/:/rds/bear-apps/2022a/EL8-ice/software/LLVM/12.0.1-GCCcore-11.3.0/lib/:/rds/bear-apps/2022a/EL8-ice/software/libunwind/1.6.2-GCCcore-11.3.0/lib/:/rds/bear-apps/2022a/EL8-ice/software/libglvnd/1.4.0-GCCcore-11.3.0/lib/:/rds/bear-apps/2022a/EL8-ice/software/libdrm/2.4.110-GCCcore-11.3.0/lib/:/rds/bear-apps/2022a/EL8-ice/software/zstd/1.5.2-GCCcore-11.3.0/lib/:/rds/bear-apps/2022a/EL8-ice/software/lz4/1.9.3-GCCcore-11.3.0/lib/:/rds/bear-apps/2022a/EL8-ice/software/libevent/2.1.12-GCCcore-11.3.0/lib/:/rds/bear-apps/2022a/EL8-ice/software/DBus/1.14.0-GCCcore-11.3.0/lib/:/rds/bear-apps/2022a/EL8-ice/software/fontconfig/2.14.0-GCCcore-11.3.0/lib/:/rds/bear-apps/2022a/EL8-ice/software/X11/20220504-GCCcore-11.3.0/lib/:/rds/bear-apps/2022a/EL8-ice/software/graphite2/1.3.14-GCCcore-11.3.0/lib/:/rds/bear-apps/2022a/EL8-ice/software/HarfBuzz/4.2.1-GCCcore-11.3.0/lib/:/rds/bear-apps/2022a/EL8-ice/software/freetype/2.12.1-GCCcore-11.3.0/lib/:/rds/bear-apps/2022a/EL8-ice/software/cairo/1.17.4-GCCcore-11.3.0/lib/:/rds/bear-apps/2022a/EL8-ice/software/libpciaccess/0.16-GCCcore-11.3.0/lib/:/rds/bear-apps/2022a/EL8-ice/software/pixman/0.40.0-GCCcore-11.3.0/lib/:/rds/bear-apps/2022a/EL8-ice/software/Brotli/1.0.9-GCCcore-11.3.0/lib/:/rds/bear-apps/2022a/EL8-ice/software/libpng/1.6.37-GCCcore-11.3.0/lib/:/rds/bear-apps/2022a/EL8-ice/software/PCRE2/10.40-GCCcore-11.3.0/lib/:/rds/bear-apps/2022a/EL8-ice/software/GLib/2.72.1-GCCcore-11.3.0/lib/:/rds/bear-apps/2022a/EL8-ice/software/util-linux/2.38-GCCcore-11.3.0/lib/:/rds/bear-apps/2022a/EL8-ice/software/PCRE/8.45-GCCcore-11.3.0/lib/:/rds/bear-apps/2022a/EL8-ice/software/libxml2/2.9.13-GCCcore-11.3.0/lib/:/rds/bear-apps/2022a/EL8-ice/software/gettext/0.21-GCCcore-11.3.0/lib/:/rds/bear-apps/2022a/EL8-ice/software/ncurses/6.3-GCCcore-11.3.0/lib/:/rds/bear-apps/2022a/EL8-ice/software/XZ/5.2.5-GCCcore-11.3.0/lib/:/rds/bear-apps/2022a/EL8-ice/software/libffi/3.4.2-GCCcore-11.3.0/lib64/:/rds/bear-apps/2022a/EL8-ice/software/libffi/3.4.2-GCCcore-11.3.0/lib/:/rds/bear-apps/2022a/EL8-ice/software/double-conversion/3.2.0-GCCcore-11.3.0/lib/:/rds/bear-apps/2022a/EL8-ice/software/Xerces-C++/3.2.4-GCCcore-11.3.0/lib/:/rds/bear-apps/2022a/EL8-ice/software/cURL/7.83.0-GCCcore-11.3.0/lib/:/rds/bear-apps/2022a/EL8-ice/software/OpenSSL/1.1/lib/:/rds/bear-apps/2022a/EL8-ice/software/CLHEP/2.4.6.2-GCC-11.3.0/lib/:/rds/bear-apps/2022a/EL8-ice/software/expat/2.4.8-GCCcore-11.3.0/lib/:/rds/bear-apps/2022a/EL8-ice/software/binutils/2.38-GCCcore-11.3.0/lib/:/rds/bear-apps/2022a/EL8-ice/software/zlib/1.2.12-GCCcore-11.3.0/lib/:/rds/bear-apps/2022a/EL8-ice/software/GCCcore/11.3.0/lib/gcc/x86_64-pc-linux-gnu/11.3.0/../../../:/lib/:/usr/lib/
COLLECT_GCC_OPTIONS='-v' '-o' 'cmTC_ae63b' '-shared-libgcc' '-mtune=generic' '-march=x86-64' '-dumpdir' 'cmTC_ae63b.'
 /rds/bear-apps/2022a/EL8-ice/software/GCCcore/11.3.0/libexec/gcc/x86_64-pc-linux-gnu/11.3.0/collect2 -plugin /rds/bear-apps/2022a/EL8-ice/software/GCCcore/11.3.0/libexec/gcc/x86_64-pc-linux-gnu/11.3.0/liblto_plugin.so -plugin-opt=/rds/bear-apps/2022a/EL8-ice/software/GCCcore/11.3.0/libexec/gcc/x86_64-pc-linux-gnu/11.3.0/lto-wrapper -plugin-opt=-fresolution=/tmp/ccjhq4Jm.res -plugin-opt=-pass-through=-lgcc_s -plugin-opt=-pass-through=-lgcc -plugin-opt=-pass-through=-lc -plugin-opt=-pass-through=-lgcc_s -plugin-opt=-pass-through=-lgcc --eh-frame-hdr -m elf_x86_64 -dynamic-linker /lib64/ld-linux-x86-64.so.2 -o cmTC_ae63b /lib/../lib64/crt1.o /lib/../lib64/crti.o /rds/bear-apps/2022a/EL8-ice/software/GCCcore/11.3.0/lib/gcc/x86_64-pc-linux-gnu/11.3.0/crtbegin.o -L/rds/bear-apps/2022a/EL8-ice/software/libarchive/3.6.1-GCCcore-11.3.0/lib/../lib64 -L/rds/bear-apps/2022a/EL8-ice/software/Geant4/11.1.2-GCC-11.3.0/lib/../lib64 -L/rds/bear-apps/2022a/EL8-ice/software/Qt5/5.15.5-GCCcore-11.3.0/lib/../lib64 -L/rds/bear-apps/2022a/EL8-ice/software/nodejs/16.15.1-GCCcore-11.3.0/lib/../lib64 -L/rds/bear-apps/2022a/EL8-ice/software/ICU/71.1-GCCcore-11.3.0/lib/../lib64 -L/rds/bear-apps/2022a/EL8-ice/software/bzip2/1.0.8-GCCcore-11.3.0/lib/../lib64 -L/rds/bear-apps/2022a/EL8-ice/software/JasPer/2.0.33-GCCcore-11.3.0/lib/../lib64 -L/rds/bear-apps/2022a/EL8-ice/software/snappy/1.1.9-GCCcore-11.3.0/lib/../lib64 -L/rds/bear-apps/2022a/EL8-ice/software/NSS/3.79-GCCcore-11.3.0/lib/../lib64 -L/rds/bear-apps/2022a/EL8-ice/software/NSPR/4.34-GCCcore-11.3.0/lib/../lib64 -L/rds/bear-apps/2022a/EL8-ice/software/libjpeg-turbo/2.1.3-GCCcore-11.3.0/lib/../lib64 -L/rds/bear-apps/2022a/EL8-ice/software/libGLU/9.0.2-GCCcore-11.3.0/lib/../lib64 -L/rds/bear-apps/2022a/EL8-ice/software/Mesa/22.0.3-GCCcore-11.3.0/lib/../lib64 -L/rds/bear-apps/2022a/EL8-ice/software/LLVM/12.0.1-GCCcore-11.3.0/lib/../lib64 -L/rds/bear-apps/2022a/EL8-ice/software/libunwind/1.6.2-GCCcore-11.3.0/lib/../lib64 -L/rds/bear-apps/2022a/EL8-ice/software/libglvnd/1.4.0-GCCcore-11.3.0/lib/../lib64 -L/rds/bear-apps/2022a/EL8-ice/software/libdrm/2.4.110-GCCcore-11.3.0/lib/../lib64 -L/rds/bear-apps/2022a/EL8-ice/software/zstd/1.5.2-GCCcore-11.3.0/lib/../lib64 -L/rds/bear-apps/2022a/EL8-ice/software/lz4/1.9.3-GCCcore-11.3.0/lib/../lib64 -L/rds/bear-apps/2022a/EL8-ice/software/libevent/2.1.12-GCCcore-11.3.0/lib/../lib64 -L/rds/bear-apps/2022a/EL8-ice/software/DBus/1.14.0-GCCcore-11.3.0/lib/../lib64 -L/rds/bear-apps/2022a/EL8-ice/software/fontconfig/2.14.0-GCCcore-11.3.0/lib/../lib64 -L/rds/bear-apps/2022a/EL8-ice/software/X11/20220504-GCCcore-11.3.0/lib/../lib64 -L/rds/bear-apps/2022a/EL8-ice/software/graphite2/1.3.14-GCCcore-11.3.0/lib/../lib64 -L/rds/bear-apps/2022a/EL8-ice/software/HarfBuzz/4.2.1-GCCcore-11.3.0/lib/../lib64 -L/rds/bear-apps/2022a/EL8-ice/software/freetype/2.12.1-GCCcore-11.3.0/lib/../lib64 -L/rds/bear-apps/2022a/EL8-ice/software/cairo/1.17.4-GCCcore-11.3.0/lib/../lib64 -L/rds/bear-apps/2022a/EL8-ice/software/libpciaccess/0.16-GCCcore-11.3.0/lib/../lib64 -L/rds/bear-apps/2022a/EL8-ice/software/pixman/0.40.0-GCCcore-11.3.0/lib/../lib64 -L/rds/bear-apps/2022a/EL8-ice/software/Brotli/1.0.9-GCCcore-11.3.0/lib/../lib64 -L/rds/bear-apps/2022a/EL8-ice/software/libpng/1.6.37-GCCcore-11.3.0/lib/../lib64 -L/rds/bear-apps/2022a/EL8-ice/software/PCRE2/10.40-GCCcore-11.3.0/lib/../lib64 -L/rds/bear-apps/2022a/EL8-ice/software/GLib/2.72.1-GCCcore-11.3.0/lib/../lib64 -L/rds/bear-apps/2022a/EL8-ice/software/util-linux/2.38-GCCcore-11.3.0/lib/../lib64 -L/rds/bear-apps/2022a/EL8-ice/software/PCRE/8.45-GCCcore-11.3.0/lib/../lib64 -L/rds/bear-apps/2022a/EL8-ice/software/libxml2/2.9.13-GCCcore-11.3.0/lib/../lib64 -L/rds/bear-apps/2022a/EL8-ice/software/gettext/0.21-GCCcore-11.3.0/lib/../lib64 -L/rds/bear-apps/2022a/EL8-ice/software/ncurses/6.3-GCCcore-11.3.0/lib/../lib64 -L/rds/bear-apps/2022a/EL8-ice/software/XZ/5.2.5-GCCcore-11.3.0/lib/../lib64 -L/rds/bear-apps/2022a/EL8-ice/software/libffi/3.4.2-GCCcore-11.3.0/lib64/../lib64 -L/rds/bear-apps/2022a/EL8-ice/software/libffi/3.4.2-GCCcore-11.3.0/lib/../lib64 -L/rds/bear-apps/2022a/EL8-ice/software/double-conversion/3.2.0-GCCcore-11.3.0/lib/../lib64 -L/rds/bear-apps/2022a/EL8-ice/software/Xerces-C++/3.2.4-GCCcore-11.3.0/lib/../lib64 -L/rds/bear-apps/2022a/EL8-ice/software/cURL/7.83.0-GCCcore-11.3.0/lib/../lib64 -L/rds/bear-apps/2022a/EL8-ice/software/OpenSSL/1.1/lib/../lib64 -L/rds/bear-apps/2022a/EL8-ice/software/CLHEP/2.4.6.2-GCC-11.3.0/lib/../lib64 -L/rds/bear-apps/2022a/EL8-ice/software/expat/2.4.8-GCCcore-11.3.0/lib/../lib64 -L/rds/bear-apps/2022a/EL8-ice/software/binutils/2.38-GCCcore-11.3.0/lib/../lib64 -L/rds/bear-apps/2022a/EL8-ice/software/zlib/1.2.12-GCCcore-11.3.0/lib/../lib64 -L/rds/bear-apps/2022a/EL8-ice/software/GCCcore/11.3.0/lib/gcc/x86_64-pc-linux-gnu/11.3.0 -L/rds/bear-apps/2022a/EL8-ice/software/GCCcore/11.3.0/lib/gcc/x86_64-pc-linux-gnu/11.3.0/../../../../lib64 -L/lib/../lib64 -L/usr/lib/../lib64 -L/rds/bear-apps/2022a/EL8-ice/software/libarchive/3.6.1-GCCcore-11.3.0/lib -L/rds/bear-apps/2022a/EL8-ice/software/Geant4/11.1.2-GCC-11.3.0/lib -L/rds/bear-apps/2022a/EL8-ice/software/Qt5/5.15.5-GCCcore-11.3.0/lib -L/rds/bear-apps/2022a/EL8-ice/software/nodejs/16.15.1-GCCcore-11.3.0/lib -L/rds/bear-apps/2022a/EL8-ice/software/ICU/71.1-GCCcore-11.3.0/lib -L/rds/bear-apps/2022a/EL8-ice/software/bzip2/1.0.8-GCCcore-11.3.0/lib -L/rds/bear-apps/2022a/EL8-ice/software/JasPer/2.0.33-GCCcore-11.3.0/lib -L/rds/bear-apps/2022a/EL8-ice/software/snappy/1.1.9-GCCcore-11.3.0/lib -L/rds/bear-apps/2022a/EL8-ice/software/NSS/3.79-GCCcore-11.3.0/lib -L/rds/bear-apps/2022a/EL8-ice/software/NSPR/4.34-GCCcore-11.3.0/lib -L/rds/bear-apps/2022a/EL8-ice/software/libjpeg-turbo/2.1.3-GCCcore-11.3.0/lib -L/rds/bear-apps/2022a/EL8-ice/software/libGLU/9.0.2-GCCcore-11.3.0/lib -L/rds/bear-apps/2022a/EL8-ice/software/Mesa/22.0.3-GCCcore-11.3.0/lib -L/rds/bear-apps/2022a/EL8-ice/software/LLVM/12.0.1-GCCcore-11.3.0/lib -L/rds/bear-apps/2022a/EL8-ice/software/libunwind/1.6.2-GCCcore-11.3.0/lib -L/rds/bear-apps/2022a/EL8-ice/software/libglvnd/1.4.0-GCCcore-11.3.0/lib -L/rds/bear-apps/2022a/EL8-ice/software/libdrm/2.4.110-GCCcore-11.3.0/lib -L/rds/bear-apps/2022a/EL8-ice/software/zstd/1.5.2-GCCcore-11.3.0/lib -L/rds/bear-apps/2022a/EL8-ice/software/lz4/1.9.3-GCCcore-11.3.0/lib -L/rds/bear-apps/2022a/EL8-ice/software/libevent/2.1.12-GCCcore-11.3.0/lib -L/rds/bear-apps/2022a/EL8-ice/software/DBus/1.14.0-GCCcore-11.3.0/lib -L/rds/bear-apps/2022a/EL8-ice/software/fontconfig/2.14.0-GCCcore-11.3.0/lib -L/rds/bear-apps/2022a/EL8-ice/software/X11/20220504-GCCcore-11.3.0/lib -L/rds/bear-apps/2022a/EL8-ice/software/graphite2/1.3.14-GCCcore-11.3.0/lib -L/rds/bear-apps/2022a/EL8-ice/software/HarfBuzz/4.2.1-GCCcore-11.3.0/lib -L/rds/bear-apps/2022a/EL8-ice/software/freetype/2.12.1-GCCcore-11.3.0/lib -L/rds/bear-apps/2022a/EL8-ice/software/cairo/1.17.4-GCCcore-11.3.0/lib -L/rds/bear-apps/2022a/EL8-ice/software/libpciaccess/0.16-GCCcore-11.3.0/lib -L/rds/bear-apps/2022a/EL8-ice/software/pixman/0.40.0-GCCcore-11.3.0/lib -L/rds/bear-apps/2022a/EL8-ice/software/Brotli/1.0.9-GCCcore-11.3.0/lib -L/rds/bear-apps/2022a/EL8-ice/software/libpng/1.6.37-GCCcore-11.3.0/lib -L/rds/bear-apps/2022a/EL8-ice/software/PCRE2/10.40-GCCcore-11.3.0/lib -L/rds/bear-apps/2022a/EL8-ice/software/GLib/2.72.1-GCCcore-11.3.0/lib -L/rds/bear-apps/2022a/EL8-ice/software/util-linux/2.38-GCCcore-11.3.0/lib -L/rds/bear-apps/2022a/EL8-ice/software/PCRE/8.45-GCCcore-11.3.0/lib -L/rds/bear-apps/2022a/EL8-ice/software/libxml2/2.9.13-GCCcore-11.3.0/lib -L/rds/bear-apps/2022a/EL8-ice/software/gettext/0.21-GCCcore-11.3.0/lib -L/rds/bear-apps/2022a/EL8-ice/software/ncurses/6.3-GCCcore-11.3.0/lib -L/rds/bear-apps/2022a/EL8-ice/software/XZ/5.2.5-GCCcore-11.3.0/lib -L/rds/bear-apps/2022a/EL8-ice/software/libffi/3.4.2-GCCcore-11.3.0/lib64 -L/rds/bear-apps/2022a/EL8-ice/software/libffi/3.4.2-GCCcore-11.3.0/lib -L/rds/bear-apps/2022a/EL8-ice/software/double-conversion/3.2.0-GCCcore-11.3.0/lib -L/rds/bear-apps/2022a/EL8-ice/software/Xerces-C++/3.2.4-GCCcore-11.3.0/lib -L/rds/bear-apps/2022a/EL8-ice/software/cURL/7.83.0-GCCcore-11.3.0/lib -L/rds/bear-apps/2022a/EL8-ice/software/OpenSSL/1.1/lib -L/rds/bear-apps/2022a/EL8-ice/software/CLHEP/2.4.6.2-GCC-11.3.0/lib -L/rds/bear-apps/2022a/EL8-ice/software/expat/2.4.8-GCCcore-11.3.0/lib -L/rds/bear-apps/2022a/EL8-ice/software/binutils/2.38-GCCcore-11.3.0/lib -L/rds/bear-apps/2022a/EL8-ice/software/zlib/1.2.12-GCCcore-11.3.0/lib -L/rds/bear-apps/2022a/EL8-ice/software/GCCcore/11.3.0/lib/gcc/x86_64-pc-linux-gnu/11.3.0/../../.. CMakeFiles/cmTC_ae63b.dir/CMakeCXXCompilerABI.cpp.o -lstdc++ -lm -lgcc_s -lgcc -lc -lgcc_s -lgcc /rds/bear-apps/2022a/EL8-ice/software/GCCcore/11.3.0/lib/gcc/x86_64-pc-linux-gnu/11.3.0/crtend.o /lib/../lib64/crtn.o
COLLECT_GCC_OPTIONS='-v' '-o' 'cmTC_ae63b' '-shared-libgcc' '-mtune=generic' '-march=x86-64' '-dumpdir' 'cmTC_ae63b.'
gmake[1]: Leaving directory '/rds/projects/b/bishopjw-dli-neutron/John/Geant/AmBe/build/CMakeFiles/CMakeTmp'



Parsed CXX implicit include dir info from above output: rv=done
  found start of include info
  found start of implicit include info
    add: [/rds/bear-apps/2022a/EL8-ice/software/libarchive/3.6.1-GCCcore-11.3.0/include]
    add: [/rds/bear-apps/2022a/EL8-ice/software/Geant4/11.1.2-GCC-11.3.0/include]
    add: [/rds/bear-apps/2022a/EL8-ice/software/Qt5/5.15.5-GCCcore-11.3.0/include]
    add: [/rds/bear-apps/2022a/EL8-ice/software/nodejs/16.15.1-GCCcore-11.3.0/include]
    add: [/rds/bear-apps/2022a/EL8-ice/software/ICU/71.1-GCCcore-11.3.0/include]
    add: [/rds/bear-apps/2022a/EL8-ice/software/bzip2/1.0.8-GCCcore-11.3.0/include]
    add: [/rds/bear-apps/2022a/EL8-ice/software/JasPer/2.0.33-GCCcore-11.3.0/include]
    add: [/rds/bear-apps/2022a/EL8-ice/software/snappy/1.1.9-GCCcore-11.3.0/include]
    add: [/rds/bear-apps/2022a/EL8-ice/software/NSS/3.79-GCCcore-11.3.0/include/nss]
    add: [/rds/bear-apps/2022a/EL8-ice/software/NSS/3.79-GCCcore-11.3.0/include]
    add: [/rds/bear-apps/2022a/EL8-ice/software/NSPR/4.34-GCCcore-11.3.0/include]
    add: [/rds/bear-apps/2022a/EL8-ice/software/libjpeg-turbo/2.1.3-GCCcore-11.3.0/include]
    add: [/rds/bear-apps/2022a/EL8-ice/software/libGLU/9.0.2-GCCcore-11.3.0/include]
    add: [/rds/bear-apps/2022a/EL8-ice/software/Mesa/22.0.3-GCCcore-11.3.0/include]
    add: [/rds/bear-apps/2022a/EL8-ice/software/LLVM/12.0.1-GCCcore-11.3.0/include]
    add: [/rds/bear-apps/2022a/EL8-ice/software/libunwind/1.6.2-GCCcore-11.3.0/include]
    add: [/rds/bear-apps/2022a/EL8-ice/software/libglvnd/1.4.0-GCCcore-11.3.0/include]
    add: [/rds/bear-apps/2022a/EL8-ice/software/libdrm/2.4.110-GCCcore-11.3.0/include]
    add: [/rds/bear-apps/2022a/EL8-ice/software/zstd/1.5.2-GCCcore-11.3.0/include]
    add: [/rds/bear-apps/2022a/EL8-ice/software/lz4/1.9.3-GCCcore-11.3.0/include]
    add: [/rds/bear-apps/2022a/EL8-ice/software/libevent/2.1.12-GCCcore-11.3.0/include]
    add: [/rds/bear-apps/2022a/EL8-ice/software/DBus/1.14.0-GCCcore-11.3.0/include]
    add: [/rds/bear-apps/2022a/EL8-ice/software/fontconfig/2.14.0-GCCcore-11.3.0/include]
    add: [/rds/bear-apps/2022a/EL8-ice/software/X11/20220504-GCCcore-11.3.0/include]
    add: [/rds/bear-apps/2022a/EL8-ice/software/graphite2/1.3.14-GCCcore-11.3.0/include]
    add: [/rds/bear-apps/2022a/EL8-ice/software/HarfBuzz/4.2.1-GCCcore-11.3.0/include]
    add: [/rds/bear-apps/2022a/EL8-ice/software/freetype/2.12.1-GCCcore-11.3.0/include/freetype2]
    add: [/rds/bear-apps/2022a/EL8-ice/software/cairo/1.17.4-GCCcore-11.3.0/include]
    add: [/rds/bear-apps/2022a/EL8-ice/software/libpciaccess/0.16-GCCcore-11.3.0/include]
    add: [/rds/bear-apps/2022a/EL8-ice/software/pixman/0.40.0-GCCcore-11.3.0/include]
    add: [/rds/bear-apps/2022a/EL8-ice/software/Brotli/1.0.9-GCCcore-11.3.0/include]
    add: [/rds/bear-apps/2022a/EL8-ice/software/libpng/1.6.37-GCCcore-11.3.0/include]
    add: [/rds/bear-apps/2022a/EL8-ice/software/PCRE2/10.40-GCCcore-11.3.0/include]
    add: [/rds/bear-apps/2022a/EL8-ice/software/GLib/2.72.1-GCCcore-11.3.0/include]
    add: [/rds/bear-apps/2022a/EL8-ice/software/util-linux/2.38-GCCcore-11.3.0/include]
    add: [/rds/bear-apps/2022a/EL8-ice/software/PCRE/8.45-GCCcore-11.3.0/include]
    add: [/rds/bear-apps/2022a/EL8-ice/software/libxml2/2.9.13-GCCcore-11.3.0/include/libxml2]
    add: [/rds/bear-apps/2022a/EL8-ice/software/libxml2/2.9.13-GCCcore-11.3.0/include]
    add: [/rds/bear-apps/2022a/EL8-ice/software/gettext/0.21-GCCcore-11.3.0/include]
    add: [/rds/bear-apps/2022a/EL8-ice/software/ncurses/6.3-GCCcore-11.3.0/include]
    add: [/rds/bear-apps/2022a/EL8-ice/software/XZ/5.2.5-GCCcore-11.3.0/include]
    add: [/rds/bear-apps/2022a/EL8-ice/software/libffi/3.4.2-GCCcore-11.3.0/include]
    add: [/rds/bear-apps/2022a/EL8-ice/software/double-conversion/3.2.0-GCCcore-11.3.0/include]
    add: [/rds/bear-apps/2022a/EL8-ice/software/Xerces-C++/3.2.4-GCCcore-11.3.0/include]
    add: [/rds/bear-apps/2022a/EL8-ice/software/cURL/7.83.0-GCCcore-11.3.0/include]
    add: [/rds/bear-apps/2022a/EL8-ice/software/OpenSSL/1.1/include]
    add: [/rds/bear-apps/2022a/EL8-ice/software/CLHEP/2.4.6.2-GCC-11.3.0/include]
    add: [/rds/bear-apps/2022a/EL8-ice/software/expat/2.4.8-GCCcore-11.3.0/include]
    add: [/rds/bear-apps/2022a/EL8-ice/software/binutils/2.38-GCCcore-11.3.0/include]
    add: [/rds/bear-apps/2022a/EL8-ice/software/zlib/1.2.12-GCCcore-11.3.0/include]
    add: [/rds/bear-apps/2022a/EL8-ice/software/GCCcore/11.3.0/lib/gcc/x86_64-pc-linux-gnu/11.3.0/../../../../include/c++/11.3.0]
    add: [/rds/bear-apps/2022a/EL8-ice/software/GCCcore/11.3.0/lib/gcc/x86_64-pc-linux-gnu/11.3.0/../../../../include/c++/11.3.0/x86_64-pc-linux-gnu]
    add: [/rds/bear-apps/2022a/EL8-ice/software/GCCcore/11.3.0/lib/gcc/x86_64-pc-linux-gnu/11.3.0/../../../../include/c++/11.3.0/backward]
    add: [/rds/bear-apps/2022a/EL8-ice/software/GCCcore/11.3.0/lib/gcc/x86_64-pc-linux-gnu/11.3.0/include]
    add: [/rds/bear-apps/2022a/EL8-ice/software/GCCcore/11.3.0/include]
    add: [/usr/include]
  end of search list found
  collapse include dir [/rds/bear-apps/2022a/EL8-ice/software/libarchive/3.6.1-GCCcore-11.3.0/include] ==> [/rds/bear-apps/2022a/EL8-ice/software/libarchive/3.6.1-GCCcore-11.3.0/include]
  collapse include dir [/rds/bear-apps/2022a/EL8-ice/software/Geant4/11.1.2-GCC-11.3.0/include] ==> [/rds/bear-apps/2022a/EL8-ice/software/Geant4/11.1.2-GCC-11.3.0/include]
  collapse include dir [/rds/bear-apps/2022a/EL8-ice/software/Qt5/5.15.5-GCCcore-11.3.0/include] ==> [/rds/bear-apps/2022a/EL8-ice/software/Qt5/5.15.5-GCCcore-11.3.0/include]
  collapse include dir [/rds/bear-apps/2022a/EL8-ice/software/nodejs/16.15.1-GCCcore-11.3.0/include] ==> [/rds/bear-apps/2022a/EL8-ice/software/nodejs/16.15.1-GCCcore-11.3.0/include]
  collapse include dir [/rds/bear-apps/2022a/EL8-ice/software/ICU/71.1-GCCcore-11.3.0/include] ==> [/rds/bear-apps/2022a/EL8-ice/software/ICU/71.1-GCCcore-11.3.0/include]
  collapse include dir [/rds/bear-apps/2022a/EL8-ice/software/bzip2/1.0.8-GCCcore-11.3.0/include] ==> [/rds/bear-apps/2022a/EL8-ice/software/bzip2/1.0.8-GCCcore-11.3.0/include]
  collapse include dir [/rds/bear-apps/2022a/EL8-ice/software/JasPer/2.0.33-GCCcore-11.3.0/include] ==> [/rds/bear-apps/2022a/EL8-ice/software/JasPer/2.0.33-GCCcore-11.3.0/include]
  collapse include dir [/rds/bear-apps/2022a/EL8-ice/software/snappy/1.1.9-GCCcore-11.3.0/include] ==> [/rds/bear-apps/2022a/EL8-ice/software/snappy/1.1.9-GCCcore-11.3.0/include]
  collapse include dir [/rds/bear-apps/2022a/EL8-ice/software/NSS/3.79-GCCcore-11.3.0/include/nss] ==> [/rds/bear-apps/2022a/EL8-ice/software/NSS/3.79-GCCcore-11.3.0/include/nss]
  collapse include dir [/rds/bear-apps/2022a/EL8-ice/software/NSS/3.79-GCCcore-11.3.0/include] ==> [/rds/bear-apps/2022a/EL8-ice/software/NSS/3.79-GCCcore-11.3.0/include]
  collapse include dir [/rds/bear-apps/2022a/EL8-ice/software/NSPR/4.34-GCCcore-11.3.0/include] ==> [/rds/bear-apps/2022a/EL8-ice/software/NSPR/4.34-GCCcore-11.3.0/include]
  collapse include dir [/rds/bear-apps/2022a/EL8-ice/software/libjpeg-turbo/2.1.3-GCCcore-11.3.0/include] ==> [/rds/bear-apps/2022a/EL8-ice/software/libjpeg-turbo/2.1.3-GCCcore-11.3.0/include]
  collapse include dir [/rds/bear-apps/2022a/EL8-ice/software/libGLU/9.0.2-GCCcore-11.3.0/include] ==> [/rds/bear-apps/2022a/EL8-ice/software/libGLU/9.0.2-GCCcore-11.3.0/include]
  collapse include dir [/rds/bear-apps/2022a/EL8-ice/software/Mesa/22.0.3-GCCcore-11.3.0/include] ==> [/rds/bear-apps/2022a/EL8-ice/software/Mesa/22.0.3-GCCcore-11.3.0/include]
  collapse include dir [/rds/bear-apps/2022a/EL8-ice/software/LLVM/12.0.1-GCCcore-11.3.0/include] ==> [/rds/bear-apps/2022a/EL8-ice/software/LLVM/12.0.1-GCCcore-11.3.0/include]
  collapse include dir [/rds/bear-apps/2022a/EL8-ice/software/libunwind/1.6.2-GCCcore-11.3.0/include] ==> [/rds/bear-apps/2022a/EL8-ice/software/libunwind/1.6.2-GCCcore-11.3.0/include]
  collapse include dir [/rds/bear-apps/2022a/EL8-ice/software/libglvnd/1.4.0-GCCcore-11.3.0/include] ==> [/rds/bear-apps/2022a/EL8-ice/software/libglvnd/1.4.0-GCCcore-11.3.0/include]
  collapse include dir [/rds/bear-apps/2022a/EL8-ice/software/libdrm/2.4.110-GCCcore-11.3.0/include] ==> [/rds/bear-apps/2022a/EL8-ice/software/libdrm/2.4.110-GCCcore-11.3.0/include]
  collapse include dir [/rds/bear-apps/2022a/EL8-ice/software/zstd/1.5.2-GCCcore-11.3.0/include] ==> [/rds/bear-apps/2022a/EL8-ice/software/zstd/1.5.2-GCCcore-11.3.0/include]
  collapse include dir [/rds/bear-apps/2022a/EL8-ice/software/lz4/1.9.3-GCCcore-11.3.0/include] ==> [/rds/bear-apps/2022a/EL8-ice/software/lz4/1.9.3-GCCcore-11.3.0/include]
  collapse include dir [/rds/bear-apps/2022a/EL8-ice/software/libevent/2.1.12-GCCcore-11.3.0/include] ==> [/rds/bear-apps/2022a/EL8-ice/software/libevent/2.1.12-GCCcore-11.3.0/include]
  collapse include dir [/rds/bear-apps/2022a/EL8-ice/software/DBus/1.14.0-GCCcore-11.3.0/include] ==> [/rds/bear-apps/2022a/EL8-ice/software/DBus/1.14.0-GCCcore-11.3.0/include]
  collapse include dir [/rds/bear-apps/2022a/EL8-ice/software/fontconfig/2.14.0-GCCcore-11.3.0/include] ==> [/rds/bear-apps/2022a/EL8-ice/software/fontconfig/2.14.0-GCCcore-11.3.0/include]
  collapse include dir [/rds/bear-apps/2022a/EL8-ice/software/X11/20220504-GCCcore-11.3.0/include] ==> [/rds/bear-apps/2022a/EL8-ice/software/X11/20220504-GCCcore-11.3.0/include]
  collapse include dir [/rds/bear-apps/2022a/EL8-ice/software/graphite2/1.3.14-GCCcore-11.3.0/include] ==> [/rds/bear-apps/2022a/EL8-ice/software/graphite2/1.3.14-GCCcore-11.3.0/include]
  collapse include dir [/rds/bear-apps/2022a/EL8-ice/software/HarfBuzz/4.2.1-GCCcore-11.3.0/include] ==> [/rds/bear-apps/2022a/EL8-ice/software/HarfBuzz/4.2.1-GCCcore-11.3.0/include]
  collapse include dir [/rds/bear-apps/2022a/EL8-ice/software/freetype/2.12.1-GCCcore-11.3.0/include/freetype2] ==> [/rds/bear-apps/2022a/EL8-ice/software/freetype/2.12.1-GCCcore-11.3.0/include/freetype2]
  collapse include dir [/rds/bear-apps/2022a/EL8-ice/software/cairo/1.17.4-GCCcore-11.3.0/include] ==> [/rds/bear-apps/2022a/EL8-ice/software/cairo/1.17.4-GCCcore-11.3.0/include]
  collapse include dir [/rds/bear-apps/2022a/EL8-ice/software/libpciaccess/0.16-GCCcore-11.3.0/include] ==> [/rds/bear-apps/2022a/EL8-ice/software/libpciaccess/0.16-GCCcore-11.3.0/include]
  collapse include dir [/rds/bear-apps/2022a/EL8-ice/software/pixman/0.40.0-GCCcore-11.3.0/include] ==> [/rds/bear-apps/2022a/EL8-ice/software/pixman/0.40.0-GCCcore-11.3.0/include]
  collapse include dir [/rds/bear-apps/2022a/EL8-ice/software/Brotli/1.0.9-GCCcore-11.3.0/include] ==> [/rds/bear-apps/2022a/EL8-ice/software/Brotli/1.0.9-GCCcore-11.3.0/include]
  collapse include dir [/rds/bear-apps/2022a/EL8-ice/software/libpng/1.6.37-GCCcore-11.3.0/include] ==> [/rds/bear-apps/2022a/EL8-ice/software/libpng/1.6.37-GCCcore-11.3.0/include]
  collapse include dir [/rds/bear-apps/2022a/EL8-ice/software/PCRE2/10.40-GCCcore-11.3.0/include] ==> [/rds/bear-apps/2022a/EL8-ice/software/PCRE2/10.40-GCCcore-11.3.0/include]
  collapse include dir [/rds/bear-apps/2022a/EL8-ice/software/GLib/2.72.1-GCCcore-11.3.0/include] ==> [/rds/bear-apps/2022a/EL8-ice/software/GLib/2.72.1-GCCcore-11.3.0/include]
  collapse include dir [/rds/bear-apps/2022a/EL8-ice/software/util-linux/2.38-GCCcore-11.3.0/include] ==> [/rds/bear-apps/2022a/EL8-ice/software/util-linux/2.38-GCCcore-11.3.0/include]
  collapse include dir [/rds/bear-apps/2022a/EL8-ice/software/PCRE/8.45-GCCcore-11.3.0/include] ==> [/rds/bear-apps/2022a/EL8-ice/software/PCRE/8.45-GCCcore-11.3.0/include]
  collapse include dir [/rds/bear-apps/2022a/EL8-ice/software/libxml2/2.9.13-GCCcore-11.3.0/include/libxml2] ==> [/rds/bear-apps/2022a/EL8-ice/software/libxml2/2.9.13-GCCcore-11.3.0/include/libxml2]
  collapse include dir [/rds/bear-apps/2022a/EL8-ice/software/libxml2/2.9.13-GCCcore-11.3.0/include] ==> [/rds/bear-apps/2022a/EL8-ice/software/libxml2/2.9.13-GCCcore-11.3.0/include]
  collapse include dir [/rds/bear-apps/2022a/EL8-ice/software/gettext/0.21-GCCcore-11.3.0/include] ==> [/rds/bear-apps/2022a/EL8-ice/software/gettext/0.21-GCCcore-11.3.0/include]
  collapse include dir [/rds/bear-apps/2022a/EL8-ice/software/ncurses/6.3-GCCcore-11.3.0/include] ==> [/rds/bear-apps/2022a/EL8-ice/software/ncurses/6.3-GCCcore-11.3.0/include]
  collapse include dir [/rds/bear-apps/2022a/EL8-ice/software/XZ/5.2.5-GCCcore-11.3.0/include] ==> [/rds/bear-apps/2022a/EL8-ice/software/XZ/5.2.5-GCCcore-11.3.0/include]
  collapse include dir [/rds/bear-apps/2022a/EL8-ice/software/libffi/3.4.2-GCCcore-11.3.0/include] ==> [/rds/bear-apps/2022a/EL8-ice/software/libffi/3.4.2-GCCcore-11.3.0/include]
  collapse include dir [/rds/bear-apps/2022a/EL8-ice/software/double-conversion/3.2.0-GCCcore-11.3.0/include] ==> [/rds/bear-apps/2022a/EL8-ice/software/double-conversion/3.2.0-GCCcore-11.3.0/include]
  collapse include dir [/rds/bear-apps/2022a/EL8-ice/software/Xerces-C++/3.2.4-GCCcore-11.3.0/include] ==> [/rds/bear-apps/2022a/EL8-ice/software/Xerces-C++/3.2.4-GCCcore-11.3.0/include]
  collapse include dir [/rds/bear-apps/2022a/EL8-ice/software/cURL/7.83.0-GCCcore-11.3.0/include] ==> [/rds/bear-apps/2022a/EL8-ice/software/cURL/7.83.0-GCCcore-11.3.0/include]
  collapse include dir [/rds/bear-apps/2022a/EL8-ice/software/OpenSSL/1.1/include] ==> [/rds/bear-apps/2022a/EL8-ice/software/OpenSSL/1.1/include]
  collapse include dir [/rds/bear-apps/2022a/EL8-ice/software/CLHEP/2.4.6.2-GCC-11.3.0/include] ==> [/rds/bear-apps/2022a/EL8-ice/software/CLHEP/2.4.6.2-GCC-11.3.0/include]
  collapse include dir [/rds/bear-apps/2022a/EL8-ice/software/expat/2.4.8-GCCcore-11.3.0/include] ==> [/rds/bear-apps/2022a/EL8-ice/software/expat/2.4.8-GCCcore-11.3.0/include]
  collapse include dir [/rds/bear-apps/2022a/EL8-ice/software/binutils/2.38-GCCcore-11.3.0/include] ==> [/rds/bear-apps/2022a/EL8-ice/software/binutils/2.38-GCCcore-11.3.0/include]
  collapse include dir [/rds/bear-apps/2022a/EL8-ice/software/zlib/1.2.12-GCCcore-11.3.0/include] ==> [/rds/bear-apps/2022a/EL8-ice/software/zlib/1.2.12-GCCcore-11.3.0/include]
  collapse include dir [/rds/bear-apps/2022a/EL8-ice/software/GCCcore/11.3.0/lib/gcc/x86_64-pc-linux-gnu/11.3.0/../../../../include/c++/11.3.0] ==> [/rds/bear-apps/2022a/EL8-ice/software/GCCcore/11.3.0/include/c++/11.3.0]
  collapse include dir [/rds/bear-apps/2022a/EL8-ice/software/GCCcore/11.3.0/lib/gcc/x86_64-pc-linux-gnu/11.3.0/../../../../include/c++/11.3.0/x86_64-pc-linux-gnu] ==> [/rds/bear-apps/2022a/EL8-ice/software/GCCcore/11.3.0/include/c++/11.3.0/x86_64-pc-linux-gnu]
  collapse include dir [/rds/bear-apps/2022a/EL8-ice/software/GCCcore/11.3.0/lib/gcc/x86_64-pc-linux-gnu/11.3.0/../../../../include/c++/11.3.0/backward] ==> [/rds/bear-apps/2022a/EL8-ice/software/GCCcore/11.3.0/include/c++/11.3.0/backward]
  collapse include dir [/rds/bear-apps/2022a/EL8-ice/software/GCCcore/11.3.0/lib/gcc/x86_64-pc-linux-gnu/11.3.0/include] ==> [/rds/bear-apps/2022a/EL8-ice/software/GCCcore/11.3.0/lib/gcc/x86_64-pc-linux-gnu/11.3.0/include]
  collapse include dir [/rds/bear-apps/2022a/EL8-ice/software/GCCcore/11.3.0/include] ==> [/rds/bear-apps/2022a/EL8-ice/software/GCCcore/11.3.0/include]
  collapse include dir [/usr/include] ==> [/usr/include]
  implicit include dirs: [/rds/bear-apps/2022a/EL8-ice/software/libarchive/3.6.1-GCCcore-11.3.0/include;/rds/bear-apps/2022a/EL8-ice/software/Geant4/11.1.2-GCC-11.3.0/include;/rds/bear-apps/2022a/EL8-ice/software/Qt5/5.15.5-GCCcore-11.3.0/include;/rds/bear-apps/2022a/EL8-ice/software/nodejs/16.15.1-GCCcore-11.3.0/include;/rds/bear-apps/2022a/EL8-ice/software/ICU/71.1-GCCcore-11.3.0/include;/rds/bear-apps/2022a/EL8-ice/software/bzip2/1.0.8-GCCcore-11.3.0/include;/rds/bear-apps/2022a/EL8-ice/software/JasPer/2.0.33-GCCcore-11.3.0/include;/rds/bear-apps/2022a/EL8-ice/software/snappy/1.1.9-GCCcore-11.3.0/include;/rds/bear-apps/2022a/EL8-ice/software/NSS/3.79-GCCcore-11.3.0/include/nss;/rds/bear-apps/2022a/EL8-ice/software/NSS/3.79-GCCcore-11.3.0/include;/rds/bear-apps/2022a/EL8-ice/software/NSPR/4.34-GCCcore-11.3.0/include;/rds/bear-apps/2022a/EL8-ice/software/libjpeg-turbo/2.1.3-GCCcore-11.3.0/include;/rds/bear-apps/2022a/EL8-ice/software/libGLU/9.0.2-GCCcore-11.3.0/include;/rds/bear-apps/2022a/EL8-ice/software/Mesa/22.0.3-GCCcore-11.3.0/include;/rds/bear-apps/2022a/EL8-ice/software/LLVM/12.0.1-GCCcore-11.3.0/include;/rds/bear-apps/2022a/EL8-ice/software/libunwind/1.6.2-GCCcore-11.3.0/include;/rds/bear-apps/2022a/EL8-ice/software/libglvnd/1.4.0-GCCcore-11.3.0/include;/rds/bear-apps/2022a/EL8-ice/software/libdrm/2.4.110-GCCcore-11.3.0/include;/rds/bear-apps/2022a/EL8-ice/software/zstd/1.5.2-GCCcore-11.3.0/include;/rds/bear-apps/2022a/EL8-ice/software/lz4/1.9.3-GCCcore-11.3.0/include;/rds/bear-apps/2022a/EL8-ice/software/libevent/2.1.12-GCCcore-11.3.0/include;/rds/bear-apps/2022a/EL8-ice/software/DBus/1.14.0-GCCcore-11.3.0/include;/rds/bear-apps/2022a/EL8-ice/software/fontconfig/2.14.0-GCCcore-11.3.0/include;/rds/bear-apps/2022a/EL8-ice/software/X11/20220504-GCCcore-11.3.0/include;/rds/bear-apps/2022a/EL8-ice/software/graphite2/1.3.14-GCCcore-11.3.0/include;/rds/bear-apps/2022a/EL8-ice/software/HarfBuzz/4.2.1-GCCcore-11.3.0/include;/rds/bear-apps/2022a/EL8-ice/software/freetype/2.12.1-GCCcore-11.3.0/include/freetype2;/rds/bear-apps/2022a/EL8-ice/software/cairo/1.17.4-GCCcore-11.3.0/include;/rds/bear-apps/2022a/EL8-ice/software/libpciaccess/0.16-GCCcore-11.3.0/include;/rds/bear-apps/2022a/EL8-ice/software/pixman/0.40.0-GCCcore-11.3.0/include;/rds/bear-apps/2022a/EL8-ice/software/Brotli/1.0.9-GCCcore-11.3.0/include;/rds/bear-apps/2022a/EL8-ice/software/libpng/1.6.37-GCCcore-11.3.0/include;/rds/bear-apps/2022a/EL8-ice/software/PCRE2/10.40-GCCcore-11.3.0/include;/rds/bear-apps/2022a/EL8-ice/software/GLib/2.72.1-GCCcore-11.3.0/include;/rds/bear-apps/2022a/EL8-ice/software/util-linux/2.38-GCCcore-11.3.0/include;/rds/bear-apps/2022a/EL8-ice/software/PCRE/8.45-GCCcore-11.3.0/include;/rds/bear-apps/2022a/EL8-ice/software/libxml2/2.9.13-GCCcore-11.3.0/include/libxml2;/rds/bear-apps/2022a/EL8-ice/software/libxml2/2.9.13-GCCcore-11.3.0/include;/rds/bear-apps/2022a/EL8-ice/software/gettext/0.21-GCCcore-11.3.0/include;/rds/bear-apps/2022a/EL8-ice/software/ncurses/6.3-GCCcore-11.3.0/include;/rds/bear-apps/2022a/EL8-ice/software/XZ/5.2.5-GCCcore-11.3.0/include;/rds/bear-apps/2022a/EL8-ice/software/libffi/3.4.2-GCCcore-11.3.0/include;/rds/bear-apps/2022a/EL8-ice/software/double-conversion/3.2.0-GCCcore-11.3.0/include;/rds/bear-apps/2022a/EL8-ice/software/Xerces-C++/3.2.4-GCCcore-11.3.0/include;/rds/bear-apps/2022a/EL8-ice/software/cURL/7.83.0-GCCcore-11.3.0/include;/rds/bear-apps/2022a/EL8-ice/software/OpenSSL/1.1/include;/rds/bear-apps/2022a/EL8-ice/software/CLHEP/2.4.6.2-GCC-11.3.0/include;/rds/bear-apps/2022a/EL8-ice/software/expat/2.4.8-GCCcore-11.3.0/include;/rds/bear-apps/2022a/EL8-ice/software/binutils/2.38-GCCcore-11.3.0/include;/rds/bear-apps/2022a/EL8-ice/software/zlib/1.2.12-GCCcore-11.3.0/include;/rds/bear-apps/2022a/EL8-ice/software/GCCcore/11.3.0/include/c++/11.3.0;/rds/bear-apps/2022a/EL8-ice/software/GCCcore/11.3.0/include/c++/11.3.0/x86_64-pc-linux-gnu;/rds/bear-apps/2022a/EL8-ice/software/GCCcore/11.3.0/include/c++/11.3.0/backward;/rds/bear-apps/2022a/EL8-ice/software/GCCcore/11.3.0/lib/gcc/x86_64-pc-linux-gnu/11.3.0/include;/rds/bear-apps/2022a/EL8-ice/software/GCCcore/11.3.0/include;/usr/include]


Parsed CXX implicit link information from above output:
  link line regex: [^( *|.*[/\])(ld|CMAKE_LINK_STARTFILE-NOTFOUND|([^/\]+-)?ld|collect2)[^/\]*( |$)]
  ignore line: [Change Dir: /rds/projects/b/bishopjw-dli-neutron/John/Geant/AmBe/build/CMakeFiles/CMakeTmp]
  ignore line: []
  ignore line: [Run Build Command(s):/usr/bin/gmake -f Makefile cmTC_ae63b/fast && /usr/bin/gmake  -f CMakeFiles/cmTC_ae63b.dir/build.make CMakeFiles/cmTC_ae63b.dir/build]
  ignore line: [gmake[1]: Entering directory '/rds/projects/b/bishopjw-dli-neutron/John/Geant/AmBe/build/CMakeFiles/CMakeTmp']
  ignore line: [Building CXX object CMakeFiles/cmTC_ae63b.dir/CMakeCXXCompilerABI.cpp.o]
  ignore line: [/rds/bear-apps/2022a/EL8-ice/software/GCCcore/11.3.0/bin/c++   -v -o CMakeFiles/cmTC_ae63b.dir/CMakeCXXCompilerABI.cpp.o -c /rds/bear-apps/2022a/EL8-ice/software/CMake/3.24.3-GCCcore-11.3.0/share/cmake-3.24/Modules/CMakeCXXCompilerABI.cpp]
  ignore line: [Using built-in specs.]
  ignore line: [COLLECT_GCC=/rds/bear-apps/2022a/EL8-ice/software/GCCcore/11.3.0/bin/c++]
  ignore line: [OFFLOAD_TARGET_NAMES=nvptx-none]
  ignore line: [Target: x86_64-pc-linux-gnu]
  ignore line: [Configured with: ../configure --enable-languages=c,c++,fortran --without-cuda-driver --enable-offload-targets=nvptx-none --enable-lto --enable-checking=release --disable-multilib --enable-shared=yes --enable-static=yes --enable-threads=posix --enable-plugins --enable-gold --enable-ld=default --prefix=/rds/bear-apps/2022a/EL8-ice/software/GCCcore/11.3.0 --with-local-prefix=/rds/bear-apps/2022a/EL8-ice/software/GCCcore/11.3.0 --enable-bootstrap --with-isl=/dev/shm/branfosj-admin/build-2022a/GCCcore/11.3.0/system-system/gcc-11.3.0/stage2_stuff --build=x86_64-pc-linux-gnu --host=x86_64-pc-linux-gnu]
  ignore line: [Thread model: posix]
  ignore line: [Supported LTO compression algorithms: zlib]
  ignore line: [gcc version 11.3.0 (GCC) ]
  ignore line: [COLLECT_GCC_OPTIONS='-v' '-o' 'CMakeFiles/cmTC_ae63b.dir/CMakeCXXCompilerABI.cpp.o' '-c' '-shared-libgcc' '-mtune=generic' '-march=x86-64' '-dumpdir' 'CMakeFiles/cmTC_ae63b.dir/']
  ignore line: [ /rds/bear-apps/2022a/EL8-ice/software/GCCcore/11.3.0/libexec/gcc/x86_64-pc-linux-gnu/11.3.0/cc1plus -quiet -v -D_GNU_SOURCE /rds/bear-apps/2022a/EL8-ice/software/CMake/3.24.3-GCCcore-11.3.0/share/cmake-3.24/Modules/CMakeCXXCompilerABI.cpp -quiet -dumpdir CMakeFiles/cmTC_ae63b.dir/ -dumpbase CMakeCXXCompilerABI.cpp.cpp -dumpbase-ext .cpp -mtune=generic -march=x86-64 -version -o /tmp/ccQHdZBO.s]
  ignore line: [GNU C++17 (GCC) version 11.3.0 (x86_64-pc-linux-gnu)]
  ignore line: [	compiled by GNU C version 11.3.0  GMP version 6.2.1  MPFR version 4.1.0  MPC version 1.2.1  isl version isl-0.24-GMP]
  ignore line: []
  ignore line: [GGC heuristics: --param ggc-min-expand=100 --param ggc-min-heapsize=131072]
  ignore line: [ignoring nonexistent directory "/rds/bear-apps/2022a/EL8-ice/software/GCCcore/11.3.0/lib/gcc/x86_64-pc-linux-gnu/11.3.0/include-fixed"]
  ignore line: [ignoring nonexistent directory "/rds/bear-apps/2022a/EL8-ice/software/GCCcore/11.3.0/lib/gcc/x86_64-pc-linux-gnu/11.3.0/../../../../x86_64-pc-linux-gnu/include"]
  ignore line: [#include "..." search starts here:]
  ignore line: [#include <...> search starts here:]
  ignore line: [ /rds/bear-apps/2022a/EL8-ice/software/libarchive/3.6.1-GCCcore-11.3.0/include]
  ignore line: [ /rds/bear-apps/2022a/EL8-ice/software/Geant4/11.1.2-GCC-11.3.0/include]
  ignore line: [ /rds/bear-apps/2022a/EL8-ice/software/Qt5/5.15.5-GCCcore-11.3.0/include]
  ignore line: [ /rds/bear-apps/2022a/EL8-ice/software/nodejs/16.15.1-GCCcore-11.3.0/include]
  ignore line: [ /rds/bear-apps/2022a/EL8-ice/software/ICU/71.1-GCCcore-11.3.0/include]
  ignore line: [ /rds/bear-apps/2022a/EL8-ice/software/bzip2/1.0.8-GCCcore-11.3.0/include]
  ignore line: [ /rds/bear-apps/2022a/EL8-ice/software/JasPer/2.0.33-GCCcore-11.3.0/include]
  ignore line: [ /rds/bear-apps/2022a/EL8-ice/software/snappy/1.1.9-GCCcore-11.3.0/include]
  ignore line: [ /rds/bear-apps/2022a/EL8-ice/software/NSS/3.79-GCCcore-11.3.0/include/nss]
  ignore line: [ /rds/bear-apps/2022a/EL8-ice/software/NSS/3.79-GCCcore-11.3.0/include]
  ignore line: [ /rds/bear-apps/2022a/EL8-ice/software/NSPR/4.34-GCCcore-11.3.0/include]
  ignore line: [ /rds/bear-apps/2022a/EL8-ice/software/libjpeg-turbo/2.1.3-GCCcore-11.3.0/include]
  ignore line: [ /rds/bear-apps/2022a/EL8-ice/software/libGLU/9.0.2-GCCcore-11.3.0/include]
  ignore line: [ /rds/bear-apps/2022a/EL8-ice/software/Mesa/22.0.3-GCCcore-11.3.0/include]
  ignore line: [ /rds/bear-apps/2022a/EL8-ice/software/LLVM/12.0.1-GCCcore-11.3.0/include]
  ignore line: [ /rds/bear-apps/2022a/EL8-ice/software/libunwind/1.6.2-GCCcore-11.3.0/include]
  ignore line: [ /rds/bear-apps/2022a/EL8-ice/software/libglvnd/1.4.0-GCCcore-11.3.0/include]
  ignore line: [ /rds/bear-apps/2022a/EL8-ice/software/libdrm/2.4.110-GCCcore-11.3.0/include]
  ignore line: [ /rds/bear-apps/2022a/EL8-ice/software/zstd/1.5.2-GCCcore-11.3.0/include]
  ignore line: [ /rds/bear-apps/2022a/EL8-ice/software/lz4/1.9.3-GCCcore-11.3.0/include]
  ignore line: [ /rds/bear-apps/2022a/EL8-ice/software/libevent/2.1.12-GCCcore-11.3.0/include]
  ignore line: [ /rds/bear-apps/2022a/EL8-ice/software/DBus/1.14.0-GCCcore-11.3.0/include]
  ignore line: [ /rds/bear-apps/2022a/EL8-ice/software/fontconfig/2.14.0-GCCcore-11.3.0/include]
  ignore line: [ /rds/bear-apps/2022a/EL8-ice/software/X11/20220504-GCCcore-11.3.0/include]
  ignore line: [ /rds/bear-apps/2022a/EL8-ice/software/graphite2/1.3.14-GCCcore-11.3.0/include]
  ignore line: [ /rds/bear-apps/2022a/EL8-ice/software/HarfBuzz/4.2.1-GCCcore-11.3.0/include]
  ignore line: [ /rds/bear-apps/2022a/EL8-ice/software/freetype/2.12.1-GCCcore-11.3.0/include/freetype2]
  ignore line: [ /rds/bear-apps/2022a/EL8-ice/software/cairo/1.17.4-GCCcore-11.3.0/include]
  ignore line: [ /rds/bear-apps/2022a/EL8-ice/software/libpciaccess/0.16-GCCcore-11.3.0/include]
  ignore line: [ /rds/bear-apps/2022a/EL8-ice/software/pixman/0.40.0-GCCcore-11.3.0/include]
  ignore line: [ /rds/bear-apps/2022a/EL8-ice/software/Brotli/1.0.9-GCCcore-11.3.0/include]
  ignore line: [ /rds/bear-apps/2022a/EL8-ice/software/libpng/1.6.37-GCCcore-11.3.0/include]
  ignore line: [ /rds/bear-apps/2022a/EL8-ice/software/PCRE2/10.40-GCCcore-11.3.0/include]
  ignore line: [ /rds/bear-apps/2022a/EL8-ice/software/GLib/2.72.1-GCCcore-11.3.0/include]
  ignore line: [ /rds/bear-apps/2022a/EL8-ice/software/util-linux/2.38-GCCcore-11.3.0/include]
  ignore line: [ /rds/bear-apps/2022a/EL8-ice/software/PCRE/8.45-GCCcore-11.3.0/include]
  ignore line: [ /rds/bear-apps/2022a/EL8-ice/software/libxml2/2.9.13-GCCcore-11.3.0/include/libxml2]
  ignore line: [ /rds/bear-apps/2022a/EL8-ice/software/libxml2/2.9.13-GCCcore-11.3.0/include]
  ignore line: [ /rds/bear-apps/2022a/EL8-ice/software/gettext/0.21-GCCcore-11.3.0/include]
  ignore line: [ /rds/bear-apps/2022a/EL8-ice/software/ncurses/6.3-GCCcore-11.3.0/include]
  ignore line: [ /rds/bear-apps/2022a/EL8-ice/software/XZ/5.2.5-GCCcore-11.3.0/include]
  ignore line: [ /rds/bear-apps/2022a/EL8-ice/software/libffi/3.4.2-GCCcore-11.3.0/include]
  ignore line: [ /rds/bear-apps/2022a/EL8-ice/software/double-conversion/3.2.0-GCCcore-11.3.0/include]
  ignore line: [ /rds/bear-apps/2022a/EL8-ice/software/Xerces-C++/3.2.4-GCCcore-11.3.0/include]
  ignore line: [ /rds/bear-apps/2022a/EL8-ice/software/cURL/7.83.0-GCCcore-11.3.0/include]
  ignore line: [ /rds/bear-apps/2022a/EL8-ice/software/OpenSSL/1.1/include]
  ignore line: [ /rds/bear-apps/2022a/EL8-ice/software/CLHEP/2.4.6.2-GCC-11.3.0/include]
  ignore line: [ /rds/bear-apps/2022a/EL8-ice/software/expat/2.4.8-GCCcore-11.3.0/include]
  ignore line: [ /rds/bear-apps/2022a/EL8-ice/software/binutils/2.38-GCCcore-11.3.0/include]
  ignore line: [ /rds/bear-apps/2022a/EL8-ice/software/zlib/1.2.12-GCCcore-11.3.0/include]
  ignore line: [ /rds/bear-apps/2022a/EL8-ice/software/GCCcore/11.3.0/lib/gcc/x86_64-pc-linux-gnu/11.3.0/../../../../include/c++/11.3.0]
  ignore line: [ /rds/bear-apps/2022a/EL8-ice/software/GCCcore/11.3.0/lib/gcc/x86_64-pc-linux-gnu/11.3.0/../../../../include/c++/11.3.0/x86_64-pc-linux-gnu]
  ignore line: [ /rds/bear-apps/2022a/EL8-ice/software/GCCcore/11.3.0/lib/gcc/x86_64-pc-linux-gnu/11.3.0/../../../../include/c++/11.3.0/backward]
  ignore line: [ /rds/bear-apps/2022a/EL8-ice/software/GCCcore/11.3.0/lib/gcc/x86_64-pc-linux-gnu/11.3.0/include]
  ignore line: [ /rds/bear-apps/2022a/EL8-ice/software/GCCcore/11.3.0/include]
  ignore line: [ /usr/include]
  ignore line: [End of search list.]
  ignore line: [GNU C++17 (GCC) version 11.3.0 (x86_64-pc-linux-gnu)]
  ignore line: [	compiled by GNU C version 11.3.0  GMP version 6.2.1  MPFR version 4.1.0  MPC version 1.2.1  isl version isl-0.24-GMP]
  ignore line: []
  ignore line: [GGC heuristics: --param ggc-min-expand=100 --param ggc-min-heapsize=131072]
  ignore line: [Compiler executable checksum: 4ba42b22364285927731fa83da9554a6]
  ignore line: [COLLECT_GCC_OPTIONS='-v' '-o' 'CMakeFiles/cmTC_ae63b.dir/CMakeCXXCompilerABI.cpp.o' '-c' '-shared-libgcc' '-mtune=generic' '-march=x86-64' '-dumpdir' 'CMakeFiles/cmTC_ae63b.dir/']
  ignore line: [ as -v --64 -o CMakeFiles/cmTC_ae63b.dir/CMakeCXXCompilerABI.cpp.o /tmp/ccQHdZBO.s]
  ignore line: [GNU assembler version 2.38 (x86_64-pc-linux-gnu) using BFD version (GNU Binutils) 2.38]
  ignore line: [COMPILER_PATH=/rds/bear-apps/2022a/EL8-ice/software/GCCcore/11.3.0/libexec/gcc/x86_64-pc-linux-gnu/11.3.0/:/rds/bear-apps/2022a/EL8-ice/software/GCCcore/11.3.0/libexec/gcc/x86_64-pc-linux-gnu/11.3.0/:/rds/bear-apps/2022a/EL8-ice/software/GCCcore/11.3.0/libexec/gcc/x86_64-pc-linux-gnu/:/rds/bear-apps/2022a/EL8-ice/software/GCCcore/11.3.0/lib/gcc/x86_64-pc-linux-gnu/11.3.0/:/rds/bear-apps/2022a/EL8-ice/software/GCCcore/11.3.0/lib/gcc/x86_64-pc-linux-gnu/]
  ignore line: [LIBRARY_PATH=/rds/bear-apps/2022a/EL8-ice/software/libarchive/3.6.1-GCCcore-11.3.0/lib/../lib64/:/rds/bear-apps/2022a/EL8-ice/software/Geant4/11.1.2-GCC-11.3.0/lib/../lib64/:/rds/bear-apps/2022a/EL8-ice/software/Qt5/5.15.5-GCCcore-11.3.0/lib/../lib64/:/rds/bear-apps/2022a/EL8-ice/software/nodejs/16.15.1-GCCcore-11.3.0/lib/../lib64/:/rds/bear-apps/2022a/EL8-ice/software/ICU/71.1-GCCcore-11.3.0/lib/../lib64/:/rds/bear-apps/2022a/EL8-ice/software/bzip2/1.0.8-GCCcore-11.3.0/lib/../lib64/:/rds/bear-apps/2022a/EL8-ice/software/JasPer/2.0.33-GCCcore-11.3.0/lib/../lib64/:/rds/bear-apps/2022a/EL8-ice/software/snappy/1.1.9-GCCcore-11.3.0/lib/../lib64/:/rds/bear-apps/2022a/EL8-ice/software/NSS/3.79-GCCcore-11.3.0/lib/../lib64/:/rds/bear-apps/2022a/EL8-ice/software/NSPR/4.34-GCCcore-11.3.0/lib/../lib64/:/rds/bear-apps/2022a/EL8-ice/software/libjpeg-turbo/2.1.3-GCCcore-11.3.0/lib/../lib64/:/rds/bear-apps/2022a/EL8-ice/software/libGLU/9.0.2-GCCcore-11.3.0/lib/../lib64/:/rds/bear-apps/2022a/EL8-ice/software/Mesa/22.0.3-GCCcore-11.3.0/lib/../lib64/:/rds/bear-apps/2022a/EL8-ice/software/LLVM/12.0.1-GCCcore-11.3.0/lib/../lib64/:/rds/bear-apps/2022a/EL8-ice/software/libunwind/1.6.2-GCCcore-11.3.0/lib/../lib64/:/rds/bear-apps/2022a/EL8-ice/software/libglvnd/1.4.0-GCCcore-11.3.0/lib/../lib64/:/rds/bear-apps/2022a/EL8-ice/software/libdrm/2.4.110-GCCcore-11.3.0/lib/../lib64/:/rds/bear-apps/2022a/EL8-ice/software/zstd/1.5.2-GCCcore-11.3.0/lib/../lib64/:/rds/bear-apps/2022a/EL8-ice/software/lz4/1.9.3-GCCcore-11.3.0/lib/../lib64/:/rds/bear-apps/2022a/EL8-ice/software/libevent/2.1.12-GCCcore-11.3.0/lib/../lib64/:/rds/bear-apps/2022a/EL8-ice/software/DBus/1.14.0-GCCcore-11.3.0/lib/../lib64/:/rds/bear-apps/2022a/EL8-ice/software/fontconfig/2.14.0-GCCcore-11.3.0/lib/../lib64/:/rds/bear-apps/2022a/EL8-ice/software/X11/20220504-GCCcore-11.3.0/lib/../lib64/:/rds/bear-apps/2022a/EL8-ice/software/graphite2/1.3.14-GCCcore-11.3.0/lib/../lib64/:/rds/bear-apps/2022a/EL8-ice/software/HarfBuzz/4.2.1-GCCcore-11.3.0/lib/../lib64/:/rds/bear-apps/2022a/EL8-ice/software/freetype/2.12.1-GCCcore-11.3.0/lib/../lib64/:/rds/bear-apps/2022a/EL8-ice/software/cairo/1.17.4-GCCcore-11.3.0/lib/../lib64/:/rds/bear-apps/2022a/EL8-ice/software/libpciaccess/0.16-GCCcore-11.3.0/lib/../lib64/:/rds/bear-apps/2022a/EL8-ice/software/pixman/0.40.0-GCCcore-11.3.0/lib/../lib64/:/rds/bear-apps/2022a/EL8-ice/software/Brotli/1.0.9-GCCcore-11.3.0/lib/../lib64/:/rds/bear-apps/2022a/EL8-ice/software/libpng/1.6.37-GCCcore-11.3.0/lib/../lib64/:/rds/bear-apps/2022a/EL8-ice/software/PCRE2/10.40-GCCcore-11.3.0/lib/../lib64/:/rds/bear-apps/2022a/EL8-ice/software/GLib/2.72.1-GCCcore-11.3.0/lib/../lib64/:/rds/bear-apps/2022a/EL8-ice/software/util-linux/2.38-GCCcore-11.3.0/lib/../lib64/:/rds/bear-apps/2022a/EL8-ice/software/PCRE/8.45-GCCcore-11.3.0/lib/../lib64/:/rds/bear-apps/2022a/EL8-ice/software/libxml2/2.9.13-GCCcore-11.3.0/lib/../lib64/:/rds/bear-apps/2022a/EL8-ice/software/gettext/0.21-GCCcore-11.3.0/lib/../lib64/:/rds/bear-apps/2022a/EL8-ice/software/ncurses/6.3-GCCcore-11.3.0/lib/../lib64/:/rds/bear-apps/2022a/EL8-ice/software/XZ/5.2.5-GCCcore-11.3.0/lib/../lib64/:/rds/bear-apps/2022a/EL8-ice/software/libffi/3.4.2-GCCcore-11.3.0/lib64/../lib64/:/rds/bear-apps/2022a/EL8-ice/software/libffi/3.4.2-GCCcore-11.3.0/lib/../lib64/:/rds/bear-apps/2022a/EL8-ice/software/double-conversion/3.2.0-GCCcore-11.3.0/lib/../lib64/:/rds/bear-apps/2022a/EL8-ice/software/Xerces-C++/3.2.4-GCCcore-11.3.0/lib/../lib64/:/rds/bear-apps/2022a/EL8-ice/software/cURL/7.83.0-GCCcore-11.3.0/lib/../lib64/:/rds/bear-apps/2022a/EL8-ice/software/OpenSSL/1.1/lib/../lib64/:/rds/bear-apps/2022a/EL8-ice/software/CLHEP/2.4.6.2-GCC-11.3.0/lib/../lib64/:/rds/bear-apps/2022a/EL8-ice/software/expat/2.4.8-GCCcore-11.3.0/lib/../lib64/:/rds/bear-apps/2022a/EL8-ice/software/binutils/2.38-GCCcore-11.3.0/lib/../lib64/:/rds/bear-apps/2022a/EL8-ice/software/zlib/1.2.12-GCCcore-11.3.0/lib/../lib64/:/rds/bear-apps/2022a/EL8-ice/software/GCCcore/11.3.0/lib/gcc/x86_64-pc-linux-gnu/11.3.0/:/rds/bear-apps/2022a/EL8-ice/software/GCCcore/11.3.0/lib/gcc/x86_64-pc-linux-gnu/11.3.0/../../../../lib64/:/lib/../lib64/:/usr/lib/../lib64/:/rds/bear-apps/2022a/EL8-ice/software/libarchive/3.6.1-GCCcore-11.3.0/lib/:/rds/bear-apps/2022a/EL8-ice/software/Geant4/11.1.2-GCC-11.3.0/lib/:/rds/bear-apps/2022a/EL8-ice/software/Qt5/5.15.5-GCCcore-11.3.0/lib/:/rds/bear-apps/2022a/EL8-ice/software/nodejs/16.15.1-GCCcore-11.3.0/lib/:/rds/bear-apps/2022a/EL8-ice/software/ICU/71.1-GCCcore-11.3.0/lib/:/rds/bear-apps/2022a/EL8-ice/software/bzip2/1.0.8-GCCcore-11.3.0/lib/:/rds/bear-apps/2022a/EL8-ice/software/JasPer/2.0.33-GCCcore-11.3.0/lib/:/rds/bear-apps/2022a/EL8-ice/software/snappy/1.1.9-GCCcore-11.3.0/lib/:/rds/bear-apps/2022a/EL8-ice/software/NSS/3.79-GCCcore-11.3.0/lib/:/rds/bear-apps/2022a/EL8-ice/software/NSPR/4.34-GCCcore-11.3.0/lib/:/rds/bear-apps/2022a/EL8-ice/software/libjpeg-turbo/2.1.3-GCCcore-11.3.0/lib/:/rds/bear-apps/2022a/EL8-ice/software/libGLU/9.0.2-GCCcore-11.3.0/lib/:/rds/bear-apps/2022a/EL8-ice/software/Mesa/22.0.3-GCCcore-11.3.0/lib/:/rds/bear-apps/2022a/EL8-ice/software/LLVM/12.0.1-GCCcore-11.3.0/lib/:/rds/bear-apps/2022a/EL8-ice/software/libunwind/1.6.2-GCCcore-11.3.0/lib/:/rds/bear-apps/2022a/EL8-ice/software/libglvnd/1.4.0-GCCcore-11.3.0/lib/:/rds/bear-apps/2022a/EL8-ice/software/libdrm/2.4.110-GCCcore-11.3.0/lib/:/rds/bear-apps/2022a/EL8-ice/software/zstd/1.5.2-GCCcore-11.3.0/lib/:/rds/bear-apps/2022a/EL8-ice/software/lz4/1.9.3-GCCcore-11.3.0/lib/:/rds/bear-apps/2022a/EL8-ice/software/libevent/2.1.12-GCCcore-11.3.0/lib/:/rds/bear-apps/2022a/EL8-ice/software/DBus/1.14.0-GCCcore-11.3.0/lib/:/rds/bear-apps/2022a/EL8-ice/software/fontconfig/2.14.0-GCCcore-11.3.0/lib/:/rds/bear-apps/2022a/EL8-ice/software/X11/20220504-GCCcore-11.3.0/lib/:/rds/bear-apps/2022a/EL8-ice/software/graphite2/1.3.14-GCCcore-11.3.0/lib/:/rds/bear-apps/2022a/EL8-ice/software/HarfBuzz/4.2.1-GCCcore-11.3.0/lib/:/rds/bear-apps/2022a/EL8-ice/software/freetype/2.12.1-GCCcore-11.3.0/lib/:/rds/bear-apps/2022a/EL8-ice/software/cairo/1.17.4-GCCcore-11.3.0/lib/:/rds/bear-apps/2022a/EL8-ice/software/libpciaccess/0.16-GCCcore-11.3.0/lib/:/rds/bear-apps/2022a/EL8-ice/software/pixman/0.40.0-GCCcore-11.3.0/lib/:/rds/bear-apps/2022a/EL8-ice/software/Brotli/1.0.9-GCCcore-11.3.0/lib/:/rds/bear-apps/2022a/EL8-ice/software/libpng/1.6.37-GCCcore-11.3.0/lib/:/rds/bear-apps/2022a/EL8-ice/software/PCRE2/10.40-GCCcore-11.3.0/lib/:/rds/bear-apps/2022a/EL8-ice/software/GLib/2.72.1-GCCcore-11.3.0/lib/:/rds/bear-apps/2022a/EL8-ice/software/util-linux/2.38-GCCcore-11.3.0/lib/:/rds/bear-apps/2022a/EL8-ice/software/PCRE/8.45-GCCcore-11.3.0/lib/:/rds/bear-apps/2022a/EL8-ice/software/libxml2/2.9.13-GCCcore-11.3.0/lib/:/rds/bear-apps/2022a/EL8-ice/software/gettext/0.21-GCCcore-11.3.0/lib/:/rds/bear-apps/2022a/EL8-ice/software/ncurses/6.3-GCCcore-11.3.0/lib/:/rds/bear-apps/2022a/EL8-ice/software/XZ/5.2.5-GCCcore-11.3.0/lib/:/rds/bear-apps/2022a/EL8-ice/software/libffi/3.4.2-GCCcore-11.3.0/lib64/:/rds/bear-apps/2022a/EL8-ice/software/libffi/3.4.2-GCCcore-11.3.0/lib/:/rds/bear-apps/2022a/EL8-ice/software/double-conversion/3.2.0-GCCcore-11.3.0/lib/:/rds/bear-apps/2022a/EL8-ice/software/Xerces-C++/3.2.4-GCCcore-11.3.0/lib/:/rds/bear-apps/2022a/EL8-ice/software/cURL/7.83.0-GCCcore-11.3.0/lib/:/rds/bear-apps/2022a/EL8-ice/software/OpenSSL/1.1/lib/:/rds/bear-apps/2022a/EL8-ice/software/CLHEP/2.4.6.2-GCC-11.3.0/lib/:/rds/bear-apps/2022a/EL8-ice/software/expat/2.4.8-GCCcore-11.3.0/lib/:/rds/bear-apps/2022a/EL8-ice/software/binutils/2.38-GCCcore-11.3.0/lib/:/rds/bear-apps/2022a/EL8-ice/software/zlib/1.2.12-GCCcore-11.3.0/lib/:/rds/bear-apps/2022a/EL8-ice/software/GCCcore/11.3.0/lib/gcc/x86_64-pc-linux-gnu/11.3.0/../../../:/lib/:/usr/lib/]
  ignore line: [COLLECT_GCC_OPTIONS='-v' '-o' 'CMakeFiles/cmTC_ae63b.dir/CMakeCXXCompilerABI.cpp.o' '-c' '-shared-libgcc' '-mtune=generic' '-march=x86-64' '-dumpdir' 'CMakeFiles/cmTC_ae63b.dir/CMakeCXXCompilerABI.cpp.']
  ignore line: [Linking CXX executable cmTC_ae63b]
  ignore line: [/rds/bear-apps/2022a/EL8-ice/software/CMake/3.24.3-GCCcore-11.3.0/bin/cmake -E cmake_link_script CMakeFiles/cmTC_ae63b.dir/link.txt --verbose=1]
  ignore line: [/rds/bear-apps/2022a/EL8-ice/software/GCCcore/11.3.0/bin/c++  -v CMakeFiles/cmTC_ae63b.dir/CMakeCXXCompilerABI.cpp.o -o cmTC_ae63b ]
  ignore line: [Using built-in specs.]
  ignore line: [COLLECT_GCC=/rds/bear-apps/2022a/EL8-ice/software/GCCcore/11.3.0/bin/c++]
  ignore line: [COLLECT_LTO_WRAPPER=/rds/bear-apps/2022a/EL8-ice/software/GCCcore/11.3.0/libexec/gcc/x86_64-pc-linux-gnu/11.3.0/lto-wrapper]
  ignore line: [OFFLOAD_TARGET_NAMES=nvptx-none]
  ignore line: [Target: x86_64-pc-linux-gnu]
  ignore line: [Configured with: ../configure --enable-languages=c,c++,fortran --without-cuda-driver --enable-offload-targets=nvptx-none --enable-lto --enable-checking=release --disable-multilib --enable-shared=yes --enable-static=yes --enable-threads=posix --enable-plugins --enable-gold --enable-ld=default --prefix=/rds/bear-apps/2022a/EL8-ice/software/GCCcore/11.3.0 --with-local-prefix=/rds/bear-apps/2022a/EL8-ice/software/GCCcore/11.3.0 --enable-bootstrap --with-isl=/dev/shm/branfosj-admin/build-2022a/GCCcore/11.3.0/system-system/gcc-11.3.0/stage2_stuff --build=x86_64-pc-linux-gnu --host=x86_64-pc-linux-gnu]
  ignore line: [Thread model: posix]
  ignore line: [Supported LTO compression algorithms: zlib]
  ignore line: [gcc version 11.3.0 (GCC) ]
  ignore line: [COMPILER_PATH=/rds/bear-apps/2022a/EL8-ice/software/GCCcore/11.3.0/libexec/gcc/x86_64-pc-linux-gnu/11.3.0/:/rds/bear-apps/2022a/EL8-ice/software/GCCcore/11.3.0/libexec/gcc/x86_64-pc-linux-gnu/11.3.0/:/rds/bear-apps/2022a/EL8-ice/software/GCCcore/11.3.0/libexec/gcc/x86_64-pc-linux-gnu/:/rds/bear-apps/2022a/EL8-ice/software/GCCcore/11.3.0/lib/gcc/x86_64-pc-linux-gnu/11.3.0/:/rds/bear-apps/2022a/EL8-ice/software/GCCcore/11.3.0/lib/gcc/x86_64-pc-linux-gnu/]
  ignore line: [LIBRARY_PATH=/rds/bear-apps/2022a/EL8-ice/software/libarchive/3.6.1-GCCcore-11.3.0/lib/../lib64/:/rds/bear-apps/2022a/EL8-ice/software/Geant4/11.1.2-GCC-11.3.0/lib/../lib64/:/rds/bear-apps/2022a/EL8-ice/software/Qt5/5.15.5-GCCcore-11.3.0/lib/../lib64/:/rds/bear-apps/2022a/EL8-ice/software/nodejs/16.15.1-GCCcore-11.3.0/lib/../lib64/:/rds/bear-apps/2022a/EL8-ice/software/ICU/71.1-GCCcore-11.3.0/lib/../lib64/:/rds/bear-apps/2022a/EL8-ice/software/bzip2/1.0.8-GCCcore-11.3.0/lib/../lib64/:/rds/bear-apps/2022a/EL8-ice/software/JasPer/2.0.33-GCCcore-11.3.0/lib/../lib64/:/rds/bear-apps/2022a/EL8-ice/software/snappy/1.1.9-GCCcore-11.3.0/lib/../lib64/:/rds/bear-apps/2022a/EL8-ice/software/NSS/3.79-GCCcore-11.3.0/lib/../lib64/:/rds/bear-apps/2022a/EL8-ice/software/NSPR/4.34-GCCcore-11.3.0/lib/../lib64/:/rds/bear-apps/2022a/EL8-ice/software/libjpeg-turbo/2.1.3-GCCcore-11.3.0/lib/../lib64/:/rds/bear-apps/2022a/EL8-ice/software/libGLU/9.0.2-GCCcore-11.3.0/lib/../lib64/:/rds/bear-apps/2022a/EL8-ice/software/Mesa/22.0.3-GCCcore-11.3.0/lib/../lib64/:/rds/bear-apps/2022a/EL8-ice/software/LLVM/12.0.1-GCCcore-11.3.0/lib/../lib64/:/rds/bear-apps/2022a/EL8-ice/software/libunwind/1.6.2-GCCcore-11.3.0/lib/../lib64/:/rds/bear-apps/2022a/EL8-ice/software/libglvnd/1.4.0-GCCcore-11.3.0/lib/../lib64/:/rds/bear-apps/2022a/EL8-ice/software/libdrm/2.4.110-GCCcore-11.3.0/lib/../lib64/:/rds/bear-apps/2022a/EL8-ice/software/zstd/1.5.2-GCCcore-11.3.0/lib/../lib64/:/rds/bear-apps/2022a/EL8-ice/software/lz4/1.9.3-GCCcore-11.3.0/lib/../lib64/:/rds/bear-apps/2022a/EL8-ice/software/libevent/2.1.12-GCCcore-11.3.0/lib/../lib64/:/rds/bear-apps/2022a/EL8-ice/software/DBus/1.14.0-GCCcore-11.3.0/lib/../lib64/:/rds/bear-apps/2022a/EL8-ice/software/fontconfig/2.14.0-GCCcore-11.3.0/lib/../lib64/:/rds/bear-apps/2022a/EL8-ice/software/X11/20220504-GCCcore-11.3.0/lib/../lib64/:/rds/bear-apps/2022a/EL8-ice/software/graphite2/1.3.14-GCCcore-11.3.0/lib/../lib64/:/rds/bear-apps/2022a/EL8-ice/software/HarfBuzz/4.2.1-GCCcore-11.3.0/lib/../lib64/:/rds/bear-apps/2022a/EL8-ice/software/freetype/2.12.1-GCCcore-11.3.0/lib/../lib64/:/rds/bear-apps/2022a/EL8-ice/software/cairo/1.17.4-GCCcore-11.3.0/lib/../lib64/:/rds/bear-apps/2022a/EL8-ice/software/libpciaccess/0.16-GCCcore-11.3.0/lib/../lib64/:/rds/bear-apps/2022a/EL8-ice/software/pixman/0.40.0-GCCcore-11.3.0/lib/../lib64/:/rds/bear-apps/2022a/EL8-ice/software/Brotli/1.0.9-GCCcore-11.3.0/lib/../lib64/:/rds/bear-apps/2022a/EL8-ice/software/libpng/1.6.37-GCCcore-11.3.0/lib/../lib64/:/rds/bear-apps/2022a/EL8-ice/software/PCRE2/10.40-GCCcore-11.3.0/lib/../lib64/:/rds/bear-apps/2022a/EL8-ice/software/GLib/2.72.1-GCCcore-11.3.0/lib/../lib64/:/rds/bear-apps/2022a/EL8-ice/software/util-linux/2.38-GCCcore-11.3.0/lib/../lib64/:/rds/bear-apps/2022a/EL8-ice/software/PCRE/8.45-GCCcore-11.3.0/lib/../lib64/:/rds/bear-apps/2022a/EL8-ice/software/libxml2/2.9.13-GCCcore-11.3.0/lib/../lib64/:/rds/bear-apps/2022a/EL8-ice/software/gettext/0.21-GCCcore-11.3.0/lib/../lib64/:/rds/bear-apps/2022a/EL8-ice/software/ncurses/6.3-GCCcore-11.3.0/lib/../lib64/:/rds/bear-apps/2022a/EL8-ice/software/XZ/5.2.5-GCCcore-11.3.0/lib/../lib64/:/rds/bear-apps/2022a/EL8-ice/software/libffi/3.4.2-GCCcore-11.3.0/lib64/../lib64/:/rds/bear-apps/2022a/EL8-ice/software/libffi/3.4.2-GCCcore-11.3.0/lib/../lib64/:/rds/bear-apps/2022a/EL8-ice/software/double-conversion/3.2.0-GCCcore-11.3.0/lib/../lib64/:/rds/bear-apps/2022a/EL8-ice/software/Xerces-C++/3.2.4-GCCcore-11.3.0/lib/../lib64/:/rds/bear-apps/2022a/EL8-ice/software/cURL/7.83.0-GCCcore-11.3.0/lib/../lib64/:/rds/bear-apps/2022a/EL8-ice/software/OpenSSL/1.1/lib/../lib64/:/rds/bear-apps/2022a/EL8-ice/software/CLHEP/2.4.6.2-GCC-11.3.0/lib/../lib64/:/rds/bear-apps/2022a/EL8-ice/software/expat/2.4.8-GCCcore-11.3.0/lib/../lib64/:/rds/bear-apps/2022a/EL8-ice/software/binutils/2.38-GCCcore-11.3.0/lib/../lib64/:/rds/bear-apps/2022a/EL8-ice/software/zlib/1.2.12-GCCcore-11.3.0/lib/../lib64/:/rds/bear-apps/2022a/EL8-ice/software/GCCcore/11.3.0/lib/gcc/x86_64-pc-linux-gnu/11.3.0/:/rds/bear-apps/2022a/EL8-ice/software/GCCcore/11.3.0/lib/gcc/x86_64-pc-linux-gnu/11.3.0/../../../../lib64/:/lib/../lib64/:/usr/lib/../lib64/:/rds/bear-apps/2022a/EL8-ice/software/libarchive/3.6.1-GCCcore-11.3.0/lib/:/rds/bear-apps/2022a/EL8-ice/software/Geant4/11.1.2-GCC-11.3.0/lib/:/rds/bear-apps/2022a/EL8-ice/software/Qt5/5.15.5-GCCcore-11.3.0/lib/:/rds/bear-apps/2022a/EL8-ice/software/nodejs/16.15.1-GCCcore-11.3.0/lib/:/rds/bear-apps/2022a/EL8-ice/software/ICU/71.1-GCCcore-11.3.0/lib/:/rds/bear-apps/2022a/EL8-ice/software/bzip2/1.0.8-GCCcore-11.3.0/lib/:/rds/bear-apps/2022a/EL8-ice/software/JasPer/2.0.33-GCCcore-11.3.0/lib/:/rds/bear-apps/2022a/EL8-ice/software/snappy/1.1.9-GCCcore-11.3.0/lib/:/rds/bear-apps/2022a/EL8-ice/software/NSS/3.79-GCCcore-11.3.0/lib/:/rds/bear-apps/2022a/EL8-ice/software/NSPR/4.34-GCCcore-11.3.0/lib/:/rds/bear-apps/2022a/EL8-ice/software/libjpeg-turbo/2.1.3-GCCcore-11.3.0/lib/:/rds/bear-apps/2022a/EL8-ice/software/libGLU/9.0.2-GCCcore-11.3.0/lib/:/rds/bear-apps/2022a/EL8-ice/software/Mesa/22.0.3-GCCcore-11.3.0/lib/:/rds/bear-apps/2022a/EL8-ice/software/LLVM/12.0.1-GCCcore-11.3.0/lib/:/rds/bear-apps/2022a/EL8-ice/software/libunwind/1.6.2-GCCcore-11.3.0/lib/:/rds/bear-apps/2022a/EL8-ice/software/libglvnd/1.4.0-GCCcore-11.3.0/lib/:/rds/bear-apps/2022a/EL8-ice/software/libdrm/2.4.110-GCCcore-11.3.0/lib/:/rds/bear-apps/2022a/EL8-ice/software/zstd/1.5.2-GCCcore-11.3.0/lib/:/rds/bear-apps/2022a/EL8-ice/software/lz4/1.9.3-GCCcore-11.3.0/lib/:/rds/bear-apps/2022a/EL8-ice/software/libevent/2.1.12-GCCcore-11.3.0/lib/:/rds/bear-apps/2022a/EL8-ice/software/DBus/1.14.0-GCCcore-11.3.0/lib/:/rds/bear-apps/2022a/EL8-ice/software/fontconfig/2.14.0-GCCcore-11.3.0/lib/:/rds/bear-apps/2022a/EL8-ice/software/X11/20220504-GCCcore-11.3.0/lib/:/rds/bear-apps/2022a/EL8-ice/software/graphite2/1.3.14-GCCcore-11.3.0/lib/:/rds/bear-apps/2022a/EL8-ice/software/HarfBuzz/4.2.1-GCCcore-11.3.0/lib/:/rds/bear-apps/2022a/EL8-ice/software/freetype/2.12.1-GCCcore-11.3.0/lib/:/rds/bear-apps/2022a/EL8-ice/software/cairo/1.17.4-GCCcore-11.3.0/lib/:/rds/bear-apps/2022a/EL8-ice/software/libpciaccess/0.16-GCCcore-11.3.0/lib/:/rds/bear-apps/2022a/EL8-ice/software/pixman/0.40.0-GCCcore-11.3.0/lib/:/rds/bear-apps/2022a/EL8-ice/software/Brotli/1.0.9-GCCcore-11.3.0/lib/:/rds/bear-apps/2022a/EL8-ice/software/libpng/1.6.37-GCCcore-11.3.0/lib/:/rds/bear-apps/2022a/EL8-ice/software/PCRE2/10.40-GCCcore-11.3.0/lib/:/rds/bear-apps/2022a/EL8-ice/software/GLib/2.72.1-GCCcore-11.3.0/lib/:/rds/bear-apps/2022a/EL8-ice/software/util-linux/2.38-GCCcore-11.3.0/lib/:/rds/bear-apps/2022a/EL8-ice/software/PCRE/8.45-GCCcore-11.3.0/lib/:/rds/bear-apps/2022a/EL8-ice/software/libxml2/2.9.13-GCCcore-11.3.0/lib/:/rds/bear-apps/2022a/EL8-ice/software/gettext/0.21-GCCcore-11.3.0/lib/:/rds/bear-apps/2022a/EL8-ice/software/ncurses/6.3-GCCcore-11.3.0/lib/:/rds/bear-apps/2022a/EL8-ice/software/XZ/5.2.5-GCCcore-11.3.0/lib/:/rds/bear-apps/2022a/EL8-ice/software/libffi/3.4.2-GCCcore-11.3.0/lib64/:/rds/bear-apps/2022a/EL8-ice/software/libffi/3.4.2-GCCcore-11.3.0/lib/:/rds/bear-apps/2022a/EL8-ice/software/double-conversion/3.2.0-GCCcore-11.3.0/lib/:/rds/bear-apps/2022a/EL8-ice/software/Xerces-C++/3.2.4-GCCcore-11.3.0/lib/:/rds/bear-apps/2022a/EL8-ice/software/cURL/7.83.0-GCCcore-11.3.0/lib/:/rds/bear-apps/2022a/EL8-ice/software/OpenSSL/1.1/lib/:/rds/bear-apps/2022a/EL8-ice/software/CLHEP/2.4.6.2-GCC-11.3.0/lib/:/rds/bear-apps/2022a/EL8-ice/software/expat/2.4.8-GCCcore-11.3.0/lib/:/rds/bear-apps/2022a/EL8-ice/software/binutils/2.38-GCCcore-11.3.0/lib/:/rds/bear-apps/2022a/EL8-ice/software/zlib/1.2.12-GCCcore-11.3.0/lib/:/rds/bear-apps/2022a/EL8-ice/software/GCCcore/11.3.0/lib/gcc/x86_64-pc-linux-gnu/11.3.0/../../../:/lib/:/usr/lib/]
  ignore line: [COLLECT_GCC_OPTIONS='-v' '-o' 'cmTC_ae63b' '-shared-libgcc' '-mtune=generic' '-march=x86-64' '-dumpdir' 'cmTC_ae63b.']
  link line: [ /rds/bear-apps/2022a/EL8-ice/software/GCCcore/11.3.0/libexec/gcc/x86_64-pc-linux-gnu/11.3.0/collect2 -plugin /rds/bear-apps/2022a/EL8-ice/software/GCCcore/11.3.0/libexec/gcc/x86_64-pc-linux-gnu/11.3.0/liblto_plugin.so -plugin-opt=/rds/bear-apps/2022a/EL8-ice/software/GCCcore/11.3.0/libexec/gcc/x86_64-pc-linux-gnu/11.3.0/lto-wrapper -plugin-opt=-fresolution=/tmp/ccjhq4Jm.res -plugin-opt=-pass-through=-lgcc_s -plugin-opt=-pass-through=-lgcc -plugin-opt=-pass-through=-lc -plugin-opt=-pass-through=-lgcc_s -plugin-opt=-pass-through=-lgcc --eh-frame-hdr -m elf_x86_64 -dynamic-linker /lib64/ld-linux-x86-64.so.2 -o cmTC_ae63b /lib/../lib64/crt1.o /lib/../lib64/crti.o /rds/bear-apps/2022a/EL8-ice/software/GCCcore/11.3.0/lib/gcc/x86_64-pc-linux-gnu/11.3.0/crtbegin.o -L/rds/bear-apps/2022a/EL8-ice/software/libarchive/3.6.1-GCCcore-11.3.0/lib/../lib64 -L/rds/bear-apps/2022a/EL8-ice/software/Geant4/11.1.2-GCC-11.3.0/lib/../lib64 -L/rds/bear-apps/2022a/EL8-ice/software/Qt5/5.15.5-GCCcore-11.3.0/lib/../lib64 -L/rds/bear-apps/2022a/EL8-ice/software/nodejs/16.15.1-GCCcore-11.3.0/lib/../lib64 -L/rds/bear-apps/2022a/EL8-ice/software/ICU/71.1-GCCcore-11.3.0/lib/../lib64 -L/rds/bear-apps/2022a/EL8-ice/software/bzip2/1.0.8-GCCcore-11.3.0/lib/../lib64 -L/rds/bear-apps/2022a/EL8-ice/software/JasPer/2.0.33-GCCcore-11.3.0/lib/../lib64 -L/rds/bear-apps/2022a/EL8-ice/software/snappy/1.1.9-GCCcore-11.3.0/lib/../lib64 -L/rds/bear-apps/2022a/EL8-ice/software/NSS/3.79-GCCcore-11.3.0/lib/../lib64 -L/rds/bear-apps/2022a/EL8-ice/software/NSPR/4.34-GCCcore-11.3.0/lib/../lib64 -L/rds/bear-apps/2022a/EL8-ice/software/libjpeg-turbo/2.1.3-GCCcore-11.3.0/lib/../lib64 -L/rds/bear-apps/2022a/EL8-ice/software/libGLU/9.0.2-GCCcore-11.3.0/lib/../lib64 -L/rds/bear-apps/2022a/EL8-ice/software/Mesa/22.0.3-GCCcore-11.3.0/lib/../lib64 -L/rds/bear-apps/2022a/EL8-ice/software/LLVM/12.0.1-GCCcore-11.3.0/lib/../lib64 -L/rds/bear-apps/2022a/EL8-ice/software/libunwind/1.6.2-GCCcore-11.3.0/lib/../lib64 -L/rds/bear-apps/2022a/EL8-ice/software/libglvnd/1.4.0-GCCcore-11.3.0/lib/../lib64 -L/rds/bear-apps/2022a/EL8-ice/software/libdrm/2.4.110-GCCcore-11.3.0/lib/../lib64 -L/rds/bear-apps/2022a/EL8-ice/software/zstd/1.5.2-GCCcore-11.3.0/lib/../lib64 -L/rds/bear-apps/2022a/EL8-ice/software/lz4/1.9.3-GCCcore-11.3.0/lib/../lib64 -L/rds/bear-apps/2022a/EL8-ice/software/libevent/2.1.12-GCCcore-11.3.0/lib/../lib64 -L/rds/bear-apps/2022a/EL8-ice/software/DBus/1.14.0-GCCcore-11.3.0/lib/../lib64 -L/rds/bear-apps/2022a/EL8-ice/software/fontconfig/2.14.0-GCCcore-11.3.0/lib/../lib64 -L/rds/bear-apps/2022a/EL8-ice/software/X11/20220504-GCCcore-11.3.0/lib/../lib64 -L/rds/bear-apps/2022a/EL8-ice/software/graphite2/1.3.14-GCCcore-11.3.0/lib/../lib64 -L/rds/bear-apps/2022a/EL8-ice/software/HarfBuzz/4.2.1-GCCcore-11.3.0/lib/../lib64 -L/rds/bear-apps/2022a/EL8-ice/software/freetype/2.12.1-GCCcore-11.3.0/lib/../lib64 -L/rds/bear-apps/2022a/EL8-ice/software/cairo/1.17.4-GCCcore-11.3.0/lib/../lib64 -L/rds/bear-apps/2022a/EL8-ice/software/libpciaccess/0.16-GCCcore-11.3.0/lib/../lib64 -L/rds/bear-apps/2022a/EL8-ice/software/pixman/0.40.0-GCCcore-11.3.0/lib/../lib64 -L/rds/bear-apps/2022a/EL8-ice/software/Brotli/1.0.9-GCCcore-11.3.0/lib/../lib64 -L/rds/bear-apps/2022a/EL8-ice/software/libpng/1.6.37-GCCcore-11.3.0/lib/../lib64 -L/rds/bear-apps/2022a/EL8-ice/software/PCRE2/10.40-GCCcore-11.3.0/lib/../lib64 -L/rds/bear-apps/2022a/EL8-ice/software/GLib/2.72.1-GCCcore-11.3.0/lib/../lib64 -L/rds/bear-apps/2022a/EL8-ice/software/util-linux/2.38-GCCcore-11.3.0/lib/../lib64 -L/rds/bear-apps/2022a/EL8-ice/software/PCRE/8.45-GCCcore-11.3.0/lib/../lib64 -L/rds/bear-apps/2022a/EL8-ice/software/libxml2/2.9.13-GCCcore-11.3.0/lib/../lib64 -L/rds/bear-apps/2022a/EL8-ice/software/gettext/0.21-GCCcore-11.3.0/lib/../lib64 -L/rds/bear-apps/2022a/EL8-ice/software/ncurses/6.3-GCCcore-11.3.0/lib/../lib64 -L/rds/bear-apps/2022a/EL8-ice/software/XZ/5.2.5-GCCcore-11.3.0/lib/../lib64 -L/rds/bear-apps/2022a/EL8-ice/software/libffi/3.4.2-GCCcore-11.3.0/lib64/../lib64 -L/rds/bear-apps/2022a/EL8-ice/software/libffi/3.4.2-GCCcore-11.3.0/lib/../lib64 -L/rds/bear-apps/2022a/EL8-ice/software/double-conversion/3.2.0-GCCcore-11.3.0/lib/../lib64 -L/rds/bear-apps/2022a/EL8-ice/software/Xerces-C++/3.2.4-GCCcore-11.3.0/lib/../lib64 -L/rds/bear-apps/2022a/EL8-ice/software/cURL/7.83.0-GCCcore-11.3.0/lib/../lib64 -L/rds/bear-apps/2022a/EL8-ice/software/OpenSSL/1.1/lib/../lib64 -L/rds/bear-apps/2022a/EL8-ice/software/CLHEP/2.4.6.2-GCC-11.3.0/lib/../lib64 -L/rds/bear-apps/2022a/EL8-ice/software/expat/2.4.8-GCCcore-11.3.0/lib/../lib64 -L/rds/bear-apps/2022a/EL8-ice/software/binutils/2.38-GCCcore-11.3.0/lib/../lib64 -L/rds/bear-apps/2022a/EL8-ice/software/zlib/1.2.12-GCCcore-11.3.0/lib/../lib64 -L/rds/bear-apps/2022a/EL8-ice/software/GCCcore/11.3.0/lib/gcc/x86_64-pc-linux-gnu/11.3.0 -L/rds/bear-apps/2022a/EL8-ice/software/GCCcore/11.3.0/lib/gcc/x86_64-pc-linux-gnu/11.3.0/../../../../lib64 -L/lib/../lib64 -L/usr/lib/../lib64 -L/rds/bear-apps/2022a/EL8-ice/software/libarchive/3.6.1-GCCcore-11.3.0/lib -L/rds/bear-apps/2022a/EL8-ice/software/Geant4/11.1.2-GCC-11.3.0/lib -L/rds/bear-apps/2022a/EL8-ice/software/Qt5/5.15.5-GCCcore-11.3.0/lib -L/rds/bear-apps/2022a/EL8-ice/software/nodejs/16.15.1-GCCcore-11.3.0/lib -L/rds/bear-apps/2022a/EL8-ice/software/ICU/71.1-GCCcore-11.3.0/lib -L/rds/bear-apps/2022a/EL8-ice/software/bzip2/1.0.8-GCCcore-11.3.0/lib -L/rds/bear-apps/2022a/EL8-ice/software/JasPer/2.0.33-GCCcore-11.3.0/lib -L/rds/bear-apps/2022a/EL8-ice/software/snappy/1.1.9-GCCcore-11.3.0/lib -L/rds/bear-apps/2022a/EL8-ice/software/NSS/3.79-GCCcore-11.3.0/lib -L/rds/bear-apps/2022a/EL8-ice/software/NSPR/4.34-GCCcore-11.3.0/lib -L/rds/bear-apps/2022a/EL8-ice/software/libjpeg-turbo/2.1.3-GCCcore-11.3.0/lib -L/rds/bear-apps/2022a/EL8-ice/software/libGLU/9.0.2-GCCcore-11.3.0/lib -L/rds/bear-apps/2022a/EL8-ice/software/Mesa/22.0.3-GCCcore-11.3.0/lib -L/rds/bear-apps/2022a/EL8-ice/software/LLVM/12.0.1-GCCcore-11.3.0/lib -L/rds/bear-apps/2022a/EL8-ice/software/libunwind/1.6.2-GCCcore-11.3.0/lib -L/rds/bear-apps/2022a/EL8-ice/software/libglvnd/1.4.0-GCCcore-11.3.0/lib -L/rds/bear-apps/2022a/EL8-ice/software/libdrm/2.4.110-GCCcore-11.3.0/lib -L/rds/bear-apps/2022a/EL8-ice/software/zstd/1.5.2-GCCcore-11.3.0/lib -L/rds/bear-apps/2022a/EL8-ice/software/lz4/1.9.3-GCCcore-11.3.0/lib -L/rds/bear-apps/2022a/EL8-ice/software/libevent/2.1.12-GCCcore-11.3.0/lib -L/rds/bear-apps/2022a/EL8-ice/software/DBus/1.14.0-GCCcore-11.3.0/lib -L/rds/bear-apps/2022a/EL8-ice/software/fontconfig/2.14.0-GCCcore-11.3.0/lib -L/rds/bear-apps/2022a/EL8-ice/software/X11/20220504-GCCcore-11.3.0/lib -L/rds/bear-apps/2022a/EL8-ice/software/graphite2/1.3.14-GCCcore-11.3.0/lib -L/rds/bear-apps/2022a/EL8-ice/software/HarfBuzz/4.2.1-GCCcore-11.3.0/lib -L/rds/bear-apps/2022a/EL8-ice/software/freetype/2.12.1-GCCcore-11.3.0/lib -L/rds/bear-apps/2022a/EL8-ice/software/cairo/1.17.4-GCCcore-11.3.0/lib -L/rds/bear-apps/2022a/EL8-ice/software/libpciaccess/0.16-GCCcore-11.3.0/lib -L/rds/bear-apps/2022a/EL8-ice/software/pixman/0.40.0-GCCcore-11.3.0/lib -L/rds/bear-apps/2022a/EL8-ice/software/Brotli/1.0.9-GCCcore-11.3.0/lib -L/rds/bear-apps/2022a/EL8-ice/software/libpng/1.6.37-GCCcore-11.3.0/lib -L/rds/bear-apps/2022a/EL8-ice/software/PCRE2/10.40-GCCcore-11.3.0/lib -L/rds/bear-apps/2022a/EL8-ice/software/GLib/2.72.1-GCCcore-11.3.0/lib -L/rds/bear-apps/2022a/EL8-ice/software/util-linux/2.38-GCCcore-11.3.0/lib -L/rds/bear-apps/2022a/EL8-ice/software/PCRE/8.45-GCCcore-11.3.0/lib -L/rds/bear-apps/2022a/EL8-ice/software/libxml2/2.9.13-GCCcore-11.3.0/lib -L/rds/bear-apps/2022a/EL8-ice/software/gettext/0.21-GCCcore-11.3.0/lib -L/rds/bear-apps/2022a/EL8-ice/software/ncurses/6.3-GCCcore-11.3.0/lib -L/rds/bear-apps/2022a/EL8-ice/software/XZ/5.2.5-GCCcore-11.3.0/lib -L/rds/bear-apps/2022a/EL8-ice/software/libffi/3.4.2-GCCcore-11.3.0/lib64 -L/rds/bear-apps/2022a/EL8-ice/software/libffi/3.4.2-GCCcore-11.3.0/lib -L/rds/bear-apps/2022a/EL8-ice/software/double-conversion/3.2.0-GCCcore-11.3.0/lib -L/rds/bear-apps/2022a/EL8-ice/software/Xerces-C++/3.2.4-GCCcore-11.3.0/lib -L/rds/bear-apps/2022a/EL8-ice/software/cURL/7.83.0-GCCcore-11.3.0/lib -L/rds/bear-apps/2022a/EL8-ice/software/OpenSSL/1.1/lib -L/rds/bear-apps/2022a/EL8-ice/software/CLHEP/2.4.6.2-GCC-11.3.0/lib -L/rds/bear-apps/2022a/EL8-ice/software/expat/2.4.8-GCCcore-11.3.0/lib -L/rds/bear-apps/2022a/EL8-ice/software/binutils/2.38-GCCcore-11.3.0/lib -L/rds/bear-apps/2022a/EL8-ice/software/zlib/1.2.12-GCCcore-11.3.0/lib -L/rds/bear-apps/2022a/EL8-ice/software/GCCcore/11.3.0/lib/gcc/x86_64-pc-linux-gnu/11.3.0/../../.. CMakeFiles/cmTC_ae63b.dir/CMakeCXXCompilerABI.cpp.o -lstdc++ -lm -lgcc_s -lgcc -lc -lgcc_s -lgcc /rds/bear-apps/2022a/EL8-ice/software/GCCcore/11.3.0/lib/gcc/x86_64-pc-linux-gnu/11.3.0/crtend.o /lib/../lib64/crtn.o]
    arg [/rds/bear-apps/2022a/EL8-ice/software/GCCcore/11.3.0/libexec/gcc/x86_64-pc-linux-gnu/11.3.0/collect2] ==> ignore
    arg [-plugin] ==> ignore
    arg [/rds/bear-apps/2022a/EL8-ice/software/GCCcore/11.3.0/libexec/gcc/x86_64-pc-linux-gnu/11.3.0/liblto_plugin.so] ==> ignore
    arg [-plugin-opt=/rds/bear-apps/2022a/EL8-ice/software/GCCcore/11.3.0/libexec/gcc/x86_64-pc-linux-gnu/11.3.0/lto-wrapper] ==> ignore
    arg [-plugin-opt=-fresolution=/tmp/ccjhq4Jm.res] ==> ignore
    arg [-plugin-opt=-pass-through=-lgcc_s] ==> ignore
    arg [-plugin-opt=-pass-through=-lgcc] ==> ignore
    arg [-plugin-opt=-pass-through=-lc] ==> ignore
    arg [-plugin-opt=-pass-through=-lgcc_s] ==> ignore
    arg [-plugin-opt=-pass-through=-lgcc] ==> ignore
    arg [--eh-frame-hdr] ==> ignore
    arg [-m] ==> ignore
    arg [elf_x86_64] ==> ignore
    arg [-dynamic-linker] ==> ignore
    arg [/lib64/ld-linux-x86-64.so.2] ==> ignore
    arg [-o] ==> ignore
    arg [cmTC_ae63b] ==> ignore
    arg [/lib/../lib64/crt1.o] ==> obj [/lib/../lib64/crt1.o]
    arg [/lib/../lib64/crti.o] ==> obj [/lib/../lib64/crti.o]
    arg [/rds/bear-apps/2022a/EL8-ice/software/GCCcore/11.3.0/lib/gcc/x86_64-pc-linux-gnu/11.3.0/crtbegin.o] ==> obj [/rds/bear-apps/2022a/EL8-ice/software/GCCcore/11.3.0/lib/gcc/x86_64-pc-linux-gnu/11.3.0/crtbegin.o]
    arg [-L/rds/bear-apps/2022a/EL8-ice/software/libarchive/3.6.1-GCCcore-11.3.0/lib/../lib64] ==> dir [/rds/bear-apps/2022a/EL8-ice/software/libarchive/3.6.1-GCCcore-11.3.0/lib/../lib64]
    arg [-L/rds/bear-apps/2022a/EL8-ice/software/Geant4/11.1.2-GCC-11.3.0/lib/../lib64] ==> dir [/rds/bear-apps/2022a/EL8-ice/software/Geant4/11.1.2-GCC-11.3.0/lib/../lib64]
    arg [-L/rds/bear-apps/2022a/EL8-ice/software/Qt5/5.15.5-GCCcore-11.3.0/lib/../lib64] ==> dir [/rds/bear-apps/2022a/EL8-ice/software/Qt5/5.15.5-GCCcore-11.3.0/lib/../lib64]
    arg [-L/rds/bear-apps/2022a/EL8-ice/software/nodejs/16.15.1-GCCcore-11.3.0/lib/../lib64] ==> dir [/rds/bear-apps/2022a/EL8-ice/software/nodejs/16.15.1-GCCcore-11.3.0/lib/../lib64]
    arg [-L/rds/bear-apps/2022a/EL8-ice/software/ICU/71.1-GCCcore-11.3.0/lib/../lib64] ==> dir [/rds/bear-apps/2022a/EL8-ice/software/ICU/71.1-GCCcore-11.3.0/lib/../lib64]
    arg [-L/rds/bear-apps/2022a/EL8-ice/software/bzip2/1.0.8-GCCcore-11.3.0/lib/../lib64] ==> dir [/rds/bear-apps/2022a/EL8-ice/software/bzip2/1.0.8-GCCcore-11.3.0/lib/../lib64]
    arg [-L/rds/bear-apps/2022a/EL8-ice/software/JasPer/2.0.33-GCCcore-11.3.0/lib/../lib64] ==> dir [/rds/bear-apps/2022a/EL8-ice/software/JasPer/2.0.33-GCCcore-11.3.0/lib/../lib64]
    arg [-L/rds/bear-apps/2022a/EL8-ice/software/snappy/1.1.9-GCCcore-11.3.0/lib/../lib64] ==> dir [/rds/bear-apps/2022a/EL8-ice/software/snappy/1.1.9-GCCcore-11.3.0/lib/../lib64]
    arg [-L/rds/bear-apps/2022a/EL8-ice/software/NSS/3.79-GCCcore-11.3.0/lib/../lib64] ==> dir [/rds/bear-apps/2022a/EL8-ice/software/NSS/3.79-GCCcore-11.3.0/lib/../lib64]
    arg [-L/rds/bear-apps/2022a/EL8-ice/software/NSPR/4.34-GCCcore-11.3.0/lib/../lib64] ==> dir [/rds/bear-apps/2022a/EL8-ice/software/NSPR/4.34-GCCcore-11.3.0/lib/../lib64]
    arg [-L/rds/bear-apps/2022a/EL8-ice/software/libjpeg-turbo/2.1.3-GCCcore-11.3.0/lib/../lib64] ==> dir [/rds/bear-apps/2022a/EL8-ice/software/libjpeg-turbo/2.1.3-GCCcore-11.3.0/lib/../lib64]
    arg [-L/rds/bear-apps/2022a/EL8-ice/software/libGLU/9.0.2-GCCcore-11.3.0/lib/../lib64] ==> dir [/rds/bear-apps/2022a/EL8-ice/software/libGLU/9.0.2-GCCcore-11.3.0/lib/../lib64]
    arg [-L/rds/bear-apps/2022a/EL8-ice/software/Mesa/22.0.3-GCCcore-11.3.0/lib/../lib64] ==> dir [/rds/bear-apps/2022a/EL8-ice/software/Mesa/22.0.3-GCCcore-11.3.0/lib/../lib64]
    arg [-L/rds/bear-apps/2022a/EL8-ice/software/LLVM/12.0.1-GCCcore-11.3.0/lib/../lib64] ==> dir [/rds/bear-apps/2022a/EL8-ice/software/LLVM/12.0.1-GCCcore-11.3.0/lib/../lib64]
    arg [-L/rds/bear-apps/2022a/EL8-ice/software/libunwind/1.6.2-GCCcore-11.3.0/lib/../lib64] ==> dir [/rds/bear-apps/2022a/EL8-ice/software/libunwind/1.6.2-GCCcore-11.3.0/lib/../lib64]
    arg [-L/rds/bear-apps/2022a/EL8-ice/software/libglvnd/1.4.0-GCCcore-11.3.0/lib/../lib64] ==> dir [/rds/bear-apps/2022a/EL8-ice/software/libglvnd/1.4.0-GCCcore-11.3.0/lib/../lib64]
    arg [-L/rds/bear-apps/2022a/EL8-ice/software/libdrm/2.4.110-GCCcore-11.3.0/lib/../lib64] ==> dir [/rds/bear-apps/2022a/EL8-ice/software/libdrm/2.4.110-GCCcore-11.3.0/lib/../lib64]
    arg [-L/rds/bear-apps/2022a/EL8-ice/software/zstd/1.5.2-GCCcore-11.3.0/lib/../lib64] ==> dir [/rds/bear-apps/2022a/EL8-ice/software/zstd/1.5.2-GCCcore-11.3.0/lib/../lib64]
    arg [-L/rds/bear-apps/2022a/EL8-ice/software/lz4/1.9.3-GCCcore-11.3.0/lib/../lib64] ==> dir [/rds/bear-apps/2022a/EL8-ice/software/lz4/1.9.3-GCCcore-11.3.0/lib/../lib64]
    arg [-L/rds/bear-apps/2022a/EL8-ice/software/libevent/2.1.12-GCCcore-11.3.0/lib/../lib64] ==> dir [/rds/bear-apps/2022a/EL8-ice/software/libevent/2.1.12-GCCcore-11.3.0/lib/../lib64]
    arg [-L/rds/bear-apps/2022a/EL8-ice/software/DBus/1.14.0-GCCcore-11.3.0/lib/../lib64] ==> dir [/rds/bear-apps/2022a/EL8-ice/software/DBus/1.14.0-GCCcore-11.3.0/lib/../lib64]
    arg [-L/rds/bear-apps/2022a/EL8-ice/software/fontconfig/2.14.0-GCCcore-11.3.0/lib/../lib64] ==> dir [/rds/bear-apps/2022a/EL8-ice/software/fontconfig/2.14.0-GCCcore-11.3.0/lib/../lib64]
    arg [-L/rds/bear-apps/2022a/EL8-ice/software/X11/20220504-GCCcore-11.3.0/lib/../lib64] ==> dir [/rds/bear-apps/2022a/EL8-ice/software/X11/20220504-GCCcore-11.3.0/lib/../lib64]
    arg [-L/rds/bear-apps/2022a/EL8-ice/software/graphite2/1.3.14-GCCcore-11.3.0/lib/../lib64] ==> dir [/rds/bear-apps/2022a/EL8-ice/software/graphite2/1.3.14-GCCcore-11.3.0/lib/../lib64]
    arg [-L/rds/bear-apps/2022a/EL8-ice/software/HarfBuzz/4.2.1-GCCcore-11.3.0/lib/../lib64] ==> dir [/rds/bear-apps/2022a/EL8-ice/software/HarfBuzz/4.2.1-GCCcore-11.3.0/lib/../lib64]
    arg [-L/rds/bear-apps/2022a/EL8-ice/software/freetype/2.12.1-GCCcore-11.3.0/lib/../lib64] ==> dir [/rds/bear-apps/2022a/EL8-ice/software/freetype/2.12.1-GCCcore-11.3.0/lib/../lib64]
    arg [-L/rds/bear-apps/2022a/EL8-ice/software/cairo/1.17.4-GCCcore-11.3.0/lib/../lib64] ==> dir [/rds/bear-apps/2022a/EL8-ice/software/cairo/1.17.4-GCCcore-11.3.0/lib/../lib64]
    arg [-L/rds/bear-apps/2022a/EL8-ice/software/libpciaccess/0.16-GCCcore-11.3.0/lib/../lib64] ==> dir [/rds/bear-apps/2022a/EL8-ice/software/libpciaccess/0.16-GCCcore-11.3.0/lib/../lib64]
    arg [-L/rds/bear-apps/2022a/EL8-ice/software/pixman/0.40.0-GCCcore-11.3.0/lib/../lib64] ==> dir [/rds/bear-apps/2022a/EL8-ice/software/pixman/0.40.0-GCCcore-11.3.0/lib/../lib64]
    arg [-L/rds/bear-apps/2022a/EL8-ice/software/Brotli/1.0.9-GCCcore-11.3.0/lib/../lib64] ==> dir [/rds/bear-apps/2022a/EL8-ice/software/Brotli/1.0.9-GCCcore-11.3.0/lib/../lib64]
    arg [-L/rds/bear-apps/2022a/EL8-ice/software/libpng/1.6.37-GCCcore-11.3.0/lib/../lib64] ==> dir [/rds/bear-apps/2022a/EL8-ice/software/libpng/1.6.37-GCCcore-11.3.0/lib/../lib64]
    arg [-L/rds/bear-apps/2022a/EL8-ice/software/PCRE2/10.40-GCCcore-11.3.0/lib/../lib64] ==> dir [/rds/bear-apps/2022a/EL8-ice/software/PCRE2/10.40-GCCcore-11.3.0/lib/../lib64]
    arg [-L/rds/bear-apps/2022a/EL8-ice/software/GLib/2.72.1-GCCcore-11.3.0/lib/../lib64] ==> dir [/rds/bear-apps/2022a/EL8-ice/software/GLib/2.72.1-GCCcore-11.3.0/lib/../lib64]
    arg [-L/rds/bear-apps/2022a/EL8-ice/software/util-linux/2.38-GCCcore-11.3.0/lib/../lib64] ==> dir [/rds/bear-apps/2022a/EL8-ice/software/util-linux/2.38-GCCcore-11.3.0/lib/../lib64]
    arg [-L/rds/bear-apps/2022a/EL8-ice/software/PCRE/8.45-GCCcore-11.3.0/lib/../lib64] ==> dir [/rds/bear-apps/2022a/EL8-ice/software/PCRE/8.45-GCCcore-11.3.0/lib/../lib64]
    arg [-L/rds/bear-apps/2022a/EL8-ice/software/libxml2/2.9.13-GCCcore-11.3.0/lib/../lib64] ==> dir [/rds/bear-apps/2022a/EL8-ice/software/libxml2/2.9.13-GCCcore-11.3.0/lib/../lib64]
    arg [-L/rds/bear-apps/2022a/EL8-ice/software/gettext/0.21-GCCcore-11.3.0/lib/../lib64] ==> dir [/rds/bear-apps/2022a/EL8-ice/software/gettext/0.21-GCCcore-11.3.0/lib/../lib64]
    arg [-L/rds/bear-apps/2022a/EL8-ice/software/ncurses/6.3-GCCcore-11.3.0/lib/../lib64] ==> dir [/rds/bear-apps/2022a/EL8-ice/software/ncurses/6.3-GCCcore-11.3.0/lib/../lib64]
    arg [-L/rds/bear-apps/2022a/EL8-ice/software/XZ/5.2.5-GCCcore-11.3.0/lib/../lib64] ==> dir [/rds/bear-apps/2022a/EL8-ice/software/XZ/5.2.5-GCCcore-11.3.0/lib/../lib64]
    arg [-L/rds/bear-apps/2022a/EL8-ice/software/libffi/3.4.2-GCCcore-11.3.0/lib64/../lib64] ==> dir [/rds/bear-apps/2022a/EL8-ice/software/libffi/3.4.2-GCCcore-11.3.0/lib64/../lib64]
    arg [-L/rds/bear-apps/2022a/EL8-ice/software/libffi/3.4.2-GCCcore-11.3.0/lib/../lib64] ==> dir [/rds/bear-apps/2022a/EL8-ice/software/libffi/3.4.2-GCCcore-11.3.0/lib/../lib64]
    arg [-L/rds/bear-apps/2022a/EL8-ice/software/double-conversion/3.2.0-GCCcore-11.3.0/lib/../lib64] ==> dir [/rds/bear-apps/2022a/EL8-ice/software/double-conversion/3.2.0-GCCcore-11.3.0/lib/../lib64]
    arg [-L/rds/bear-apps/2022a/EL8-ice/software/Xerces-C++/3.2.4-GCCcore-11.3.0/lib/../lib64] ==> dir [/rds/bear-apps/2022a/EL8-ice/software/Xerces-C++/3.2.4-GCCcore-11.3.0/lib/../lib64]
    arg [-L/rds/bear-apps/2022a/EL8-ice/software/cURL/7.83.0-GCCcore-11.3.0/lib/../lib64] ==> dir [/rds/bear-apps/2022a/EL8-ice/software/cURL/7.83.0-GCCcore-11.3.0/lib/../lib64]
    arg [-L/rds/bear-apps/2022a/EL8-ice/software/OpenSSL/1.1/lib/../lib64] ==> dir [/rds/bear-apps/2022a/EL8-ice/software/OpenSSL/1.1/lib/../lib64]
    arg [-L/rds/bear-apps/2022a/EL8-ice/software/CLHEP/2.4.6.2-GCC-11.3.0/lib/../lib64] ==> dir [/rds/bear-apps/2022a/EL8-ice/software/CLHEP/2.4.6.2-GCC-11.3.0/lib/../lib64]
    arg [-L/rds/bear-apps/2022a/EL8-ice/software/expat/2.4.8-GCCcore-11.3.0/lib/../lib64] ==> dir [/rds/bear-apps/2022a/EL8-ice/software/expat/2.4.8-GCCcore-11.3.0/lib/../lib64]
    arg [-L/rds/bear-apps/2022a/EL8-ice/software/binutils/2.38-GCCcore-11.3.0/lib/../lib64] ==> dir [/rds/bear-apps/2022a/EL8-ice/software/binutils/2.38-GCCcore-11.3.0/lib/../lib64]
    arg [-L/rds/bear-apps/2022a/EL8-ice/software/zlib/1.2.12-GCCcore-11.3.0/lib/../lib64] ==> dir [/rds/bear-apps/2022a/EL8-ice/software/zlib/1.2.12-GCCcore-11.3.0/lib/../lib64]
    arg [-L/rds/bear-apps/2022a/EL8-ice/software/GCCcore/11.3.0/lib/gcc/x86_64-pc-linux-gnu/11.3.0] ==> dir [/rds/bear-apps/2022a/EL8-ice/software/GCCcore/11.3.0/lib/gcc/x86_64-pc-linux-gnu/11.3.0]
    arg [-L/rds/bear-apps/2022a/EL8-ice/software/GCCcore/11.3.0/lib/gcc/x86_64-pc-linux-gnu/11.3.0/../../../../lib64] ==> dir [/rds/bear-apps/2022a/EL8-ice/software/GCCcore/11.3.0/lib/gcc/x86_64-pc-linux-gnu/11.3.0/../../../../lib64]
    arg [-L/lib/../lib64] ==> dir [/lib/../lib64]
    arg [-L/usr/lib/../lib64] ==> dir [/usr/lib/../lib64]
    arg [-L/rds/bear-apps/2022a/EL8-ice/software/libarchive/3.6.1-GCCcore-11.3.0/lib] ==> dir [/rds/bear-apps/2022a/EL8-ice/software/libarchive/3.6.1-GCCcore-11.3.0/lib]
    arg [-L/rds/bear-apps/2022a/EL8-ice/software/Geant4/11.1.2-GCC-11.3.0/lib] ==> dir [/rds/bear-apps/2022a/EL8-ice/software/Geant4/11.1.2-GCC-11.3.0/lib]
    arg [-L/rds/bear-apps/2022a/EL8-ice/software/Qt5/5.15.5-GCCcore-11.3.0/lib] ==> dir [/rds/bear-apps/2022a/EL8-ice/software/Qt5/5.15.5-GCCcore-11.3.0/lib]
    arg [-L/rds/bear-apps/2022a/EL8-ice/software/nodejs/16.15.1-GCCcore-11.3.0/lib] ==> dir [/rds/bear-apps/2022a/EL8-ice/software/nodejs/16.15.1-GCCcore-11.3.0/lib]
    arg [-L/rds/bear-apps/2022a/EL8-ice/software/ICU/71.1-GCCcore-11.3.0/lib] ==> dir [/rds/bear-apps/2022a/EL8-ice/software/ICU/71.1-GCCcore-11.3.0/lib]
    arg [-L/rds/bear-apps/2022a/EL8-ice/software/bzip2/1.0.8-GCCcore-11.3.0/lib] ==> dir [/rds/bear-apps/2022a/EL8-ice/software/bzip2/1.0.8-GCCcore-11.3.0/lib]
    arg [-L/rds/bear-apps/2022a/EL8-ice/software/JasPer/2.0.33-GCCcore-11.3.0/lib] ==> dir [/rds/bear-apps/2022a/EL8-ice/software/JasPer/2.0.33-GCCcore-11.3.0/lib]
    arg [-L/rds/bear-apps/2022a/EL8-ice/software/snappy/1.1.9-GCCcore-11.3.0/lib] ==> dir [/rds/bear-apps/2022a/EL8-ice/software/snappy/1.1.9-GCCcore-11.3.0/lib]
    arg [-L/rds/bear-apps/2022a/EL8-ice/software/NSS/3.79-GCCcore-11.3.0/lib] ==> dir [/rds/bear-apps/2022a/EL8-ice/software/NSS/3.79-GCCcore-11.3.0/lib]
    arg [-L/rds/bear-apps/2022a/EL8-ice/software/NSPR/4.34-GCCcore-11.3.0/lib] ==> dir [/rds/bear-apps/2022a/EL8-ice/software/NSPR/4.34-GCCcore-11.3.0/lib]
    arg [-L/rds/bear-apps/2022a/EL8-ice/software/libjpeg-turbo/2.1.3-GCCcore-11.3.0/lib] ==> dir [/rds/bear-apps/2022a/EL8-ice/software/libjpeg-turbo/2.1.3-GCCcore-11.3.0/lib]
    arg [-L/rds/bear-apps/2022a/EL8-ice/software/libGLU/9.0.2-GCCcore-11.3.0/lib] ==> dir [/rds/bear-apps/2022a/EL8-ice/software/libGLU/9.0.2-GCCcore-11.3.0/lib]
    arg [-L/rds/bear-apps/2022a/EL8-ice/software/Mesa/22.0.3-GCCcore-11.3.0/lib] ==> dir [/rds/bear-apps/2022a/EL8-ice/software/Mesa/22.0.3-GCCcore-11.3.0/lib]
    arg [-L/rds/bear-apps/2022a/EL8-ice/software/LLVM/12.0.1-GCCcore-11.3.0/lib] ==> dir [/rds/bear-apps/2022a/EL8-ice/software/LLVM/12.0.1-GCCcore-11.3.0/lib]
    arg [-L/rds/bear-apps/2022a/EL8-ice/software/libunwind/1.6.2-GCCcore-11.3.0/lib] ==> dir [/rds/bear-apps/2022a/EL8-ice/software/libunwind/1.6.2-GCCcore-11.3.0/lib]
    arg [-L/rds/bear-apps/2022a/EL8-ice/software/libglvnd/1.4.0-GCCcore-11.3.0/lib] ==> dir [/rds/bear-apps/2022a/EL8-ice/software/libglvnd/1.4.0-GCCcore-11.3.0/lib]
    arg [-L/rds/bear-apps/2022a/EL8-ice/software/libdrm/2.4.110-GCCcore-11.3.0/lib] ==> dir [/rds/bear-apps/2022a/EL8-ice/software/libdrm/2.4.110-GCCcore-11.3.0/lib]
    arg [-L/rds/bear-apps/2022a/EL8-ice/software/zstd/1.5.2-GCCcore-11.3.0/lib] ==> dir [/rds/bear-apps/2022a/EL8-ice/software/zstd/1.5.2-GCCcore-11.3.0/lib]
    arg [-L/rds/bear-apps/2022a/EL8-ice/software/lz4/1.9.3-GCCcore-11.3.0/lib] ==> dir [/rds/bear-apps/2022a/EL8-ice/software/lz4/1.9.3-GCCcore-11.3.0/lib]
    arg [-L/rds/bear-apps/2022a/EL8-ice/software/libevent/2.1.12-GCCcore-11.3.0/lib] ==> dir [/rds/bear-apps/2022a/EL8-ice/software/libevent/2.1.12-GCCcore-11.3.0/lib]
    arg [-L/rds/bear-apps/2022a/EL8-ice/software/DBus/1.14.0-GCCcore-11.3.0/lib] ==> dir [/rds/bear-apps/2022a/EL8-ice/software/DBus/1.14.0-GCCcore-11.3.0/lib]
    arg [-L/rds/bear-apps/2022a/EL8-ice/software/fontconfig/2.14.0-GCCcore-11.3.0/lib] ==> dir [/rds/bear-apps/2022a/EL8-ice/software/fontconfig/2.14.0-GCCcore-11.3.0/lib]
    arg [-L/rds/bear-apps/2022a/EL8-ice/software/X11/20220504-GCCcore-11.3.0/lib] ==> dir [/rds/bear-apps/2022a/EL8-ice/software/X11/20220504-GCCcore-11.3.0/lib]
    arg [-L/rds/bear-apps/2022a/EL8-ice/software/graphite2/1.3.14-GCCcore-11.3.0/lib] ==> dir [/rds/bear-apps/2022a/EL8-ice/software/graphite2/1.3.14-GCCcore-11.3.0/lib]
    arg [-L/rds/bear-apps/2022a/EL8-ice/software/HarfBuzz/4.2.1-GCCcore-11.3.0/lib] ==> dir [/rds/bear-apps/2022a/EL8-ice/software/HarfBuzz/4.2.1-GCCcore-11.3.0/lib]
    arg [-L/rds/bear-apps/2022a/EL8-ice/software/freetype/2.12.1-GCCcore-11.3.0/lib] ==> dir [/rds/bear-apps/2022a/EL8-ice/software/freetype/2.12.1-GCCcore-11.3.0/lib]
    arg [-L/rds/bear-apps/2022a/EL8-ice/software/cairo/1.17.4-GCCcore-11.3.0/lib] ==> dir [/rds/bear-apps/2022a/EL8-ice/software/cairo/1.17.4-GCCcore-11.3.0/lib]
    arg [-L/rds/bear-apps/2022a/EL8-ice/software/libpciaccess/0.16-GCCcore-11.3.0/lib] ==> dir [/rds/bear-apps/2022a/EL8-ice/software/libpciaccess/0.16-GCCcore-11.3.0/lib]
    arg [-L/rds/bear-apps/2022a/EL8-ice/software/pixman/0.40.0-GCCcore-11.3.0/lib] ==> dir [/rds/bear-apps/2022a/EL8-ice/software/pixman/0.40.0-GCCcore-11.3.0/lib]
    arg [-L/rds/bear-apps/2022a/EL8-ice/software/Brotli/1.0.9-GCCcore-11.3.0/lib] ==> dir [/rds/bear-apps/2022a/EL8-ice/software/Brotli/1.0.9-GCCcore-11.3.0/lib]
    arg [-L/rds/bear-apps/2022a/EL8-ice/software/libpng/1.6.37-GCCcore-11.3.0/lib] ==> dir [/rds/bear-apps/2022a/EL8-ice/software/libpng/1.6.37-GCCcore-11.3.0/lib]
    arg [-L/rds/bear-apps/2022a/EL8-ice/software/PCRE2/10.40-GCCcore-11.3.0/lib] ==> dir [/rds/bear-apps/2022a/EL8-ice/software/PCRE2/10.40-GCCcore-11.3.0/lib]
    arg [-L/rds/bear-apps/2022a/EL8-ice/software/GLib/2.72.1-GCCcore-11.3.0/lib] ==> dir [/rds/bear-apps/2022a/EL8-ice/software/GLib/2.72.1-GCCcore-11.3.0/lib]
    arg [-L/rds/bear-apps/2022a/EL8-ice/software/util-linux/2.38-GCCcore-11.3.0/lib] ==> dir [/rds/bear-apps/2022a/EL8-ice/software/util-linux/2.38-GCCcore-11.3.0/lib]
    arg [-L/rds/bear-apps/2022a/EL8-ice/software/PCRE/8.45-GCCcore-11.3.0/lib] ==> dir [/rds/bear-apps/2022a/EL8-ice/software/PCRE/8.45-GCCcore-11.3.0/lib]
    arg [-L/rds/bear-apps/2022a/EL8-ice/software/libxml2/2.9.13-GCCcore-11.3.0/lib] ==> dir [/rds/bear-apps/2022a/EL8-ice/software/libxml2/2.9.13-GCCcore-11.3.0/lib]
    arg [-L/rds/bear-apps/2022a/EL8-ice/software/gettext/0.21-GCCcore-11.3.0/lib] ==> dir [/rds/bear-apps/2022a/EL8-ice/software/gettext/0.21-GCCcore-11.3.0/lib]
    arg [-L/rds/bear-apps/2022a/EL8-ice/software/ncurses/6.3-GCCcore-11.3.0/lib] ==> dir [/rds/bear-apps/2022a/EL8-ice/software/ncurses/6.3-GCCcore-11.3.0/lib]
    arg [-L/rds/bear-apps/2022a/EL8-ice/software/XZ/5.2.5-GCCcore-11.3.0/lib] ==> dir [/rds/bear-apps/2022a/EL8-ice/software/XZ/5.2.5-GCCcore-11.3.0/lib]
    arg [-L/rds/bear-apps/2022a/EL8-ice/software/libffi/3.4.2-GCCcore-11.3.0/lib64] ==> dir [/rds/bear-apps/2022a/EL8-ice/software/libffi/3.4.2-GCCcore-11.3.0/lib64]
    arg [-L/rds/bear-apps/2022a/EL8-ice/software/libffi/3.4.2-GCCcore-11.3.0/lib] ==> dir [/rds/bear-apps/2022a/EL8-ice/software/libffi/3.4.2-GCCcore-11.3.0/lib]
    arg [-L/rds/bear-apps/2022a/EL8-ice/software/double-conversion/3.2.0-GCCcore-11.3.0/lib] ==> dir [/rds/bear-apps/2022a/EL8-ice/software/double-conversion/3.2.0-GCCcore-11.3.0/lib]
    arg [-L/rds/bear-apps/2022a/EL8-ice/software/Xerces-C++/3.2.4-GCCcore-11.3.0/lib] ==> dir [/rds/bear-apps/2022a/EL8-ice/software/Xerces-C++/3.2.4-GCCcore-11.3.0/lib]
    arg [-L/rds/bear-apps/2022a/EL8-ice/software/cURL/7.83.0-GCCcore-11.3.0/lib] ==> dir [/rds/bear-apps/2022a/EL8-ice/software/cURL/7.83.0-GCCcore-11.3.0/lib]
    arg [-L/rds/bear-apps/2022a/EL8-ice/software/OpenSSL/1.1/lib] ==> dir [/rds/bear-apps/2022a/EL8-ice/software/OpenSSL/1.1/lib]
    arg [-L/rds/bear-apps/2022a/EL8-ice/software/CLHEP/2.4.6.2-GCC-11.3.0/lib] ==> dir [/rds/bear-apps/2022a/EL8-ice/software/CLHEP/2.4.6.2-GCC-11.3.0/lib]
    arg [-L/rds/bear-apps/2022a/EL8-ice/software/expat/2.4.8-GCCcore-11.3.0/lib] ==> dir [/rds/bear-apps/2022a/EL8-ice/software/expat/2.4.8-GCCcore-11.3.0/lib]
    arg [-L/rds/bear-apps/2022a/EL8-ice/software/binutils/2.38-GCCcore-11.3.0/lib] ==> dir [/rds/bear-apps/2022a/EL8-ice/software/binutils/2.38-GCCcore-11.3.0/lib]
    arg [-L/rds/bear-apps/2022a/EL8-ice/software/zlib/1.2.12-GCCcore-11.3.0/lib] ==> dir [/rds/bear-apps/2022a/EL8-ice/software/zlib/1.2.12-GCCcore-11.3.0/lib]
    arg [-L/rds/bear-apps/2022a/EL8-ice/software/GCCcore/11.3.0/lib/gcc/x86_64-pc-linux-gnu/11.3.0/../../..] ==> dir [/rds/bear-apps/2022a/EL8-ice/software/GCCcore/11.3.0/lib/gcc/x86_64-pc-linux-gnu/11.3.0/../../..]
    arg [CMakeFiles/cmTC_ae63b.dir/CMakeCXXCompilerABI.cpp.o] ==> ignore
    arg [-lstdc++] ==> lib [stdc++]
    arg [-lm] ==> lib [m]
    arg [-lgcc_s] ==> lib [gcc_s]
    arg [-lgcc] ==> lib [gcc]
    arg [-lc] ==> lib [c]
    arg [-lgcc_s] ==> lib [gcc_s]
    arg [-lgcc] ==> lib [gcc]
    arg [/rds/bear-apps/2022a/EL8-ice/software/GCCcore/11.3.0/lib/gcc/x86_64-pc-linux-gnu/11.3.0/crtend.o] ==> obj [/rds/bear-apps/2022a/EL8-ice/software/GCCcore/11.3.0/lib/gcc/x86_64-pc-linux-gnu/11.3.0/crtend.o]
    arg [/lib/../lib64/crtn.o] ==> obj [/lib/../lib64/crtn.o]
  collapse obj [/lib/../lib64/crt1.o] ==> [/lib64/crt1.o]
  collapse obj [/lib/../lib64/crti.o] ==> [/lib64/crti.o]
  collapse obj [/lib/../lib64/crtn.o] ==> [/lib64/crtn.o]
  collapse library dir [/rds/bear-apps/2022a/EL8-ice/software/libarchive/3.6.1-GCCcore-11.3.0/lib/../lib64] ==> [/rds/bear-apps/2022a/EL8-ice/software/libarchive/3.6.1-GCCcore-11.3.0/lib64]
  collapse library dir [/rds/bear-apps/2022a/EL8-ice/software/Geant4/11.1.2-GCC-11.3.0/lib/../lib64] ==> [/rds/bear-apps/2022a/EL8-ice/software/Geant4/11.1.2-GCC-11.3.0/lib64]
  collapse library dir [/rds/bear-apps/2022a/EL8-ice/software/Qt5/5.15.5-GCCcore-11.3.0/lib/../lib64] ==> [/rds/bear-apps/2022a/EL8-ice/software/Qt5/5.15.5-GCCcore-11.3.0/lib64]
  collapse library dir [/rds/bear-apps/2022a/EL8-ice/software/nodejs/16.15.1-GCCcore-11.3.0/lib/../lib64] ==> [/rds/bear-apps/2022a/EL8-ice/software/nodejs/16.15.1-GCCcore-11.3.0/lib64]
  collapse library dir [/rds/bear-apps/2022a/EL8-ice/software/ICU/71.1-GCCcore-11.3.0/lib/../lib64] ==> [/rds/bear-apps/2022a/EL8-ice/software/ICU/71.1-GCCcore-11.3.0/lib64]
  collapse library dir [/rds/bear-apps/2022a/EL8-ice/software/bzip2/1.0.8-GCCcore-11.3.0/lib/../lib64] ==> [/rds/bear-apps/2022a/EL8-ice/software/bzip2/1.0.8-GCCcore-11.3.0/lib64]
  collapse library dir [/rds/bear-apps/2022a/EL8-ice/software/JasPer/2.0.33-GCCcore-11.3.0/lib/../lib64] ==> [/rds/bear-apps/2022a/EL8-ice/software/JasPer/2.0.33-GCCcore-11.3.0/lib64]
  collapse library dir [/rds/bear-apps/2022a/EL8-ice/software/snappy/1.1.9-GCCcore-11.3.0/lib/../lib64] ==> [/rds/bear-apps/2022a/EL8-ice/software/snappy/1.1.9-GCCcore-11.3.0/lib64]
  collapse library dir [/rds/bear-apps/2022a/EL8-ice/software/NSS/3.79-GCCcore-11.3.0/lib/../lib64] ==> [/rds/bear-apps/2022a/EL8-ice/software/NSS/3.79-GCCcore-11.3.0/lib64]
  collapse library dir [/rds/bear-apps/2022a/EL8-ice/software/NSPR/4.34-GCCcore-11.3.0/lib/../lib64] ==> [/rds/bear-apps/2022a/EL8-ice/software/NSPR/4.34-GCCcore-11.3.0/lib64]
  collapse library dir [/rds/bear-apps/2022a/EL8-ice/software/libjpeg-turbo/2.1.3-GCCcore-11.3.0/lib/../lib64] ==> [/rds/bear-apps/2022a/EL8-ice/software/libjpeg-turbo/2.1.3-GCCcore-11.3.0/lib64]
  collapse library dir [/rds/bear-apps/2022a/EL8-ice/software/libGLU/9.0.2-GCCcore-11.3.0/lib/../lib64] ==> [/rds/bear-apps/2022a/EL8-ice/software/libGLU/9.0.2-GCCcore-11.3.0/lib64]
  collapse library dir [/rds/bear-apps/2022a/EL8-ice/software/Mesa/22.0.3-GCCcore-11.3.0/lib/../lib64] ==> [/rds/bear-apps/2022a/EL8-ice/software/Mesa/22.0.3-GCCcore-11.3.0/lib64]
  collapse library dir [/rds/bear-apps/2022a/EL8-ice/software/LLVM/12.0.1-GCCcore-11.3.0/lib/../lib64] ==> [/rds/bear-apps/2022a/EL8-ice/software/LLVM/12.0.1-GCCcore-11.3.0/lib64]
  collapse library dir [/rds/bear-apps/2022a/EL8-ice/software/libunwind/1.6.2-GCCcore-11.3.0/lib/../lib64] ==> [/rds/bear-apps/2022a/EL8-ice/software/libunwind/1.6.2-GCCcore-11.3.0/lib64]
  collapse library dir [/rds/bear-apps/2022a/EL8-ice/software/libglvnd/1.4.0-GCCcore-11.3.0/lib/../lib64] ==> [/rds/bear-apps/2022a/EL8-ice/software/libglvnd/1.4.0-GCCcore-11.3.0/lib64]
  collapse library dir [/rds/bear-apps/2022a/EL8-ice/software/libdrm/2.4.110-GCCcore-11.3.0/lib/../lib64] ==> [/rds/bear-apps/2022a/EL8-ice/software/libdrm/2.4.110-GCCcore-11.3.0/lib64]
  collapse library dir [/rds/bear-apps/2022a/EL8-ice/software/zstd/1.5.2-GCCcore-11.3.0/lib/../lib64] ==> [/rds/bear-apps/2022a/EL8-ice/software/zstd/1.5.2-GCCcore-11.3.0/lib64]
  collapse library dir [/rds/bear-apps/2022a/EL8-ice/software/lz4/1.9.3-GCCcore-11.3.0/lib/../lib64] ==> [/rds/bear-apps/2022a/EL8-ice/software/lz4/1.9.3-GCCcore-11.3.0/lib64]
  collapse library dir [/rds/bear-apps/2022a/EL8-ice/software/libevent/2.1.12-GCCcore-11.3.0/lib/../lib64] ==> [/rds/bear-apps/2022a/EL8-ice/software/libevent/2.1.12-GCCcore-11.3.0/lib64]
  collapse library dir [/rds/bear-apps/2022a/EL8-ice/software/DBus/1.14.0-GCCcore-11.3.0/lib/../lib64] ==> [/rds/bear-apps/2022a/EL8-ice/software/DBus/1.14.0-GCCcore-11.3.0/lib64]
  collapse library dir [/rds/bear-apps/2022a/EL8-ice/software/fontconfig/2.14.0-GCCcore-11.3.0/lib/../lib64] ==> [/rds/bear-apps/2022a/EL8-ice/software/fontconfig/2.14.0-GCCcore-11.3.0/lib64]
  collapse library dir [/rds/bear-apps/2022a/EL8-ice/software/X11/20220504-GCCcore-11.3.0/lib/../lib64] ==> [/rds/bear-apps/2022a/EL8-ice/software/X11/20220504-GCCcore-11.3.0/lib64]
  collapse library dir [/rds/bear-apps/2022a/EL8-ice/software/graphite2/1.3.14-GCCcore-11.3.0/lib/../lib64] ==> [/rds/bear-apps/2022a/EL8-ice/software/graphite2/1.3.14-GCCcore-11.3.0/lib64]
  collapse library dir [/rds/bear-apps/2022a/EL8-ice/software/HarfBuzz/4.2.1-GCCcore-11.3.0/lib/../lib64] ==> [/rds/bear-apps/2022a/EL8-ice/software/HarfBuzz/4.2.1-GCCcore-11.3.0/lib64]
  collapse library dir [/rds/bear-apps/2022a/EL8-ice/software/freetype/2.12.1-GCCcore-11.3.0/lib/../lib64] ==> [/rds/bear-apps/2022a/EL8-ice/software/freetype/2.12.1-GCCcore-11.3.0/lib64]
  collapse library dir [/rds/bear-apps/2022a/EL8-ice/software/cairo/1.17.4-GCCcore-11.3.0/lib/../lib64] ==> [/rds/bear-apps/2022a/EL8-ice/software/cairo/1.17.4-GCCcore-11.3.0/lib64]
  collapse library dir [/rds/bear-apps/2022a/EL8-ice/software/libpciaccess/0.16-GCCcore-11.3.0/lib/../lib64] ==> [/rds/bear-apps/2022a/EL8-ice/software/libpciaccess/0.16-GCCcore-11.3.0/lib64]
  collapse library dir [/rds/bear-apps/2022a/EL8-ice/software/pixman/0.40.0-GCCcore-11.3.0/lib/../lib64] ==> [/rds/bear-apps/2022a/EL8-ice/software/pixman/0.40.0-GCCcore-11.3.0/lib64]
  collapse library dir [/rds/bear-apps/2022a/EL8-ice/software/Brotli/1.0.9-GCCcore-11.3.0/lib/../lib64] ==> [/rds/bear-apps/2022a/EL8-ice/software/Brotli/1.0.9-GCCcore-11.3.0/lib64]
  collapse library dir [/rds/bear-apps/2022a/EL8-ice/software/libpng/1.6.37-GCCcore-11.3.0/lib/../lib64] ==> [/rds/bear-apps/2022a/EL8-ice/software/libpng/1.6.37-GCCcore-11.3.0/lib64]
  collapse library dir [/rds/bear-apps/2022a/EL8-ice/software/PCRE2/10.40-GCCcore-11.3.0/lib/../lib64] ==> [/rds/bear-apps/2022a/EL8-ice/software/PCRE2/10.40-GCCcore-11.3.0/lib64]
  collapse library dir [/rds/bear-apps/2022a/EL8-ice/software/GLib/2.72.1-GCCcore-11.3.0/lib/../lib64] ==> [/rds/bear-apps/2022a/EL8-ice/software/GLib/2.72.1-GCCcore-11.3.0/lib64]
  collapse library dir [/rds/bear-apps/2022a/EL8-ice/software/util-linux/2.38-GCCcore-11.3.0/lib/../lib64] ==> [/rds/bear-apps/2022a/EL8-ice/software/util-linux/2.38-GCCcore-11.3.0/lib64]
  collapse library dir [/rds/bear-apps/2022a/EL8-ice/software/PCRE/8.45-GCCcore-11.3.0/lib/../lib64] ==> [/rds/bear-apps/2022a/EL8-ice/software/PCRE/8.45-GCCcore-11.3.0/lib64]
  collapse library dir [/rds/bear-apps/2022a/EL8-ice/software/libxml2/2.9.13-GCCcore-11.3.0/lib/../lib64] ==> [/rds/bear-apps/2022a/EL8-ice/software/libxml2/2.9.13-GCCcore-11.3.0/lib64]
  collapse library dir [/rds/bear-apps/2022a/EL8-ice/software/gettext/0.21-GCCcore-11.3.0/lib/../lib64] ==> [/rds/bear-apps/2022a/EL8-ice/software/gettext/0.21-GCCcore-11.3.0/lib64]
  collapse library dir [/rds/bear-apps/2022a/EL8-ice/software/ncurses/6.3-GCCcore-11.3.0/lib/../lib64] ==> [/rds/bear-apps/2022a/EL8-ice/software/ncurses/6.3-GCCcore-11.3.0/lib64]
  collapse library dir [/rds/bear-apps/2022a/EL8-ice/software/XZ/5.2.5-GCCcore-11.3.0/lib/../lib64] ==> [/rds/bear-apps/2022a/EL8-ice/software/XZ/5.2.5-GCCcore-11.3.0/lib64]
  collapse library dir [/rds/bear-apps/2022a/EL8-ice/software/libffi/3.4.2-GCCcore-11.3.0/lib64/../lib64] ==> [/rds/bear-apps/2022a/EL8-ice/software/libffi/3.4.2-GCCcore-11.3.0/lib64]
  collapse library dir [/rds/bear-apps/2022a/EL8-ice/software/libffi/3.4.2-GCCcore-11.3.0/lib/../lib64] ==> [/rds/bear-apps/2022a/EL8-ice/software/libffi/3.4.2-GCCcore-11.3.0/lib64]
  collapse library dir [/rds/bear-apps/2022a/EL8-ice/software/double-conversion/3.2.0-GCCcore-11.3.0/lib/../lib64] ==> [/rds/bear-apps/2022a/EL8-ice/software/double-conversion/3.2.0-GCCcore-11.3.0/lib64]
  collapse library dir [/rds/bear-apps/2022a/EL8-ice/software/Xerces-C++/3.2.4-GCCcore-11.3.0/lib/../lib64] ==> [/rds/bear-apps/2022a/EL8-ice/software/Xerces-C++/3.2.4-GCCcore-11.3.0/lib64]
  collapse library dir [/rds/bear-apps/2022a/EL8-ice/software/cURL/7.83.0-GCCcore-11.3.0/lib/../lib64] ==> [/rds/bear-apps/2022a/EL8-ice/software/cURL/7.83.0-GCCcore-11.3.0/lib64]
  collapse library dir [/rds/bear-apps/2022a/EL8-ice/software/OpenSSL/1.1/lib/../lib64] ==> [/rds/bear-apps/2022a/EL8-ice/software/OpenSSL/1.1/lib64]
  collapse library dir [/rds/bear-apps/2022a/EL8-ice/software/CLHEP/2.4.6.2-GCC-11.3.0/lib/../lib64] ==> [/rds/bear-apps/2022a/EL8-ice/software/CLHEP/2.4.6.2-GCC-11.3.0/lib64]
  collapse library dir [/rds/bear-apps/2022a/EL8-ice/software/expat/2.4.8-GCCcore-11.3.0/lib/../lib64] ==> [/rds/bear-apps/2022a/EL8-ice/software/expat/2.4.8-GCCcore-11.3.0/lib64]
  collapse library dir [/rds/bear-apps/2022a/EL8-ice/software/binutils/2.38-GCCcore-11.3.0/lib/../lib64] ==> [/rds/bear-apps/2022a/EL8-ice/software/binutils/2.38-GCCcore-11.3.0/lib64]
  collapse library dir [/rds/bear-apps/2022a/EL8-ice/software/zlib/1.2.12-GCCcore-11.3.0/lib/../lib64] ==> [/rds/bear-apps/2022a/EL8-ice/software/zlib/1.2.12-GCCcore-11.3.0/lib64]
  collapse library dir [/rds/bear-apps/2022a/EL8-ice/software/GCCcore/11.3.0/lib/gcc/x86_64-pc-linux-gnu/11.3.0] ==> [/rds/bear-apps/2022a/EL8-ice/software/GCCcore/11.3.0/lib/gcc/x86_64-pc-linux-gnu/11.3.0]
  collapse library dir [/rds/bear-apps/2022a/EL8-ice/software/GCCcore/11.3.0/lib/gcc/x86_64-pc-linux-gnu/11.3.0/../../../../lib64] ==> [/rds/bear-apps/2022a/EL8-ice/software/GCCcore/11.3.0/lib64]
  collapse library dir [/lib/../lib64] ==> [/lib64]
  collapse library dir [/usr/lib/../lib64] ==> [/usr/lib64]
  collapse library dir [/rds/bear-apps/2022a/EL8-ice/software/libarchive/3.6.1-GCCcore-11.3.0/lib] ==> [/rds/bear-apps/2022a/EL8-ice/software/libarchive/3.6.1-GCCcore-11.3.0/lib]
  collapse library dir [/rds/bear-apps/2022a/EL8-ice/software/Geant4/11.1.2-GCC-11.3.0/lib] ==> [/rds/bear-apps/2022a/EL8-ice/software/Geant4/11.1.2-GCC-11.3.0/lib]
  collapse library dir [/rds/bear-apps/2022a/EL8-ice/software/Qt5/5.15.5-GCCcore-11.3.0/lib] ==> [/rds/bear-apps/2022a/EL8-ice/software/Qt5/5.15.5-GCCcore-11.3.0/lib]
  collapse library dir [/rds/bear-apps/2022a/EL8-ice/software/nodejs/16.15.1-GCCcore-11.3.0/lib] ==> [/rds/bear-apps/2022a/EL8-ice/software/nodejs/16.15.1-GCCcore-11.3.0/lib]
  collapse library dir [/rds/bear-apps/2022a/EL8-ice/software/ICU/71.1-GCCcore-11.3.0/lib] ==> [/rds/bear-apps/2022a/EL8-ice/software/ICU/71.1-GCCcore-11.3.0/lib]
  collapse library dir [/rds/bear-apps/2022a/EL8-ice/software/bzip2/1.0.8-GCCcore-11.3.0/lib] ==> [/rds/bear-apps/2022a/EL8-ice/software/bzip2/1.0.8-GCCcore-11.3.0/lib]
  collapse library dir [/rds/bear-apps/2022a/EL8-ice/software/JasPer/2.0.33-GCCcore-11.3.0/lib] ==> [/rds/bear-apps/2022a/EL8-ice/software/JasPer/2.0.33-GCCcore-11.3.0/lib]
  collapse library dir [/rds/bear-apps/2022a/EL8-ice/software/snappy/1.1.9-GCCcore-11.3.0/lib] ==> [/rds/bear-apps/2022a/EL8-ice/software/snappy/1.1.9-GCCcore-11.3.0/lib]
  collapse library dir [/rds/bear-apps/2022a/EL8-ice/software/NSS/3.79-GCCcore-11.3.0/lib] ==> [/rds/bear-apps/2022a/EL8-ice/software/NSS/3.79-GCCcore-11.3.0/lib]
  collapse library dir [/rds/bear-apps/2022a/EL8-ice/software/NSPR/4.34-GCCcore-11.3.0/lib] ==> [/rds/bear-apps/2022a/EL8-ice/software/NSPR/4.34-GCCcore-11.3.0/lib]
  collapse library dir [/rds/bear-apps/2022a/EL8-ice/software/libjpeg-turbo/2.1.3-GCCcore-11.3.0/lib] ==> [/rds/bear-apps/2022a/EL8-ice/software/libjpeg-turbo/2.1.3-GCCcore-11.3.0/lib]
  collapse library dir [/rds/bear-apps/2022a/EL8-ice/software/libGLU/9.0.2-GCCcore-11.3.0/lib] ==> [/rds/bear-apps/2022a/EL8-ice/software/libGLU/9.0.2-GCCcore-11.3.0/lib]
  collapse library dir [/rds/bear-apps/2022a/EL8-ice/software/Mesa/22.0.3-GCCcore-11.3.0/lib] ==> [/rds/bear-apps/2022a/EL8-ice/software/Mesa/22.0.3-GCCcore-11.3.0/lib]
  collapse library dir [/rds/bear-apps/2022a/EL8-ice/software/LLVM/12.0.1-GCCcore-11.3.0/lib] ==> [/rds/bear-apps/2022a/EL8-ice/software/LLVM/12.0.1-GCCcore-11.3.0/lib]
  collapse library dir [/rds/bear-apps/2022a/EL8-ice/software/libunwind/1.6.2-GCCcore-11.3.0/lib] ==> [/rds/bear-apps/2022a/EL8-ice/software/libunwind/1.6.2-GCCcore-11.3.0/lib]
  collapse library dir [/rds/bear-apps/2022a/EL8-ice/software/libglvnd/1.4.0-GCCcore-11.3.0/lib] ==> [/rds/bear-apps/2022a/EL8-ice/software/libglvnd/1.4.0-GCCcore-11.3.0/lib]
  collapse library dir [/rds/bear-apps/2022a/EL8-ice/software/libdrm/2.4.110-GCCcore-11.3.0/lib] ==> [/rds/bear-apps/2022a/EL8-ice/software/libdrm/2.4.110-GCCcore-11.3.0/lib]
  collapse library dir [/rds/bear-apps/2022a/EL8-ice/software/zstd/1.5.2-GCCcore-11.3.0/lib] ==> [/rds/bear-apps/2022a/EL8-ice/software/zstd/1.5.2-GCCcore-11.3.0/lib]
  collapse library dir [/rds/bear-apps/2022a/EL8-ice/software/lz4/1.9.3-GCCcore-11.3.0/lib] ==> [/rds/bear-apps/2022a/EL8-ice/software/lz4/1.9.3-GCCcore-11.3.0/lib]
  collapse library dir [/rds/bear-apps/2022a/EL8-ice/software/libevent/2.1.12-GCCcore-11.3.0/lib] ==> [/rds/bear-apps/2022a/EL8-ice/software/libevent/2.1.12-GCCcore-11.3.0/lib]
  collapse library dir [/rds/bear-apps/2022a/EL8-ice/software/DBus/1.14.0-GCCcore-11.3.0/lib] ==> [/rds/bear-apps/2022a/EL8-ice/software/DBus/1.14.0-GCCcore-11.3.0/lib]
  collapse library dir [/rds/bear-apps/2022a/EL8-ice/software/fontconfig/2.14.0-GCCcore-11.3.0/lib] ==> [/rds/bear-apps/2022a/EL8-ice/software/fontconfig/2.14.0-GCCcore-11.3.0/lib]
  collapse library dir [/rds/bear-apps/2022a/EL8-ice/software/X11/20220504-GCCcore-11.3.0/lib] ==> [/rds/bear-apps/2022a/EL8-ice/software/X11/20220504-GCCcore-11.3.0/lib]
  collapse library dir [/rds/bear-apps/2022a/EL8-ice/software/graphite2/1.3.14-GCCcore-11.3.0/lib] ==> [/rds/bear-apps/2022a/EL8-ice/software/graphite2/1.3.14-GCCcore-11.3.0/lib]
  collapse library dir [/rds/bear-apps/2022a/EL8-ice/software/HarfBuzz/4.2.1-GCCcore-11.3.0/lib] ==> [/rds/bear-apps/2022a/EL8-ice/software/HarfBuzz/4.2.1-GCCcore-11.3.0/lib]
  collapse library dir [/rds/bear-apps/2022a/EL8-ice/software/freetype/2.12.1-GCCcore-11.3.0/lib] ==> [/rds/bear-apps/2022a/EL8-ice/software/freetype/2.12.1-GCCcore-11.3.0/lib]
  collapse library dir [/rds/bear-apps/2022a/EL8-ice/software/cairo/1.17.4-GCCcore-11.3.0/lib] ==> [/rds/bear-apps/2022a/EL8-ice/software/cairo/1.17.4-GCCcore-11.3.0/lib]
  collapse library dir [/rds/bear-apps/2022a/EL8-ice/software/libpciaccess/0.16-GCCcore-11.3.0/lib] ==> [/rds/bear-apps/2022a/EL8-ice/software/libpciaccess/0.16-GCCcore-11.3.0/lib]
  collapse library dir [/rds/bear-apps/2022a/EL8-ice/software/pixman/0.40.0-GCCcore-11.3.0/lib] ==> [/rds/bear-apps/2022a/EL8-ice/software/pixman/0.40.0-GCCcore-11.3.0/lib]
  collapse library dir [/rds/bear-apps/2022a/EL8-ice/software/Brotli/1.0.9-GCCcore-11.3.0/lib] ==> [/rds/bear-apps/2022a/EL8-ice/software/Brotli/1.0.9-GCCcore-11.3.0/lib]
  collapse library dir [/rds/bear-apps/2022a/EL8-ice/software/libpng/1.6.37-GCCcore-11.3.0/lib] ==> [/rds/bear-apps/2022a/EL8-ice/software/libpng/1.6.37-GCCcore-11.3.0/lib]
  collapse library dir [/rds/bear-apps/2022a/EL8-ice/software/PCRE2/10.40-GCCcore-11.3.0/lib] ==> [/rds/bear-apps/2022a/EL8-ice/software/PCRE2/10.40-GCCcore-11.3.0/lib]
  collapse library dir [/rds/bear-apps/2022a/EL8-ice/software/GLib/2.72.1-GCCcore-11.3.0/lib] ==> [/rds/bear-apps/2022a/EL8-ice/software/GLib/2.72.1-GCCcore-11.3.0/lib]
  collapse library dir [/rds/bear-apps/2022a/EL8-ice/software/util-linux/2.38-GCCcore-11.3.0/lib] ==> [/rds/bear-apps/2022a/EL8-ice/software/util-linux/2.38-GCCcore-11.3.0/lib]
  collapse library dir [/rds/bear-apps/2022a/EL8-ice/software/PCRE/8.45-GCCcore-11.3.0/lib] ==> [/rds/bear-apps/2022a/EL8-ice/software/PCRE/8.45-GCCcore-11.3.0/lib]
  collapse library dir [/rds/bear-apps/2022a/EL8-ice/software/libxml2/2.9.13-GCCcore-11.3.0/lib] ==> [/rds/bear-apps/2022a/EL8-ice/software/libxml2/2.9.13-GCCcore-11.3.0/lib]
  collapse library dir [/rds/bear-apps/2022a/EL8-ice/software/gettext/0.21-GCCcore-11.3.0/lib] ==> [/rds/bear-apps/2022a/EL8-ice/software/gettext/0.21-GCCcore-11.3.0/lib]
  collapse library dir [/rds/bear-apps/2022a/EL8-ice/software/ncurses/6.3-GCCcore-11.3.0/lib] ==> [/rds/bear-apps/2022a/EL8-ice/software/ncurses/6.3-GCCcore-11.3.0/lib]
  collapse library dir [/rds/bear-apps/2022a/EL8-ice/software/XZ/5.2.5-GCCcore-11.3.0/lib] ==> [/rds/bear-apps/2022a/EL8-ice/software/XZ/5.2.5-GCCcore-11.3.0/lib]
  collapse library dir [/rds/bear-apps/2022a/EL8-ice/software/libffi/3.4.2-GCCcore-11.3.0/lib64] ==> [/rds/bear-apps/2022a/EL8-ice/software/libffi/3.4.2-GCCcore-11.3.0/lib64]
  collapse library dir [/rds/bear-apps/2022a/EL8-ice/software/libffi/3.4.2-GCCcore-11.3.0/lib] ==> [/rds/bear-apps/2022a/EL8-ice/software/libffi/3.4.2-GCCcore-11.3.0/lib]
  collapse library dir [/rds/bear-apps/2022a/EL8-ice/software/double-conversion/3.2.0-GCCcore-11.3.0/lib] ==> [/rds/bear-apps/2022a/EL8-ice/software/double-conversion/3.2.0-GCCcore-11.3.0/lib]
  collapse library dir [/rds/bear-apps/2022a/EL8-ice/software/Xerces-C++/3.2.4-GCCcore-11.3.0/lib] ==> [/rds/bear-apps/2022a/EL8-ice/software/Xerces-C++/3.2.4-GCCcore-11.3.0/lib]
  collapse library dir [/rds/bear-apps/2022a/EL8-ice/software/cURL/7.83.0-GCCcore-11.3.0/lib] ==> [/rds/bear-apps/2022a/EL8-ice/software/cURL/7.83.0-GCCcore-11.3.0/lib]
  collapse library dir [/rds/bear-apps/2022a/EL8-ice/software/OpenSSL/1.1/lib] ==> [/rds/bear-apps/2022a/EL8-ice/software/OpenSSL/1.1/lib]
  collapse library dir [/rds/bear-apps/2022a/EL8-ice/software/CLHEP/2.4.6.2-GCC-11.3.0/lib] ==> [/rds/bear-apps/2022a/EL8-ice/software/CLHEP/2.4.6.2-GCC-11.3.0/lib]
  collapse library dir [/rds/bear-apps/2022a/EL8-ice/software/expat/2.4.8-GCCcore-11.3.0/lib] ==> [/rds/bear-apps/2022a/EL8-ice/software/expat/2.4.8-GCCcore-11.3.0/lib]
  collapse library dir [/rds/bear-apps/2022a/EL8-ice/software/binutils/2.38-GCCcore-11.3.0/lib] ==> [/rds/bear-apps/2022a/EL8-ice/software/binutils/2.38-GCCcore-11.3.0/lib]
  collapse library dir [/rds/bear-apps/2022a/EL8-ice/software/zlib/1.2.12-GCCcore-11.3.0/lib] ==> [/rds/bear-apps/2022a/EL8-ice/software/zlib/1.2.12-GCCcore-11.3.0/lib]
  collapse library dir [/rds/bear-apps/2022a/EL8-ice/software/GCCcore/11.3.0/lib/gcc/x86_64-pc-linux-gnu/11.3.0/../../..] ==> [/rds/bear-apps/2022a/EL8-ice/software/GCCcore/11.3.0/lib]
  implicit libs: [stdc++;m;gcc_s;gcc;c;gcc_s;gcc]
  implicit objs: [/lib64/crt1.o;/lib64/crti.o;/rds/bear-apps/2022a/EL8-ice/software/GCCcore/11.3.0/lib/gcc/x86_64-pc-linux-gnu/11.3.0/crtbegin.o;/rds/bear-apps/2022a/EL8-ice/software/GCCcore/11.3.0/lib/gcc/x86_64-pc-linux-gnu/11.3.0/crtend.o;/lib64/crtn.o]
  implicit dirs: [/rds/bear-apps/2022a/EL8-ice/software/libarchive/3.6.1-GCCcore-11.3.0/lib64;/rds/bear-apps/2022a/EL8-ice/software/Geant4/11.1.2-GCC-11.3.0/lib64;/rds/bear-apps/2022a/EL8-ice/software/Qt5/5.15.5-GCCcore-11.3.0/lib64;/rds/bear-apps/2022a/EL8-ice/software/nodejs/16.15.1-GCCcore-11.3.0/lib64;/rds/bear-apps/2022a/EL8-ice/software/ICU/71.1-GCCcore-11.3.0/lib64;/rds/bear-apps/2022a/EL8-ice/software/bzip2/1.0.8-GCCcore-11.3.0/lib64;/rds/bear-apps/2022a/EL8-ice/software/JasPer/2.0.33-GCCcore-11.3.0/lib64;/rds/bear-apps/2022a/EL8-ice/software/snappy/1.1.9-GCCcore-11.3.0/lib64;/rds/bear-apps/2022a/EL8-ice/software/NSS/3.79-GCCcore-11.3.0/lib64;/rds/bear-apps/2022a/EL8-ice/software/NSPR/4.34-GCCcore-11.3.0/lib64;/rds/bear-apps/2022a/EL8-ice/software/libjpeg-turbo/2.1.3-GCCcore-11.3.0/lib64;/rds/bear-apps/2022a/EL8-ice/software/libGLU/9.0.2-GCCcore-11.3.0/lib64;/rds/bear-apps/2022a/EL8-ice/software/Mesa/22.0.3-GCCcore-11.3.0/lib64;/rds/bear-apps/2022a/EL8-ice/software/LLVM/12.0.1-GCCcore-11.3.0/lib64;/rds/bear-apps/2022a/EL8-ice/software/libunwind/1.6.2-GCCcore-11.3.0/lib64;/rds/bear-apps/2022a/EL8-ice/software/libglvnd/1.4.0-GCCcore-11.3.0/lib64;/rds/bear-apps/2022a/EL8-ice/software/libdrm/2.4.110-GCCcore-11.3.0/lib64;/rds/bear-apps/2022a/EL8-ice/software/zstd/1.5.2-GCCcore-11.3.0/lib64;/rds/bear-apps/2022a/EL8-ice/software/lz4/1.9.3-GCCcore-11.3.0/lib64;/rds/bear-apps/2022a/EL8-ice/software/libevent/2.1.12-GCCcore-11.3.0/lib64;/rds/bear-apps/2022a/EL8-ice/software/DBus/1.14.0-GCCcore-11.3.0/lib64;/rds/bear-apps/2022a/EL8-ice/software/fontconfig/2.14.0-GCCcore-11.3.0/lib64;/rds/bear-apps/2022a/EL8-ice/software/X11/20220504-GCCcore-11.3.0/lib64;/rds/bear-apps/2022a/EL8-ice/software/graphite2/1.3.14-GCCcore-11.3.0/lib64;/rds/bear-apps/2022a/EL8-ice/software/HarfBuzz/4.2.1-GCCcore-11.3.0/lib64;/rds/bear-apps/2022a/EL8-ice/software/freetype/2.12.1-GCCcore-11.3.0/lib64;/rds/bear-apps/2022a/EL8-ice/software/cairo/1.17.4-GCCcore-11.3.0/lib64;/rds/bear-apps/2022a/EL8-ice/software/libpciaccess/0.16-GCCcore-11.3.0/lib64;/rds/bear-apps/2022a/EL8-ice/software/pixman/0.40.0-GCCcore-11.3.0/lib64;/rds/bear-apps/2022a/EL8-ice/software/Brotli/1.0.9-GCCcore-11.3.0/lib64;/rds/bear-apps/2022a/EL8-ice/software/libpng/1.6.37-GCCcore-11.3.0/lib64;/rds/bear-apps/2022a/EL8-ice/software/PCRE2/10.40-GCCcore-11.3.0/lib64;/rds/bear-apps/2022a/EL8-ice/software/GLib/2.72.1-GCCcore-11.3.0/lib64;/rds/bear-apps/2022a/EL8-ice/software/util-linux/2.38-GCCcore-11.3.0/lib64;/rds/bear-apps/2022a/EL8-ice/software/PCRE/8.45-GCCcore-11.3.0/lib64;/rds/bear-apps/2022a/EL8-ice/software/libxml2/2.9.13-GCCcore-11.3.0/lib64;/rds/bear-apps/2022a/EL8-ice/software/gettext/0.21-GCCcore-11.3.0/lib64;/rds/bear-apps/2022a/EL8-ice/software/ncurses/6.3-GCCcore-11.3.0/lib64;/rds/bear-apps/2022a/EL8-ice/software/XZ/5.2.5-GCCcore-11.3.0/lib64;/rds/bear-apps/2022a/EL8-ice/software/libffi/3.4.2-GCCcore-11.3.0/lib64;/rds/bear-apps/2022a/EL8-ice/software/double-conversion/3.2.0-GCCcore-11.3.0/lib64;/rds/bear-apps/2022a/EL8-ice/software/Xerces-C++/3.2.4-GCCcore-11.3.0/lib64;/rds/bear-apps/2022a/EL8-ice/software/cURL/7.83.0-GCCcore-11.3.0/lib64;/rds/bear-apps/2022a/EL8-ice/software/OpenSSL/1.1/lib64;/rds/bear-apps/2022a/EL8-ice/software/CLHEP/2.4.6.2-GCC-11.3.0/lib64;/rds/bear-apps/2022a/EL8-ice/software/expat/2.4.8-GCCcore-11.3.0/lib64;/rds/bear-apps/2022a/EL8-ice/software/binutils/2.38-GCCcore-11.3.0/lib64;/rds/bear-apps/2022a/EL8-ice/software/zlib/1.2.12-GCCcore-11.3.0/lib64;/rds/bear-apps/2022a/EL8-ice/software/GCCcore/11.3.0/lib/gcc/x86_64-pc-linux-gnu/11.3.0;/rds/bear-apps/2022a/EL8-ice/software/GCCcore/11.3.0/lib64;/lib64;/usr/lib64;/rds/bear-apps/2022a/EL8-ice/software/libarchive/3.6.1-GCCcore-11.3.0/lib;/rds/bear-apps/2022a/EL8-ice/software/Geant4/11.1.2-GCC-11.3.0/lib;/rds/bear-apps/2022a/EL8-ice/software/Qt5/5.15.5-GCCcore-11.3.0/lib;/rds/bear-apps/2022a/EL8-ice/software/nodejs/16.15.1-GCCcore-11.3.0/lib;/rds/bear-apps/2022a/EL8-ice/software/ICU/71.1-GCCcore-11.3.0/lib;/rds/bear-apps/2022a/EL8-ice/software/bzip2/1.0.8-GCCcore-11.3.0/lib;/rds/bear-apps/2022a/EL8-ice/software/JasPer/2.0.33-GCCcore-11.3.0/lib;/rds/bear-apps/2022a/EL8-ice/software/snappy/1.1.9-GCCcore-11.3.0/lib;/rds/bear-apps/2022a/EL8-ice/software/NSS/3.79-GCCcore-11.3.0/lib;/rds/bear-apps/2022a/EL8-ice/software/NSPR/4.34-GCCcore-11.3.0/lib;/rds/bear-apps/2022a/EL8-ice/software/libjpeg-turbo/2.1.3-GCCcore-11.3.0/lib;/rds/bear-apps/2022a/EL8-ice/software/libGLU/9.0.2-GCCcore-11.3.0/lib;/rds/bear-apps/2022a/EL8-ice/software/Mesa/22.0.3-GCCcore-11.3.0/lib;/rds/bear-apps/2022a/EL8-ice/software/LLVM/12.0.1-GCCcore-11.3.0/lib;/rds/bear-apps/2022a/EL8-ice/software/libunwind/1.6.2-GCCcore-11.3.0/lib;/rds/bear-apps/2022a/EL8-ice/software/libglvnd/1.4.0-GCCcore-11.3.0/lib;/rds/bear-apps/2022a/EL8-ice/software/libdrm/2.4.110-GCCcore-11.3.0/lib;/rds/bear-apps/2022a/EL8-ice/software/zstd/1.5.2-GCCcore-11.3.0/lib;/rds/bear-apps/2022a/EL8-ice/software/lz4/1.9.3-GCCcore-11.3.0/lib;/rds/bear-apps/2022a/EL8-ice/software/libevent/2.1.12-GCCcore-11.3.0/lib;/rds/bear-apps/2022a/EL8-ice/software/DBus/1.14.0-GCCcore-11.3.0/lib;/rds/bear-apps/2022a/EL8-ice/software/fontconfig/2.14.0-GCCcore-11.3.0/lib;/rds/bear-apps/2022a/EL8-ice/software/X11/20220504-GCCcore-11.3.0/lib;/rds/bear-apps/2022a/EL8-ice/software/graphite2/1.3.14-GCCcore-11.3.0/lib;/rds/bear-apps/2022a/EL8-ice/software/HarfBuzz/4.2.1-GCCcore-11.3.0/lib;/rds/bear-apps/2022a/EL8-ice/software/freetype/2.12.1-GCCcore-11.3.0/lib;/rds/bear-apps/2022a/EL8-ice/software/cairo/1.17.4-GCCcore-11.3.0/lib;/rds/bear-apps/2022a/EL8-ice/software/libpciaccess/0.16-GCCcore-11.3.0/lib;/rds/bear-apps/2022a/EL8-ice/software/pixman/0.40.0-GCCcore-11.3.0/lib;/rds/bear-apps/2022a/EL8-ice/software/Brotli/1.0.9-GCCcore-11.3.0/lib;/rds/bear-apps/2022a/EL8-ice/software/libpng/1.6.37-GCCcore-11.3.0/lib;/rds/bear-apps/2022a/EL8-ice/software/PCRE2/10.40-GCCcore-11.3.0/lib;/rds/bear-apps/2022a/EL8-ice/software/GLib/2.72.1-GCCcore-11.3.0/lib;/rds/bear-apps/2022a/EL8-ice/software/util-linux/2.38-GCCcore-11.3.0/lib;/rds/bear-apps/2022a/EL8-ice/software/PCRE/8.45-GCCcore-11.3.0/lib;/rds/bear-apps/2022a/EL8-ice/software/libxml2/2.9.13-GCCcore-11.3.0/lib;/rds/bear-apps/2022a/EL8-ice/software/gettext/0.21-GCCcore-11.3.0/lib;/rds/bear-apps/2022a/EL8-ice/software/ncurses/6.3-GCCcore-11.3.0/lib;/rds/bear-apps/2022a/EL8-ice/software/XZ/5.2.5-GCCcore-11.3.0/lib;/rds/bear-apps/2022a/EL8-ice/software/libffi/3.4.2-GCCcore-11.3.0/lib;/rds/bear-apps/2022a/EL8-ice/software/double-conversion/3.2.0-GCCcore-11.3.0/lib;/rds/bear-apps/2022a/EL8-ice/software/Xerces-C++/3.2.4-GCCcore-11.3.0/lib;/rds/bear-apps/2022a/EL8-ice/software/cURL/7.83.0-GCCcore-11.3.0/lib;/rds/bear-apps/2022a/EL8-ice/software/OpenSSL/1.1/lib;/rds/bear-apps/2022a/EL8-ice/software/CLHEP/2.4.6.2-GCC-11.3.0/lib;/rds/bear-apps/2022a/EL8-ice/software/expat/2.4.8-GCCcore-11.3.0/lib;/rds/bear-apps/2022a/EL8-ice/software/binutils/2.38-GCCcore-11.3.0/lib;/rds/bear-apps/2022a/EL8-ice/software/zlib/1.2.12-GCCcore-11.3.0/lib;/rds/bear-apps/2022a/EL8-ice/software/GCCcore/11.3.0/lib]
  implicit fwks: []


Determining if the function XOpenDisplay exists in the /rds/bear-apps/2022a/EL8-ice/software/X11/20220504-GCCcore-11.3.0/lib/libX11.so;/rds/bear-apps/2022a/EL8-ice/software/X11/20220504-GCCcore-11.3.0/lib/libXext.so passed with the following output:
Change Dir: /rds/projects/b/bishopjw-dli-neutron/John/Geant/AmBe/build/CMakeFiles/CMakeTmp

Run Build Command(s):/usr/bin/gmake -f Makefile cmTC_45562/fast && /usr/bin/gmake  -f CMakeFiles/cmTC_45562.dir/build.make CMakeFiles/cmTC_45562.dir/build
gmake[1]: Entering directory '/rds/projects/b/bishopjw-dli-neutron/John/Geant/AmBe/build/CMakeFiles/CMakeTmp'
Building C object CMakeFiles/cmTC_45562.dir/CheckFunctionExists.c.o
/rds/bear-apps/2022a/EL8-ice/software/GCCcore/11.3.0/bin/cc   -DCHECK_FUNCTION_EXISTS=XOpenDisplay -o CMakeFiles/cmTC_45562.dir/CheckFunctionExists.c.o -c /rds/bear-apps/2022a/EL8-ice/software/CMake/3.24.3-GCCcore-11.3.0/share/cmake-3.24/Modules/CheckFunctionExists.c
Linking C executable cmTC_45562
/rds/bear-apps/2022a/EL8-ice/software/CMake/3.24.3-GCCcore-11.3.0/bin/cmake -E cmake_link_script CMakeFiles/cmTC_45562.dir/link.txt --verbose=1
/rds/bear-apps/2022a/EL8-ice/software/GCCcore/11.3.0/bin/cc  -DCHECK_FUNCTION_EXISTS=XOpenDisplay CMakeFiles/cmTC_45562.dir/CheckFunctionExists.c.o -o cmTC_45562  /rds/bear-apps/2022a/EL8-ice/software/X11/20220504-GCCcore-11.3.0/lib/libX11.so /rds/bear-apps/2022a/EL8-ice/software/X11/20220504-GCCcore-11.3.0/lib/libXext.so 
gmake[1]: Leaving directory '/rds/projects/b/bishopjw-dli-neutron/John/Geant/AmBe/build/CMakeFiles/CMakeTmp'



Determining if the function gethostbyname exists passed with the following output:
Change Dir: /rds/projects/b/bishopjw-dli-neutron/John/Geant/AmBe/build/CMakeFiles/CMakeTmp

Run Build Command(s):/usr/bin/gmake -f Makefile cmTC_bb38c/fast && /usr/bin/gmake  -f CMakeFiles/cmTC_bb38c.dir/build.make CMakeFiles/cmTC_bb38c.dir/build
gmake[1]: Entering directory '/rds/projects/b/bishopjw-dli-neutron/John/Geant/AmBe/build/CMakeFiles/CMakeTmp'
Building C object CMakeFiles/cmTC_bb38c.dir/CheckFunctionExists.c.o
/rds/bear-apps/2022a/EL8-ice/software/GCCcore/11.3.0/bin/cc   -DCHECK_FUNCTION_EXISTS=gethostbyname -o CMakeFiles/cmTC_bb38c.dir/CheckFunctionExists.c.o -c /rds/bear-apps/2022a/EL8-ice/software/CMake/3.24.3-GCCcore-11.3.0/share/cmake-3.24/Modules/CheckFunctionExists.c
Linking C executable cmTC_bb38c
/rds/bear-apps/2022a/EL8-ice/software/CMake/3.24.3-GCCcore-11.3.0/bin/cmake -E cmake_link_script CMakeFiles/cmTC_bb38c.dir/link.txt --verbose=1
/rds/bear-apps/2022a/EL8-ice/software/GCCcore/11.3.0/bin/cc  -DCHECK_FUNCTION_EXISTS=gethostbyname CMakeFiles/cmTC_bb38c.dir/CheckFunctionExists.c.o -o cmTC_bb38c 
gmake[1]: Leaving directory '/rds/projects/b/bishopjw-dli-neutron/John/Geant/AmBe/build/CMakeFiles/CMakeTmp'



Determining if the function connect exists passed with the following output:
Change Dir: /rds/projects/b/bishopjw-dli-neutron/John/Geant/AmBe/build/CMakeFiles/CMakeTmp

Run Build Command(s):/usr/bin/gmake -f Makefile cmTC_0a04e/fast && /usr/bin/gmake  -f CMakeFiles/cmTC_0a04e.dir/build.make CMakeFiles/cmTC_0a04e.dir/build
gmake[1]: Entering directory '/rds/projects/b/bishopjw-dli-neutron/John/Geant/AmBe/build/CMakeFiles/CMakeTmp'
Building C object CMakeFiles/cmTC_0a04e.dir/CheckFunctionExists.c.o
/rds/bear-apps/2022a/EL8-ice/software/GCCcore/11.3.0/bin/cc   -DCHECK_FUNCTION_EXISTS=connect -o CMakeFiles/cmTC_0a04e.dir/CheckFunctionExists.c.o -c /rds/bear-apps/2022a/EL8-ice/software/CMake/3.24.3-GCCcore-11.3.0/share/cmake-3.24/Modules/CheckFunctionExists.c
Linking C executable cmTC_0a04e
/rds/bear-apps/2022a/EL8-ice/software/CMake/3.24.3-GCCcore-11.3.0/bin/cmake -E cmake_link_script CMakeFiles/cmTC_0a04e.dir/link.txt --verbose=1
/rds/bear-apps/2022a/EL8-ice/software/GCCcore/11.3.0/bin/cc  -DCHECK_FUNCTION_EXISTS=connect CMakeFiles/cmTC_0a04e.dir/CheckFunctionExists.c.o -o cmTC_0a04e 
gmake[1]: Leaving directory '/rds/projects/b/bishopjw-dli-neutron/John/Geant/AmBe/build/CMakeFiles/CMakeTmp'



Determining if the function remove exists passed with the following output:
Change Dir: /rds/projects/b/bishopjw-dli-neutron/John/Geant/AmBe/build/CMakeFiles/CMakeTmp

Run Build Command(s):/usr/bin/gmake -f Makefile cmTC_a4947/fast && /usr/bin/gmake  -f CMakeFiles/cmTC_a4947.dir/build.make CMakeFiles/cmTC_a4947.dir/build
gmake[1]: Entering directory '/rds/projects/b/bishopjw-dli-neutron/John/Geant/AmBe/build/CMakeFiles/CMakeTmp'
Building C object CMakeFiles/cmTC_a4947.dir/CheckFunctionExists.c.o
/rds/bear-apps/2022a/EL8-ice/software/GCCcore/11.3.0/bin/cc   -DCHECK_FUNCTION_EXISTS=remove -o CMakeFiles/cmTC_a4947.dir/CheckFunctionExists.c.o -c /rds/bear-apps/2022a/EL8-ice/software/CMake/3.24.3-GCCcore-11.3.0/share/cmake-3.24/Modules/CheckFunctionExists.c
Linking C executable cmTC_a4947
/rds/bear-apps/2022a/EL8-ice/software/CMake/3.24.3-GCCcore-11.3.0/bin/cmake -E cmake_link_script CMakeFiles/cmTC_a4947.dir/link.txt --verbose=1
/rds/bear-apps/2022a/EL8-ice/software/GCCcore/11.3.0/bin/cc  -DCHECK_FUNCTION_EXISTS=remove CMakeFiles/cmTC_a4947.dir/CheckFunctionExists.c.o -o cmTC_a4947 
gmake[1]: Leaving directory '/rds/projects/b/bishopjw-dli-neutron/John/Geant/AmBe/build/CMakeFiles/CMakeTmp'



Determining if the function shmat exists passed with the following output:
Change Dir: /rds/projects/b/bishopjw-dli-neutron/John/Geant/AmBe/build/CMakeFiles/CMakeTmp

Run Build Command(s):/usr/bin/gmake -f Makefile cmTC_fba2a/fast && /usr/bin/gmake  -f CMakeFiles/cmTC_fba2a.dir/build.make CMakeFiles/cmTC_fba2a.dir/build
gmake[1]: Entering directory '/rds/projects/b/bishopjw-dli-neutron/John/Geant/AmBe/build/CMakeFiles/CMakeTmp'
Building C object CMakeFiles/cmTC_fba2a.dir/CheckFunctionExists.c.o
/rds/bear-apps/2022a/EL8-ice/software/GCCcore/11.3.0/bin/cc   -DCHECK_FUNCTION_EXISTS=shmat -o CMakeFiles/cmTC_fba2a.dir/CheckFunctionExists.c.o -c /rds/bear-apps/2022a/EL8-ice/software/CMake/3.24.3-GCCcore-11.3.0/share/cmake-3.24/Modules/CheckFunctionExists.c
Linking C executable cmTC_fba2a
/rds/bear-apps/2022a/EL8-ice/software/CMake/3.24.3-GCCcore-11.3.0/bin/cmake -E cmake_link_script CMakeFiles/cmTC_fba2a.dir/link.txt --verbose=1
/rds/bear-apps/2022a/EL8-ice/software/GCCcore/11.3.0/bin/cc  -DCHECK_FUNCTION_EXISTS=shmat CMakeFiles/cmTC_fba2a.dir/CheckFunctionExists.c.o -o cmTC_fba2a 
gmake[1]: Leaving directory '/rds/projects/b/bishopjw-dli-neutron/John/Geant/AmBe/build/CMakeFiles/CMakeTmp'



Determining if the function IceConnectionNumber exists in the ICE passed with the following output:
Change Dir: /rds/projects/b/bishopjw-dli-neutron/John/Geant/AmBe/build/CMakeFiles/CMakeTmp

Run Build Command(s):/usr/bin/gmake -f Makefile cmTC_d1cfe/fast && /usr/bin/gmake  -f CMakeFiles/cmTC_d1cfe.dir/build.make CMakeFiles/cmTC_d1cfe.dir/build
gmake[1]: Entering directory '/rds/projects/b/bishopjw-dli-neutron/John/Geant/AmBe/build/CMakeFiles/CMakeTmp'
Building C object CMakeFiles/cmTC_d1cfe.dir/CheckFunctionExists.c.o
/rds/bear-apps/2022a/EL8-ice/software/GCCcore/11.3.0/bin/cc   -DCHECK_FUNCTION_EXISTS=IceConnectionNumber -o CMakeFiles/cmTC_d1cfe.dir/CheckFunctionExists.c.o -c /rds/bear-apps/2022a/EL8-ice/software/CMake/3.24.3-GCCcore-11.3.0/share/cmake-3.24/Modules/CheckFunctionExists.c
Linking C executable cmTC_d1cfe
/rds/bear-apps/2022a/EL8-ice/software/CMake/3.24.3-GCCcore-11.3.0/bin/cmake -E cmake_link_script CMakeFiles/cmTC_d1cfe.dir/link.txt --verbose=1
/rds/bear-apps/2022a/EL8-ice/software/GCCcore/11.3.0/bin/cc  -DCHECK_FUNCTION_EXISTS=IceConnectionNumber CMakeFiles/cmTC_d1cfe.dir/CheckFunctionExists.c.o -o cmTC_d1cfe  -lICE 
gmake[1]: Leaving directory '/rds/projects/b/bishopjw-dli-neutron/John/Geant/AmBe/build/CMakeFiles/CMakeTmp'



